CREATE DATABASE  IF NOT EXISTS `mydb` /*!40100 DEFAULT CHARACTER SET latin1 */;
USE `mydb`;
-- MySQL dump 10.13  Distrib 5.7.12, for Win32 (AMD64)
--
-- Host: localhost    Database: mydb
-- ------------------------------------------------------
-- Server version	5.7.29-log

/*!40101 SET @OLD_CHARACTER_SET_CLIENT=@@CHARACTER_SET_CLIENT */;
/*!40101 SET @OLD_CHARACTER_SET_RESULTS=@@CHARACTER_SET_RESULTS */;
/*!40101 SET @OLD_COLLATION_CONNECTION=@@COLLATION_CONNECTION */;
/*!40101 SET NAMES utf8 */;
/*!40103 SET @OLD_TIME_ZONE=@@TIME_ZONE */;
/*!40103 SET TIME_ZONE='+00:00' */;
/*!40014 SET @OLD_UNIQUE_CHECKS=@@UNIQUE_CHECKS, UNIQUE_CHECKS=0 */;
/*!40014 SET @OLD_FOREIGN_KEY_CHECKS=@@FOREIGN_KEY_CHECKS, FOREIGN_KEY_CHECKS=0 */;
/*!40101 SET @OLD_SQL_MODE=@@SQL_MODE, SQL_MODE='NO_AUTO_VALUE_ON_ZERO' */;
/*!40111 SET @OLD_SQL_NOTES=@@SQL_NOTES, SQL_NOTES=0 */;

--
-- Table structure for table `city_ref`
--

DROP TABLE IF EXISTS `city_ref`;
/*!40101 SET @saved_cs_client     = @@character_set_client */;
/*!40101 SET character_set_client = utf8 */;
CREATE TABLE `city_ref` (
  `CITY_ID` int(11) NOT NULL,
  `CITY_NAME` varchar(40) DEFAULT NULL,
  PRIMARY KEY (`CITY_ID`)
) ENGINE=InnoDB DEFAULT CHARSET=utf8;
/*!40101 SET character_set_client = @saved_cs_client */;

--
-- Dumping data for table `city_ref`
--

LOCK TABLES `city_ref` WRITE;
/*!40000 ALTER TABLE `city_ref` DISABLE KEYS */;
INSERT INTO `city_ref` VALUES (1,'Ulan Hua'),(2,'Três Lagoas'),(3,'Anserma'),(4,'Sumberan'),(5,'Amphawa'),(6,'Yujia’ao'),(7,'Fatubia'),(8,'Al Quwaysimah'),(9,'Qarqania'),(10,'Lieyu'),(11,'Dadong'),(12,'Catamayo'),(13,'Medaya'),(14,'Mnelalete'),(15,'Bełżec'),(16,'Qianchuan'),(17,'Huanshan'),(18,'Wińsko'),(19,'Thành Phố Ninh Bình'),(20,'les Escaldes'),(21,'Pongola'),(22,'Hino'),(23,'Barurao'),(24,'Boca do Acre'),(25,'Luisiana'),(26,'Villa Paula de Sarmiento'),(27,'Margabakti'),(28,'Chom Bueng'),(29,'Jalupang Dua'),(30,'Penhascoso'),(31,'Gaohong'),(32,'Garça'),(33,'Xundian'),(34,'Massy'),(35,'Rehoboth'),(36,'Yanshou'),(37,'Susanino'),(38,'Marisgama'),(39,'Kasreman Wetan'),(40,'Wurno'),(41,'Al Buţayḩah'),(42,'Nikolinci'),(43,'Nanhai'),(44,'Bamiantong'),(45,'Zapatero'),(46,'Syrskoye'),(47,'Fajsławice'),(48,'Daying'),(49,'Drogomyśl'),(50,'Chenggang'),(51,'Pingxiang'),(52,'Wangda'),(53,'Banjar Mambalkajanan'),(54,'Colendra'),(55,'Kutacane'),(56,'Feira de Santana'),(57,'Tabūk'),(58,'Sendang'),(59,'Donglinxi'),(60,'Hankazi'),(61,'Anle'),(62,'Karamat'),(63,'Vila Viçosa'),(64,'Miami'),(65,'Qarqaraly'),(66,'Cikiwul Satu'),(67,'Pemex'),(68,'Rudong'),(69,'Tawangrejo'),(70,'Gahe');
/*!40000 ALTER TABLE `city_ref` ENABLE KEYS */;
UNLOCK TABLES;

--
-- Table structure for table `client_company_ref`
--

DROP TABLE IF EXISTS `client_company_ref`;
/*!40101 SET @saved_cs_client     = @@character_set_client */;
/*!40101 SET character_set_client = utf8 */;
CREATE TABLE `client_company_ref` (
  `COMPANY_ID` int(11) NOT NULL,
  `CITY_ID` int(11) NOT NULL,
  `COMPANY_DESC` varchar(50) DEFAULT NULL,
  `ADDRESS` varchar(50) DEFAULT NULL,
  PRIMARY KEY (`COMPANY_ID`),
  KEY `IXFK_CLIENT_COMPANY_REF_CITY_REF` (`CITY_ID`),
  CONSTRAINT `FK_CLIENT_COMPANY_REF_CITY_REF` FOREIGN KEY (`CITY_ID`) REFERENCES `city_ref` (`CITY_ID`) ON UPDATE CASCADE
) ENGINE=InnoDB DEFAULT CHARSET=utf8;
/*!40101 SET character_set_client = @saved_cs_client */;

--
-- Dumping data for table `client_company_ref`
--

LOCK TABLES `client_company_ref` WRITE;
/*!40000 ALTER TABLE `client_company_ref` DISABLE KEYS */;
INSERT INTO `client_company_ref` VALUES (1,54,'Boyer-Zieme','9 Mandrake Parkway'),(2,53,'Reichert, Bechtelar and Tremblay','3952 North Avenue'),(3,2,'Hilll-Jones','7805 Fairfield Parkway'),(4,9,'Vandervort, Powlowski and Treutel','825 Toban Court'),(5,23,'Fay LLC','43 Bellgrove Road'),(6,28,'Hills, Dibbert and Botsford','05152 Loomis Pass'),(7,12,'Harber-Marvin','19 Summerview Street'),(8,7,'Jenkins and Sons','191 Arrowood Point'),(9,36,'Kiehn-Jones','68277 Cambridge Street'),(10,56,'Will Group','256 Delladonna Parkway'),(11,18,'Gorczany LLC','13 Hanover Lane'),(12,57,'Morar-Treutel','12 Crownhardt Junction'),(13,56,'Eichmann, Kutch and Feeney','06129 2nd Point'),(14,31,'Wunsch Inc','52521 Bunting Court'),(15,53,'Fisher, Towne and Kassulke','6 Spenser Avenue'),(16,47,'Jacobs Group','06 David Pass'),(17,44,'Wuckert Inc','95005 Tomscot Crossing'),(18,32,'Sanford, Johns and Hegmann','19 Eagle Crest Alley'),(19,3,'Ortiz-Ernser','3 Monument Pass'),(20,48,'Jacobs, Spinka and Farrell','80969 Loeprich Parkway'),(21,64,'Nienow Group','5 Cody Place'),(22,8,'Kessler Inc','9386 Debs Street'),(23,13,'Mante-Ruecker','5 Stuart Street'),(24,62,'Emard Group','97142 Menomonie Park'),(25,14,'Leannon-Mraz','6012 Bobwhite Road'),(26,5,'O\'Connell and Sons','364 Homewood Point'),(27,31,'Ankunding-Hegmann','8 Rutledge Trail'),(28,26,'Cole Inc','133 Miller Drive'),(29,43,'Romaguera Inc','04492 Golf Alley'),(30,51,'Armstrong and Sons','76 Tennyson Point'),(31,7,'Kertzmann Inc','04 Riverside Circle'),(32,32,'Ward, Harvey and Jast','2103 Arrowood Place'),(33,67,'Schaden-Legros','39 Mosinee Trail'),(34,3,'Kertzmann, Trantow and VonRueden','32 Randy Plaza'),(35,67,'Trantow LLC','7233 Dwight Lane'),(36,65,'Schaden and Sons','27683 Meadow Vale Drive'),(37,45,'Nitzsche Inc','7 Lotheville Alley'),(38,43,'Jacobson-Kub','31 Dawn Trail'),(39,1,'O\'Reilly-Prohaska','6575 Kedzie Plaza'),(40,45,'Strosin Group','10663 Acker Parkway'),(41,50,'Harvey Group','560 Warbler Crossing'),(42,40,'Krajcik Group','8332 Elka Alley'),(43,39,'Kulas LLC','95 2nd Road'),(44,21,'Okuneva-Kshlerin','95016 Surrey Avenue'),(45,66,'Spinka-Brekke','6733 Kim Road'),(46,23,'Willms-Quitzon','6796 Kedzie Avenue'),(47,9,'Brakus LLC','9 Beilfuss Pass'),(48,58,'Goyette and Sons','75 Roth Place'),(49,10,'Walsh, Turcotte and Welch','0015 Village Green Trail'),(50,35,'Wuckert Group','78528 School Junction'),(51,64,'Kassulke, Haag and Hahn','51 Transport Park'),(52,28,'Hayes Inc','3527 Wayridge Point'),(53,16,'Anderson-Mueller','26 Bellgrove Alley'),(54,42,'Block-Dietrich','3533 Linden Park'),(55,52,'Lebsack LLC','6126 Center Lane'),(56,65,'Wisoky, Hoeger and Marquardt','361 Kenwood Junction'),(57,34,'Harris, Will and Kiehn','2700 Leroy Alley'),(58,12,'Murphy-Morar','40280 Morrow Road'),(59,40,'Hane, Kihn and Langworth','9131 Everett Center'),(60,23,'Hettinger, Nikolaus and Kessler','8953 Valley Edge Trail'),(61,45,'Swaniawski-Kulas','6629 Eliot Plaza'),(62,65,'Nolan, Howe and Weber','66 Village Green Center'),(63,6,'Bechtelar-Goldner','9675 Pepper Wood Street'),(64,46,'Brekke-Hirthe','4583 Karstens Avenue'),(65,29,'O\'Keefe, Goodwin and DuBuque','611 Nancy Plaza'),(66,9,'Ward Group','932 Superior Plaza'),(67,56,'Tillman-Mohr','77 Algoma Plaza'),(68,2,'Hammes and Sons','58218 Riverside Street'),(69,33,'Paucek-Cummerata','2 Onsgard Crossing'),(70,1,'Weissnat, West and Funk','94 Gateway Road'),(71,17,'Legros-Kub','792 Monument Drive'),(72,22,'Bartell, Harvey and Harber','86400 Sycamore Terrace'),(73,68,'Howe Group','624 Namekagon Junction'),(74,9,'Leannon-Borer','64013 Division Point'),(75,20,'Dibbert, Turner and Haley','08 Goodland Court'),(76,51,'Strosin-Stroman','29688 Shelley Trail'),(77,31,'Walsh-Casper','08 Valley Edge Point'),(78,41,'Maggio, VonRueden and Lowe','5509 Roth Plaza'),(79,61,'Volkman Inc','36015 Rieder Drive'),(80,23,'Maggio-Stoltenberg','6 Eastlawn Avenue'),(81,8,'McKenzie LLC','5453 Vermont Park'),(82,64,'King, Beahan and Labadie','9 Sachs Pass'),(83,32,'Heidenreich, Kovacek and Mills','4 Armistice Circle'),(84,70,'Kohler, Kutch and Mraz','04457 Ilene Pass'),(85,39,'Auer, Lowe and D\'Amore','5414 Sutherland Pass'),(86,43,'Murphy, Kihn and Blick','3 Mariners Cove Center'),(87,45,'Hoppe, Moen and Kilback','91 Birchwood Circle'),(88,59,'Connelly-Mann','05809 Chive Crossing'),(89,12,'Wintheiser, Medhurst and Mayer','8705 Memorial Trail'),(90,60,'Hansen, O\'Kon and Cassin','51797 Rowland Drive'),(91,70,'Weimann and Sons','9 Nelson Hill'),(92,40,'Funk-Graham','326 Corscot Lane'),(93,40,'Jacobs-Bednar','84 High Crossing Parkway'),(94,45,'Abshire, Kling and Shanahan','5256 Esker Street'),(95,54,'Simonis, Dicki and Little','07 International Terrace'),(96,35,'Pollich Inc','61 Corscot Terrace'),(97,35,'Jast-Leannon','442 Bartillon Junction'),(98,65,'Schamberger-Yost','225 Lotheville Lane'),(99,46,'D\'Amore-Gleichner','36 Northwestern Drive'),(100,22,'Ward Group','9796 Dapin Pass'),(101,48,'Wuckert, Crona and Lynch','90439 5th Pass'),(102,26,'Ledner Inc','0 Hovde Road'),(103,21,'Hackett-Rippin','99873 Johnson Terrace'),(104,21,'Powlowski LLC','55414 Eagle Crest Lane'),(105,37,'Jerde-Hills','2534 Waywood Lane'),(106,64,'Dietrich-Koss','267 Union Park'),(107,43,'Wisoky Group','5490 Victoria Drive'),(108,6,'Keebler, Crist and Miller','05877 Schiller Alley'),(109,12,'Goyette-Nader','17 New Castle Avenue'),(110,1,'Mayer Group','7 Saint Paul Court'),(111,14,'Brekke-Rodriguez','3 Bonner Way'),(112,39,'Kling-Jaskolski','3584 5th Circle'),(113,51,'Conn Group','57 Fallview Court'),(114,4,'Weissnat Inc','78 Mayfield Circle'),(115,49,'Will, Price and Goodwin','11 Norway Maple Alley'),(116,53,'Graham Inc','780 Sage Crossing'),(117,45,'Abshire LLC','9 Hayes Pass'),(118,61,'Wunsch Inc','8133 Jackson Avenue'),(119,35,'O\'Hara Group','24 Little Fleur Place'),(120,15,'Lueilwitz-O\'Connell','40 Darwin Pass'),(121,61,'Fisher and Sons','9 Sullivan Crossing'),(122,27,'Leuschke-Williamson','293 Fallview Alley'),(123,59,'Boehm-Hoppe','3 Express Point'),(124,21,'Spencer-Kreiger','00412 Pond Point'),(125,19,'Dickens LLC','951 Spohn Pass'),(126,3,'Dare Group','547 Surrey Center'),(127,51,'Hermiston Group','4260 Kropf Junction'),(128,47,'Breitenberg Inc','6197 Ruskin Pass'),(129,58,'Hoeger, Dare and Hudson','5832 Jana Street'),(130,65,'Bartoletti LLC','36586 Delladonna Pass'),(131,25,'Mueller LLC','068 Rockefeller Street'),(132,66,'Torp-Barrows','51789 Troy Point'),(133,58,'Trantow-Green','9853 Graceland Alley'),(134,14,'Hintz, Feil and Heller','68274 Moulton Crossing'),(135,2,'Runolfsson, Bins and Marquardt','99 Browning Plaza'),(136,23,'Hyatt-Gusikowski','015 7th Circle'),(137,37,'Altenwerth-Toy','835 Delaware Plaza'),(138,36,'Tremblay Group','1632 Waubesa Junction'),(139,49,'Buckridge Inc','7 Dwight Street'),(140,66,'Mante-Cruickshank','32227 Burning Wood Center'),(141,53,'Barton, Dickens and VonRueden','5178 Macpherson Avenue'),(142,19,'Nader-Gleason','68 Monterey Parkway'),(143,27,'Nicolas LLC','917 Oak Hill'),(144,1,'Kemmer, Heller and Bartoletti','5 Linden Trail'),(145,33,'Nicolas Inc','0580 Dorton Way'),(146,69,'Nienow and Sons','1388 Oneill Hill'),(147,10,'Hand-Goldner','7543 Truax Junction'),(148,48,'Hudson Inc','598 Elgar Place'),(149,55,'Gislason Group','00 Vermont Crossing'),(150,52,'Tillman LLC','168 Doe Crossing Way'),(151,56,'Howell LLC','774 Pond Circle'),(152,2,'Balistreri-Ullrich','87945 Donald Avenue'),(153,63,'Prohaska, Durgan and Stanton','7743 Portage Street'),(154,45,'Hyatt and Sons','229 Comanche Center'),(155,19,'Stiedemann-Labadie','2464 Anzinger Lane'),(156,43,'Hickle-Kautzer','283 Holmberg Crossing'),(157,10,'Wolff, Rodriguez and Kertzmann','0644 Donald Junction'),(158,37,'Smith, Aufderhar and Yost','3 Sugar Terrace'),(159,35,'Cormier Inc','8 Stephen Street'),(160,49,'Upton, Mueller and Macejkovic','635 Shoshone Point'),(161,30,'Quitzon LLC','8 Logan Crossing'),(162,50,'Kiehn-Beahan','5357 Hovde Plaza'),(163,42,'Wilkinson Inc','07 1st Drive'),(164,40,'Streich Group','26 Continental Court'),(165,54,'Hettinger, Kilback and Boyer','335 Mallard Park'),(166,18,'Glover and Sons','761 Waywood Place'),(167,19,'Batz Group','83 Ilene Parkway'),(168,30,'Miller Group','22145 Holmberg Drive'),(169,11,'Davis, Hirthe and McCullough','5 Almo Avenue'),(170,1,'Tillman, Kemmer and Stroman','9 Eggendart Avenue'),(171,45,'Frami-Kemmer','1958 Fairfield Terrace'),(172,1,'Baumbach-Schumm','3432 Atwood Center'),(173,4,'Effertz, Johns and Rosenbaum','72089 Green Ridge Way'),(174,69,'Kuhlman Group','7 Monument Court'),(175,56,'Buckridge Group','014 Green Ridge Center'),(176,51,'Windler Inc','7396 Cottonwood Center'),(177,60,'Gerlach, Reichel and Lueilwitz','58 Cardinal Junction'),(178,67,'Wilderman, Sporer and Will','00251 Kensington Street'),(179,24,'Pfannerstill, Kozey and Turner','2 Macpherson Place'),(180,52,'Huels Group','9115 Iowa Place'),(181,69,'Bergnaum-Windler','44652 Mosinee Plaza'),(182,49,'Beahan, Johnson and Wunsch','00 Hoffman Parkway'),(183,49,'Kovacek, Wolff and Jast','32 Canary Lane'),(184,3,'Terry and Sons','238 Clove Street'),(185,54,'Veum, Hills and Gorczany','9353 Arrowood Drive'),(186,48,'Stoltenberg, Schoen and Kreiger','917 Farragut Trail'),(187,18,'Feeney Group','756 Arapahoe Center'),(188,19,'Lehner Group','90383 Stoughton Court'),(189,5,'Hartmann Group','8361 Toban Park'),(190,47,'Gerlach, Carroll and Kertzmann','57760 Express Center'),(191,29,'Abshire, Denesik and Schuppe','09005 Forest Run Terrace'),(192,28,'Luettgen Inc','86468 Prairie Rose Crossing'),(193,13,'Wilkinson-Rempel','74 Melby Park'),(194,47,'Gibson LLC','3707 Linden Point'),(195,62,'Wiegand LLC','08328 Colorado Place'),(196,51,'Bogan Inc','3 Knutson Pass'),(197,46,'Rau-Thiel','12668 Hauk Court'),(198,21,'White Group','9 Bowman Pass'),(199,45,'Cruickshank-Herman','1 Loeprich Circle'),(200,57,'Breitenberg-Klocko','38873 Cardinal Lane'),(201,20,'Feeney, Bauch and Ernser','81770 Anderson Place'),(202,40,'Ledner LLC','0928 Artisan Way'),(203,67,'Rempel-Lueilwitz','2 David Place'),(204,59,'Brekke, Schaefer and Hauck','95144 Mitchell Lane'),(205,53,'Howe, Waters and Rice','62 Pine View Hill'),(206,52,'Yundt, Ryan and Weber','996 Scofield Center'),(207,17,'Bashirian, Rau and Graham','6056 Canary Road'),(208,56,'Botsford, Vandervort and Cassin','03 Rowland Parkway'),(209,55,'Ondricka-Stracke','63 Sherman Hill'),(210,47,'Wehner, Bashirian and Ebert','785 Hanover Street'),(211,62,'Cartwright Group','57 Mccormick Parkway'),(212,69,'Moore-Schulist','052 Westend Avenue'),(213,49,'Adams, Nienow and Bashirian','151 Morrow Center'),(214,51,'Kirlin and Sons','35380 Merrick Court'),(215,31,'Jacobi-Will','27 Melvin Circle'),(216,9,'Berge LLC','91414 Corscot Terrace'),(217,47,'Gottlieb Inc','72620 Manufacturers Terrace'),(218,6,'Rice-King','518 Ludington Drive'),(219,47,'Zieme, Casper and O\'Hara','8 Scoville Point'),(220,53,'Feeney, Larson and Maggio','83 Ruskin Park'),(221,70,'Metz LLC','16109 Union Court'),(222,66,'Wiza, Stokes and Weissnat','57 Arizona Drive'),(223,2,'Crona, Cartwright and Muller','50524 Caliangt Circle'),(224,65,'Donnelly, Hegmann and Steuber','94 Merchant Avenue'),(225,38,'Bogisich-Mertz','40 Vermont Road'),(226,7,'Stanton-Heidenreich','26 Union Plaza'),(227,51,'Kuhlman LLC','2 Alpine Alley'),(228,63,'Moore and Sons','1479 Bowman Terrace'),(229,12,'Beier Group','39 Valley Edge Lane'),(230,50,'Rau-Lind','5316 Forest Court'),(231,2,'Goyette, Jast and Parker','994 Fuller Avenue'),(232,20,'Sporer-Dooley','4688 Hauk Pass'),(233,58,'Keebler LLC','135 Mayfield Way'),(234,41,'Bogisich Inc','219 Monument Avenue'),(235,56,'Vandervort, Franecki and Ferry','078 Forest Court'),(236,68,'Howe and Sons','434 Muir Trail'),(237,31,'Davis-Kiehn','224 Dixon Drive'),(238,54,'Beer-Schaefer','408 Holy Cross Hill'),(239,65,'Huel Inc','8 Kedzie Trail'),(240,59,'Willms-Gleichner','6718 Maple Crossing'),(241,47,'Miller Group','57 Cottonwood Pass'),(242,41,'Rodriguez-Durgan','801 Bartelt Hill'),(243,67,'Heaney-Hartmann','1 Kedzie Place'),(244,70,'Hessel Group','984 Columbus Crossing'),(245,11,'Grimes LLC','4193 Dorton Parkway'),(246,25,'Feeney, Sawayn and Schneider','846 Forest Run Way'),(247,13,'Dicki, Collier and Stanton','3 Petterle Terrace'),(248,9,'Hoppe and Sons','34912 Shopko Point'),(249,30,'Johnson, Gaylord and Considine','75384 Judy Street'),(250,66,'Kertzmann-Gorczany','6967 Anhalt Place');
/*!40000 ALTER TABLE `client_company_ref` ENABLE KEYS */;
UNLOCK TABLES;

--
-- Table structure for table `client_type_ref`
--

DROP TABLE IF EXISTS `client_type_ref`;
/*!40101 SET @saved_cs_client     = @@character_set_client */;
/*!40101 SET character_set_client = utf8 */;
CREATE TABLE `client_type_ref` (
  `CLIENT_TYPE_ID` int(11) NOT NULL,
  `CLIENT_TYPE_DESC` varchar(10) DEFAULT NULL,
  PRIMARY KEY (`CLIENT_TYPE_ID`)
) ENGINE=InnoDB DEFAULT CHARSET=utf8;
/*!40101 SET character_set_client = @saved_cs_client */;

--
-- Dumping data for table `client_type_ref`
--

LOCK TABLES `client_type_ref` WRITE;
/*!40000 ALTER TABLE `client_type_ref` DISABLE KEYS */;
INSERT INTO `client_type_ref` VALUES (1,'CURRENT'),(2,'POTENTIAL');
/*!40000 ALTER TABLE `client_type_ref` ENABLE KEYS */;
UNLOCK TABLES;

--
-- Table structure for table `clients`
--

DROP TABLE IF EXISTS `clients`;
/*!40101 SET @saved_cs_client     = @@character_set_client */;
/*!40101 SET character_set_client = utf8 */;
CREATE TABLE `clients` (
  `CLIENT_ID` int(11) NOT NULL,
  `CLIENT_TYPE_ID` int(11) NOT NULL,
  `COMPANY_ID` int(11) NOT NULL,
  `LAST_NAME` varchar(50) DEFAULT NULL,
  `FIRST_NAME` varchar(50) DEFAULT NULL,
  `TEL_NUM` char(20) DEFAULT NULL,
  `EMAIL` varchar(40) DEFAULT NULL,
  PRIMARY KEY (`CLIENT_ID`),
  KEY `IXFK_CLIENTS_CLIENT_COMPANY_REF` (`COMPANY_ID`),
  KEY `IXFK_CLIENTS_CLIENT_TYPE_REF` (`CLIENT_TYPE_ID`),
  CONSTRAINT `FK_CLIENTS_CLIENT_COMPANY_REF` FOREIGN KEY (`COMPANY_ID`) REFERENCES `client_company_ref` (`COMPANY_ID`) ON UPDATE CASCADE,
  CONSTRAINT `FK_CLIENTS_CLIENT_TYPE_REF` FOREIGN KEY (`CLIENT_TYPE_ID`) REFERENCES `client_type_ref` (`CLIENT_TYPE_ID`) ON UPDATE CASCADE
) ENGINE=InnoDB DEFAULT CHARSET=utf8;
/*!40101 SET character_set_client = @saved_cs_client */;

--
-- Dumping data for table `clients`
--

LOCK TABLES `clients` WRITE;
/*!40000 ALTER TABLE `clients` DISABLE KEYS */;
INSERT INTO `clients` VALUES (1,2,109,'Mollnar','Loise','+073 898 147 470','lmollnar0@blogger.com'),(2,1,10,'Hamson','Kendre','+960 150 933 471','khamson1@vkontakte.ru'),(3,1,211,'Giraudy','Sebastian','+005 652 645 304','sgiraudy2@biblegateway.com'),(4,2,125,'MacFarlan','Dael','+596 419 296 385','dmacfarlan3@epa.gov'),(5,1,106,'Micklewicz','Caro','+189 993 651 499','cmicklewicz4@ebay.com'),(6,2,138,'Robertshaw','Town','+140 194 802 933','trobertshaw5@thetimes.co.uk'),(7,2,150,'Sneller','Sam','+664 968 907 094','ssneller6@dagondesign.com'),(8,1,84,'Lawee','Nancie','+415 101 525 119','nlawee7@state.gov'),(9,1,196,'Jantzen','Wake','+744 325 786 754','wjantzen8@netscape.com'),(10,1,90,'Smallshaw','Candis','+577 834 329 301','csmallshaw9@twitter.com'),(11,1,110,'Juara','Albertine','+751 018 335 832','ajuaraa@prweb.com'),(12,1,98,'Adne','Karylin','+760 113 194 684','kadneb@ibm.com'),(13,1,183,'Martyntsev','Constantia','+748 576 140 882','cmartyntsevc@gnu.org'),(14,1,3,'Meir','Lori','+435 270 881 418','lmeird@zdnet.com'),(15,1,248,'Menloe','Elbertine','+550 828 377 215','emenloee@washingtonpost.com'),(16,1,190,'Zapatero','Orion','+002 274 852 327','ozapaterof@exblog.jp'),(17,1,37,'Barosch','Twyla','+134 729 856 885','tbaroschg@alexa.com'),(18,1,1,'Kohter','Amelie','+271 203 465 102','akohterh@icq.com'),(19,2,116,'Pien','Happy','+139 133 823 639','hpieni@jugem.jp'),(20,2,230,'Cawthorn','Carlie','+019 120 580 608','ccawthornj@amazon.de'),(21,1,174,'Manclark','Marni','+130 148 049 952','mmanclarkk@princeton.edu'),(22,2,110,'Quick','Vickie','+255 660 412 791','vquickl@pinterest.com'),(23,1,51,'Bulloch','Jodie','+991 435 505 088','jbullochm@cafepress.com'),(24,2,144,'Iskowicz','Rustin','+110 763 554 551','riskowiczn@paypal.com'),(25,2,150,'Handman','Shepherd','+596 160 095 280','shandmano@comsenz.com'),(26,2,199,'Yurevich','Heath','+216 856 145 010','hyurevichp@telegraph.co.uk'),(27,2,106,'Frankiewicz','Sid','+381 815 457 283','sfrankiewiczq@dedecms.com'),(28,2,233,'Hoofe','Rosa','+478 198 032 215','rhoofer@joomla.org'),(29,2,8,'Morton','Myranda','+434 813 969 504','mmortons@t.co'),(30,1,45,'Bonavia','Halie','+256 280 794 082','hbonaviat@opera.com'),(31,1,152,'Couves','Mabel','+303 537 390 512','mcouvesu@princeton.edu'),(32,1,119,'Heinert','Maxine','+248 061 357 661','mheinertv@usda.gov'),(33,1,228,'Britian','Slade','+147 745 554 287','sbritianw@ow.ly'),(34,1,248,'Marcinkus','Johnath','+586 839 644 161','jmarcinkusx@linkedin.com'),(35,2,29,'MacTeague','Donnamarie','+256 822 611 591','dmacteaguey@photobucket.com'),(36,2,242,'Garretts','Moyna','+928 255 558 957','mgarrettsz@360.cn'),(37,2,122,'Balston','Mitzi','+494 101 567 035','mbalston10@w3.org'),(38,2,68,'Wong','Alva','+914 420 199 535','awong11@admin.ch'),(39,2,154,'Grigaut','Merridie','+198 616 243 775','mgrigaut12@answers.com'),(40,1,129,'Blowes','Elayne','+796 397 849 098','eblowes13@gnu.org'),(41,2,52,'Ullyatt','Franzen','+490 154 556 863','fullyatt14@simplemachines.org'),(42,1,230,'Cyseley','Bibi','+994 679 177 335','bcyseley15@reverbnation.com'),(43,1,131,'Baldacchino','Ruggiero','+213 293 897 119','rbaldacchino16@amazon.co.uk'),(44,2,26,'Josephs','Muffin','+419 841 876 422','mjosephs17@nsw.gov.au'),(45,2,4,'Skitch','Carey','+593 925 147 929','cskitch18@fema.gov'),(46,2,108,'Speedy','Audra','+483 797 640 105','aspeedy19@purevolume.com'),(47,1,2,'Litton','Porty','+185 093 804 327','plitton1a@edublogs.org'),(48,1,92,'Lethby','Pier','+638 844 068 659','plethby1b@vinaora.com'),(49,2,244,'Eyres','Shannon','+830 233 766 113','seyres1c@canalblog.com'),(50,1,107,'Bestman','Venus','+780 904 403 801','vbestman1d@addthis.com'),(51,2,37,'O\'Hear','Giralda','+149 276 082 118','gohear1e@samsung.com'),(52,1,26,'Cauldfield','Noe','+740 856 454 036','ncauldfield1f@domainmarket.com'),(53,2,63,'Tandy','Berty','+021 228 495 562','btandy1g@nasa.gov'),(54,2,86,'Portt','Rockie','+635 188 380 455','rportt1h@jugem.jp'),(55,2,116,'Gladbach','Freemon','+658 036 294 306','fgladbach1i@twitpic.com'),(56,1,185,'Banville','Janeta','+127 066 075 945','jbanville1j@pagesperso-orange.fr'),(57,2,125,'Velten','Aurthur','+707 310 009 946','avelten1k@seesaa.net'),(58,2,132,'Antliff','Nial','+797 248 076 568','nantliff1l@drupal.org'),(59,2,220,'Mesant','Aidan','+172 425 702 160','amesant1m@mlb.com'),(60,1,5,'Thomelin','Pavel','+956 983 973 089','pthomelin1n@taobao.com'),(61,2,67,'Rowlson','Ofella','+777 883 178 876','orowlson1o@usda.gov'),(62,1,180,'Davers','Corrie','+161 008 561 928','cdavers1p@fema.gov'),(63,1,178,'Petters','Frederic','+590 616 065 604','fpetters1q@wp.com'),(64,2,71,'Denniss','Gavrielle','+366 393 906 242','gdenniss1r@oaic.gov.au'),(65,2,113,'Thirsk','Cosetta','+292 357 530 068','cthirsk1s@reuters.com'),(66,1,216,'Ascroft','Randene','+035 858 827 282','rascroft1t@dagondesign.com'),(67,2,155,'Garbar','Lamar','+082 120 970 310','lgarbar1u@cnn.com'),(68,1,241,'Freckelton','Lissie','+106 386 359 090','lfreckelton1v@slideshare.net'),(69,2,36,'Ruperto','Reg','+816 141 774 948','rruperto1w@usnews.com'),(70,1,101,'Geroldi','Baxy','+230 513 896 172','bgeroldi1x@senate.gov'),(71,2,113,'Newstead','Dwain','+531 251 299 097','dnewstead1y@moonfruit.com'),(72,1,111,'Blune','Albrecht','+435 125 296 071','ablune1z@newsvine.com'),(73,1,152,'Kerslake','Collie','+944 029 938 267','ckerslake20@last.fm'),(74,2,41,'Lakin','Alphonse','+072 545 448 281','alakin21@nytimes.com'),(75,1,53,'Leathley','Georgie','+861 587 675 948','gleathley22@soundcloud.com'),(76,2,5,'Elderfield','Erin','+159 445 187 606','eelderfield23@indiegogo.com'),(77,1,48,'Crus','Phylis','+842 243 845 960','pcrus24@acquirethisname.com'),(78,2,239,'Limpricht','Leonore','+484 679 131 247','llimpricht25@discuz.net'),(79,1,118,'Cheek','Lancelot','+103 946 453 511','lcheek26@dell.com'),(80,2,204,'Body','Isaiah','+104 435 714 208','ibody27@plala.or.jp'),(81,2,233,'O\'Feeney','Kyrstin','+148 862 786 866','kofeeney28@xinhuanet.com'),(82,2,168,'Roller','Conroy','+507 032 260 923','croller29@whitehouse.gov'),(83,2,76,'Gauche','Keven','+971 749 507 600','kgauche2a@eventbrite.com'),(84,1,70,'Poytres','Marylinda','+885 196 751 674','mpoytres2b@blinklist.com'),(85,2,244,'Ginsie','Damon','+289 814 843 526','dginsie2c@t-online.de'),(86,2,54,'Day','Gifford','+510 151 081 045','gday2d@theglobeandmail.com'),(87,1,23,'Wagnerin','Nappy','+348 699 162 696','nwagnerin2e@slashdot.org'),(88,1,49,'Adanez','Westbrook','+003 604 333 875','wadanez2f@zdnet.com'),(89,2,81,'Widdecombe','Zebedee','+854 383 848 045','zwiddecombe2g@domainmarket.com'),(90,2,172,'Rheubottom','Jorge','+751 941 490 250','jrheubottom2h@bravesites.com'),(91,2,214,'Byng','Alysia','+507 037 308 683','abyng2i@hhs.gov'),(92,2,153,'Cunningham','Kris','+002 852 108 964','kcunningham2j@cmu.edu'),(93,1,74,'Giuron','Costanza','+297 918 629 570','cgiuron2k@surveymonkey.com'),(94,2,124,'Fernie','Trenton','+100 101 295 544','tfernie2l@tmall.com'),(95,1,112,'Comi','Belle','+320 615 773 565','bcomi2m@icq.com'),(96,1,144,'Racine','Tiffie','+659 999 706 274','tracine2n@fda.gov'),(97,2,111,'Pfaffel','Becca','+990 219 730 462','bpfaffel2o@wordpress.org'),(98,1,47,'Grzegorecki','Candy','+036 104 044 133','cgrzegorecki2p@miibeian.gov.cn'),(99,1,165,'Badman','Brittany','+997 849 373 941','bbadman2q@sakura.ne.jp'),(100,1,119,'Cornick','Toddy','+287 344 400 614','tcornick2r@ebay.com'),(101,2,110,'Farthin','Eydie','+646 576 516 960','efarthin2s@indiegogo.com'),(102,2,39,'Aarons','Padriac','+054 687 749 935','paarons2t@dropbox.com'),(103,1,56,'Inkpen','Delcine','+007 864 148 380','dinkpen2u@blogs.com'),(104,1,128,'Barbour','Milicent','+798 580 771 926','mbarbour2v@pagesperso-orange.fr'),(105,2,62,'Fursey','Freddie','+404 241 284 924','ffursey2w@wikispaces.com'),(106,1,200,'Perree','Allianora','+786 804 832 616','aperree2x@indiatimes.com'),(107,1,159,'Burtonshaw','Regen','+811 481 967 443','rburtonshaw2y@canalblog.com'),(108,2,205,'Longmuir','Leena','+102 407 332 141','llongmuir2z@smugmug.com'),(109,1,179,'Fossett','Willy','+376 080 590 190','wfossett30@alibaba.com'),(110,1,227,'Gipps','Jacenta','+668 658 496 432','jgipps31@smh.com.au'),(111,2,82,'Castiglioni','Esmaria','+741 688 579 198','ecastiglioni32@163.com'),(112,2,98,'Alphege','Llewellyn','+524 810 592 468','lalphege33@ucoz.com'),(113,2,6,'Maine','Filip','+313 533 559 454','fmaine34@apple.com'),(114,1,68,'Beeching','Celia','+924 489 014 587','cbeeching35@nationalgeographic.com'),(115,2,225,'Mettetal','Broderic','+412 616 967 483','bmettetal36@wikia.com'),(116,1,153,'Cicco','Minnnie','+743 785 010 683','mcicco37@cbsnews.com'),(117,2,196,'Nears','Tim','+189 429 124 267','tnears38@lycos.com'),(118,2,191,'Russo','Magdalen','+239 574 942 629','mrusso39@latimes.com'),(119,2,153,'Klementz','Wynnie','+639 087 191 998','wklementz3a@tinyurl.com'),(120,2,201,'Pitkethly','Ulrick','+382 783 937 291','upitkethly3b@bluehost.com'),(121,2,241,'Gain','Charlena','+079 641 032 800','cgain3c@ihg.com'),(122,2,93,'Briat','Percy','+674 180 485 973','pbriat3d@hatena.ne.jp'),(123,1,214,'Belding','Gustavus','+590 210 578 647','gbelding3e@storify.com'),(124,1,147,'Nisbith','Marianne','+188 674 863 544','mnisbith3f@google.pl'),(125,2,243,'Samsonsen','Wrennie','+165 069 014 167','wsamsonsen3g@cnn.com'),(126,1,222,'Ludl','Brittney','+912 695 389 614','bludl3h@ameblo.jp'),(127,2,180,'O\'Crigane','Blaine','+025 857 796 899','bocrigane3i@oakley.com'),(128,2,219,'Adnet','Guss','+853 807 078 214','gadnet3j@4shared.com'),(129,1,94,'Harston','Bessie','+184 642 791 571','bharston3k@opera.com'),(130,2,34,'Coleshill','Zandra','+486 483 381 851','zcoleshill3l@newsvine.com'),(131,2,2,'Fishly','Donella','+089 582 473 480','dfishly3m@goodreads.com'),(132,1,209,'Tatham','Fawnia','+767 862 219 811','ftatham3n@infoseek.co.jp'),(133,1,215,'Gergolet','Konstanze','+550 555 952 238','kgergolet3o@angelfire.com'),(134,2,87,'Minard','Grant','+422 387 434 369','gminard3p@bing.com'),(135,2,138,'Bulman','Lilllie','+444 481 111 249','lbulman3q@dot.gov'),(136,2,174,'Paulin','Major','+546 594 369 318','mpaulin3r@drupal.org'),(137,1,57,'Jendrich','Alisha','+687 244 576 293','ajendrich3s@cocolog-nifty.com'),(138,1,76,'Pinnington','Fanchon','+943 442 785 447','fpinnington3t@constantcontact.com'),(139,2,194,'Wennington','Gerry','+372 468 160 675','gwennington3u@tripadvisor.com'),(140,2,135,'Craddy','Zilvia','+189 200 075 056','zcraddy3v@issuu.com'),(141,2,82,'Dunn','Tomi','+498 652 488 858','tdunn3w@redcross.org'),(142,2,1,'Surgeoner','Olga','+629 267 132 243','osurgeoner3x@chicagotribune.com'),(143,1,122,'Lorenzetto','Dyanne','+133 284 870 592','dlorenzetto3y@deliciousdays.com'),(144,2,46,'Magauran','Webb','+477 230 922 640','wmagauran3z@unesco.org'),(145,1,17,'Jimenez','Daria','+836 529 118 225','djimenez40@cornell.edu'),(146,2,106,'Atyea','Garvey','+335 604 856 788','gatyea41@flickr.com'),(147,2,236,'Eby','Kevyn','+174 084 795 098','keby42@loc.gov'),(148,2,57,'Burnett','Holly','+237 333 722 740','hburnett43@phpbb.com'),(149,2,227,'Bayldon','Edward','+360 862 037 551','ebayldon44@w3.org'),(150,2,199,'Alvaro','Jerri','+503 748 739 621','jalvaro45@mail.ru'),(151,2,122,'Grimmer','Kiley','+785 244 509 901','kgrimmer46@ustream.tv'),(152,1,97,'Andersen','Willamina','+494 929 277 148','wandersen47@elegantthemes.com'),(153,2,143,'Beedon','Maud','+186 096 389 180','mbeedon48@dagondesign.com'),(154,2,230,'Seniour','Abey','+058 097 770 266','aseniour49@ezinearticles.com'),(155,2,126,'Cleverly','Lorilee','+545 929 824 547','lcleverly4a@is.gd'),(156,1,123,'Geall','Gaven','+260 733 865 389','ggeall4b@blinklist.com'),(157,2,66,'Renoden','Savina','+916 869 816 496','srenoden4c@wix.com'),(158,1,40,'Herley','Lise','+422 840 820 734','lherley4d@nhs.uk'),(159,1,73,'Siburn','Jada','+442 245 496 353','jsiburn4e@i2i.jp'),(160,1,161,'Andreolli','Annabella','+681 393 116 038','aandreolli4f@drupal.org'),(161,1,219,'Piscopello','Marshal','+170 515 682 060','mpiscopello4g@mail.ru'),(162,2,166,'Comberbach','Anna','+642 637 920 596','acomberbach4h@zdnet.com'),(163,2,85,'Alejandro','Shaylah','+021 018 041 161','salejandro4i@qq.com'),(164,1,15,'Desforges','Bren','+820 912 065 396','bdesforges4j@linkedin.com'),(165,1,182,'Shalliker','Kalvin','+324 169 758 067','kshalliker4k@newsvine.com'),(166,1,100,'Beldam','Freddie','+498 279 535 246','fbeldam4l@joomla.org'),(167,1,166,'Gosswell','Melessa','+775 264 488 828','mgosswell4m@fc2.com'),(168,2,79,'Schade','Chane','+542 118 810 485','cschade4n@statcounter.com'),(169,1,245,'Sodor','Trey','+872 061 422 986','tsodor4o@boston.com'),(170,1,240,'Ciccottio','Jeff','+732 266 607 347','jciccottio4p@joomla.org'),(171,1,150,'Lowne','Gavrielle','+735 666 744 418','glowne4q@google.cn'),(172,1,20,'Burgen','Jasun','+370 842 083 378','jburgen4r@ft.com'),(173,2,40,'Cubberley','Rachel','+999 427 432 127','rcubberley4s@bloglines.com'),(174,1,41,'Danjoie','Blondy','+299 405 047 113','bdanjoie4t@usgs.gov'),(175,2,22,'Sutehall','Karola','+595 330 580 429','ksutehall4u@archive.org'),(176,2,170,'Ciobutaru','Tate','+134 434 157 516','tciobutaru4v@fastcompany.com'),(177,1,33,'Blanchard','Ilise','+035 055 533 849','iblanchard4w@fema.gov'),(178,1,162,'Braksper','Irv','+959 458 335 101','ibraksper4x@storify.com'),(179,2,217,'Piffe','Aurie','+316 524 149 791','apiffe4y@cnbc.com'),(180,1,211,'Suff','Mariellen','+576 811 154 696','msuff4z@illinois.edu'),(181,1,152,'Itzakson','Onfroi','+933 519 506 927','oitzakson50@hhs.gov'),(182,1,173,'Spyer','Micheal','+488 301 263 236','mspyer51@dion.ne.jp'),(183,2,198,'Mishow','Lyndel','+991 962 384 310','lmishow52@technorati.com'),(184,1,55,'Lemme','Nesta','+805 813 134 576','nlemme53@dagondesign.com'),(185,1,103,'Deveril','Putnam','+790 366 132 123','pdeveril54@51.la'),(186,1,11,'Hartrick','Josie','+502 726 035 276','jhartrick55@unicef.org'),(187,2,230,'Tale','Benjamen','+772 967 806 381','btale56@mail.ru'),(188,1,178,'Meenehan','Joyan','+532 462 566 599','jmeenehan57@shinystat.com'),(189,2,68,'McGinnis','Evangelin','+440 537 468 526','emcginnis58@businessweek.com'),(190,1,86,'Rushworth','Olivette','+375 316 167 973','orushworth59@imdb.com'),(191,1,170,'Royden','Amberly','+716 651 448 307','aroyden5a@google.com.hk'),(192,2,110,'Mattia','Trudi','+818 443 349 837','tmattia5b@qq.com'),(193,1,41,'Alps','Robinet','+057 079 160 108','ralps5c@spiegel.de'),(194,1,209,'Madre','Huberto','+742 798 824 268','hmadre5d@netlog.com'),(195,2,36,'Gosnell','Glenda','+709 308 311 173','ggosnell5e@zimbio.com'),(196,1,188,'Greene','Winfred','+366 514 194 853','wgreene5f@prweb.com'),(197,1,235,'Gurr','Fleurette','+870 773 506 441','fgurr5g@washington.edu'),(198,2,172,'Albiston','Cody','+888 576 016 041','calbiston5h@blogspot.com'),(199,1,135,'Whiteway','Vinson','+607 160 700 669','vwhiteway5i@facebook.com'),(200,2,52,'Burborough','Adore','+690 924 557 442','aburborough5j@utexas.edu'),(201,2,112,'Purdom','Stevana','+013 158 836 546','spurdom5k@cnbc.com'),(202,1,149,'Karlsson','Jorie','+950 447 919 318','jkarlsson5l@hp.com'),(203,1,13,'Lerhinan','Whitaker','+288 680 355 733','wlerhinan5m@dedecms.com'),(204,1,233,'Ginsie','Trent','+294 326 805 849','tginsie5n@issuu.com'),(205,1,174,'Robotham','Linda','+281 166 402 756','lrobotham5o@csmonitor.com'),(206,1,221,'Klarzynski','Ella','+305 514 209 180','eklarzynski5p@example.com'),(207,1,146,'Manuaud','Sharia','+612 699 986 314','smanuaud5q@spotify.com'),(208,1,182,'Dabinett','Donna','+126 407 812 661','ddabinett5r@yale.edu'),(209,1,66,'Coot','Torry','+286 319 207 022','tcoot5s@reference.com'),(210,2,107,'Tramel','Graig','+298 346 500 414','gtramel5t@dell.com'),(211,1,143,'Stonham','Cord','+248 401 025 730','cstonham5u@chron.com'),(212,1,225,'Wedlake','Karole','+332 711 581 140','kwedlake5v@kickstarter.com'),(213,2,50,'Peterson','Inger','+469 835 915 021','ipeterson5w@cyberchimps.com'),(214,2,18,'Dyble','Jesse','+205 845 465 303','jdyble5x@ibm.com'),(215,1,46,'Witter','Kerrill','+385 490 557 795','kwitter5y@goo.gl'),(216,1,13,'Ruddin','Manda','+640 569 673 616','mruddin5z@tripadvisor.com'),(217,2,240,'Standish','Marlo','+891 700 823 836','mstandish60@hud.gov'),(218,1,249,'Klaesson','Kore','+963 350 873 382','kklaesson61@tumblr.com'),(219,1,46,'Raine','Cody','+765 618 270 060','craine62@bandcamp.com'),(220,2,89,'Guare','Appolonia','+218 821 632 981','aguare63@people.com.cn'),(221,1,155,'Dunne','Fleming','+608 058 758 477','fdunne64@fc2.com'),(222,2,69,'Liddy','Deedee','+632 803 054 308','dliddy65@japanpost.jp'),(223,1,247,'McCrachen','Broderic','+314 424 076 419','bmccrachen66@zimbio.com'),(224,1,193,'Blakeden','Lyndy','+753 211 625 690','lblakeden67@instagram.com'),(225,1,57,'Gaytor','Kimball','+556 551 766 982','kgaytor68@arstechnica.com'),(226,2,200,'Lebbon','Worth','+223 212 778 901','wlebbon69@smh.com.au'),(227,2,39,'Rutter','Dorree','+168 148 440 609','drutter6a@oaic.gov.au'),(228,2,186,'Thewless','Erick','+813 276 126 647','ethewless6b@mlb.com'),(229,1,54,'Gilluley','Farrell','+947 752 974 067','fgilluley6c@accuweather.com'),(230,2,51,'Pethrick','Felice','+342 604 097 305','fpethrick6d@reverbnation.com'),(231,2,239,'McGrotty','Artie','+304 048 392 237','amcgrotty6e@furl.net'),(232,2,241,'Alvares','Georgy','+766 933 860 070','galvares6f@qq.com'),(233,2,87,'Collens','Zacharias','+502 694 372 584','zcollens6g@un.org'),(234,2,40,'Cawtheray','Valerye','+989 039 036 479','vcawtheray6h@ucoz.com'),(235,2,24,'Narbett','Itch','+325 683 843 820','inarbett6i@uol.com.br'),(236,1,48,'Stonhouse','Morna','+264 541 683 153','mstonhouse6j@buzzfeed.com'),(237,2,90,'Spada','Phelia','+829 226 617 323','pspada6k@arstechnica.com'),(238,1,238,'Hutchinson','Myrna','+030 625 949 979','mhutchinson6l@biglobe.ne.jp'),(239,1,34,'Conen','Shandy','+646 974 852 334','sconen6m@goodreads.com'),(240,1,105,'Owenson','Virgie','+613 619 843 566','vowenson6n@purevolume.com'),(241,2,13,'McOrkill','Killie','+372 688 282 691','kmcorkill6o@wp.com'),(242,2,1,'Muneely','Sarge','+295 578 015 547','smuneely6p@yahoo.com'),(243,2,200,'Nichol','Charita','+886 433 703 539','cnichol6q@macromedia.com'),(244,1,42,'Deane','Justina','+294 976 583 687','jdeane6r@discuz.net'),(245,2,61,'Caspell','Hymie','+959 531 662 431','hcaspell6s@sourceforge.net'),(246,2,106,'Ravenhills','Jessika','+368 542 109 182','jravenhills6t@smugmug.com'),(247,1,120,'Francescoccio','Duane','+950 819 092 552','dfrancescoccio6u@prweb.com'),(248,2,63,'Brigham','Casi','+144 838 834 557','cbrigham6v@homestead.com'),(249,2,31,'Dodamead','Orv','+659 977 595 494','ododamead6w@aboutads.info'),(250,1,191,'Elham','Grazia','+160 514 746 659','gelham6x@netlog.com'),(251,2,90,'Jakolevitch','Ermina','+368 725 856 329','ejakolevitch6y@4shared.com'),(252,2,117,'Ferminger','Yasmin','+377 340 697 503','yferminger6z@shareasale.com'),(253,2,109,'Marrow','Bendick','+536 127 295 138','bmarrow70@who.int'),(254,1,3,'Ellerker','Jemimah','+817 770 115 532','jellerker71@vinaora.com'),(255,2,29,'Lebarree','Dusty','+322 114 993 922','dlebarree72@addtoany.com'),(256,1,114,'Lynam','Bettina','+085 055 243 912','blynam73@elegantthemes.com'),(257,2,200,'Puckey','Alaric','+154 448 263 501','apuckey74@nydailynews.com'),(258,2,75,'Nusche','Lettie','+785 891 344 886','lnusche75@macromedia.com'),(259,1,24,'Rutherforth','Emmie','+039 214 287 394','erutherforth76@stumbleupon.com'),(260,2,167,'Reddy','Hyacinth','+921 242 685 764','hreddy77@techcrunch.com'),(261,1,105,'Swiffan','Terri','+752 652 943 680','tswiffan78@mail.ru'),(262,2,68,'Hercock','Valery','+161 940 042 037','vhercock79@quantcast.com'),(263,2,188,'Duggan','Merrel','+536 731 706 447','mduggan7a@artisteer.com'),(264,2,64,'Drever','Daryl','+031 468 617 109','ddrever7b@technorati.com'),(265,2,235,'Judgkins','Chloris','+581 521 398 854','cjudgkins7c@cafepress.com'),(266,2,139,'Brimacombe','Gilberta','+950 634 278 056','gbrimacombe7d@berkeley.edu'),(267,2,123,'Joesbury','Brewster','+767 089 916 522','bjoesbury7e@multiply.com'),(268,1,21,'Verbeke','Brit','+157 980 018 574','bverbeke7f@mac.com'),(269,2,157,'Crielly','Franny','+414 687 544 036','fcrielly7g@va.gov'),(270,1,131,'Flasby','Dawn','+095 242 526 292','dflasby7h@fc2.com'),(271,2,71,'Downham','Dene','+884 661 454 464','ddownham7i@disqus.com'),(272,1,122,'Visick','Cordie','+699 212 035 178','cvisick7j@arizona.edu'),(273,1,63,'Screwton','Jessa','+294 356 052 248','jscrewton7k@howstuffworks.com'),(274,1,163,'Strooband','Emmie','+922 698 563 214','estrooband7l@edublogs.org'),(275,1,32,'Wittier','Tamiko','+222 317 248 406','twittier7m@independent.co.uk'),(276,1,228,'Nias','Nikos','+558 482 610 699','nnias7n@digg.com'),(277,1,92,'Cottrill','Debera','+326 156 250 819','dcottrill7o@sfgate.com'),(278,1,196,'Veracruysse','Auroora','+905 807 803 034','averacruysse7p@nymag.com'),(279,2,7,'Savege','Archibold','+775 539 229 803','asavege7q@zimbio.com'),(280,2,193,'Gilman','Rockwell','+501 532 079 244','rgilman7r@blogtalkradio.com'),(281,2,152,'Scardifeild','Clem','+549 709 731 965','cscardifeild7s@vkontakte.ru'),(282,2,33,'Vampouille','Korrie','+308 159 627 468','kvampouille7t@narod.ru'),(283,1,31,'Spittall','Wilona','+448 528 643 021','wspittall7u@google.fr'),(284,1,107,'Mandeville','Susie','+288 331 863 037','smandeville7v@desdev.cn'),(285,1,78,'Fawssett','Renaldo','+897 541 964 554','rfawssett7w@parallels.com'),(286,1,249,'Rozet','Maynord','+405 615 306 723','mrozet7x@google.fr'),(287,2,128,'MacMenemy','Ludovika','+820 290 615 965','lmacmenemy7y@comsenz.com'),(288,2,72,'De la Perrelle','Noe','+238 026 509 136','ndelaperrelle7z@sakura.ne.jp'),(289,2,82,'Cummine','Micheil','+681 911 388 158','mcummine80@histats.com'),(290,2,154,'Moyne','Carry','+752 126 398 132','cmoyne81@yahoo.co.jp'),(291,2,152,'Rosoman','Bunny','+959 097 065 295','brosoman82@flavors.me'),(292,1,197,'Taunton','Kendal','+071 672 472 226','ktaunton83@opera.com'),(293,1,46,'Valenta','Em','+650 953 489 859','evalenta84@nationalgeographic.com'),(294,2,107,'Goldie','Katrinka','+777 471 927 940','kgoldie85@nytimes.com'),(295,1,67,'Please','Giustino','+791 090 435 590','gplease86@npr.org'),(296,2,204,'Manifield','Rubia','+149 630 941 805','rmanifield87@wsj.com'),(297,2,156,'Dallan','Olimpia','+293 084 088 447','odallan88@cyberchimps.com'),(298,1,27,'McLucas','Ezechiel','+551 485 991 249','emclucas89@go.com'),(299,1,15,'Mokes','Engelbert','+976 525 786 641','emokes8a@usa.gov'),(300,2,214,'Jayes','Correy','+374 883 775 103','cjayes8b@amazon.co.uk'),(301,1,242,'Ojeda','Lianna','+310 413 289 077','lojeda8c@amazon.co.jp'),(302,2,78,'Clemoes','Saunder','+956 938 121 525','sclemoes8d@multiply.com'),(303,2,134,'McHale','Grantley','+404 201 221 674','gmchale8e@intel.com'),(304,2,167,'Blenkhorn','Mylo','+930 790 427 767','mblenkhorn8f@ebay.com'),(305,2,199,'Braund','Tani','+553 038 923 018','tbraund8g@tmall.com'),(306,1,210,'Wedge','Philipa','+174 562 306 611','pwedge8h@edublogs.org'),(307,2,226,'Raccio','Sallyanne','+702 175 042 534','sraccio8i@vk.com'),(308,1,65,'Bownas','Frederica','+271 669 517 972','fbownas8j@nba.com'),(309,1,96,'Toman','Ellette','+681 220 115 596','etoman8k@diigo.com'),(310,2,236,'Prujean','Roanne','+005 315 886 426','rprujean8l@smugmug.com'),(311,1,145,'Duigenan','Beth','+103 154 642 283','bduigenan8m@plala.or.jp'),(312,1,34,'Paz','Torie','+385 531 582 337','tpaz8n@paypal.com'),(313,2,192,'Punt','Lita','+781 682 126 221','lpunt8o@over-blog.com'),(314,2,161,'Krysztofowicz','Egbert','+295 561 903 187','ekrysztofowicz8p@ihg.com'),(315,2,63,'Pritty','Cynde','+704 891 175 344','cpritty8q@discovery.com'),(316,2,189,'Stook','Justis','+126 613 654 141','jstook8r@etsy.com'),(317,1,143,'Trays','Ritchie','+305 752 832 128','rtrays8s@theguardian.com'),(318,2,38,'Shyram','Charla','+529 167 536 642','cshyram8t@tinypic.com'),(319,1,159,'Labitt','Betti','+222 474 694 209','blabitt8u@taobao.com'),(320,1,239,'Tschiersch','Leoine','+641 569 442 297','ltschiersch8v@networkadvertising.org'),(321,2,33,'Armytage','Orelee','+176 515 663 568','oarmytage8w@prlog.org'),(322,2,36,'Wildbore','Billie','+722 204 981 384','bwildbore8x@joomla.org'),(323,2,92,'Brogini','Bethany','+453 403 463 163','bbrogini8y@ebay.co.uk'),(324,1,237,'Marquet','Timothee','+168 042 367 164','tmarquet8z@chron.com'),(325,1,146,'Wardle','Lusa','+953 027 884 995','lwardle90@ft.com'),(326,1,94,'Sewall','Ofelia','+220 427 480 961','osewall91@slideshare.net'),(327,1,61,'Coldtart','Rosalia','+725 096 402 212','rcoldtart92@howstuffworks.com'),(328,1,119,'Graver','Steffie','+428 983 140 043','sgraver93@angelfire.com'),(329,2,239,'Issac','Murial','+880 167 166 483','missac94@fastcompany.com'),(330,2,6,'Mullins','Derrek','+243 403 138 850','dmullins95@shop-pro.jp'),(331,1,132,'Heathcote','Scott','+848 465 849 469','sheathcote96@biglobe.ne.jp'),(332,1,25,'Perassi','Thelma','+412 455 726 818','tperassi97@feedburner.com'),(333,2,123,'Jermy','Marwin','+923 660 730 985','mjermy98@toplist.cz'),(334,1,229,'Mabbs','Phillie','+116 616 233 912','pmabbs99@tripod.com'),(335,1,236,'Gorhardt','Reyna','+789 173 683 396','rgorhardt9a@google.it'),(336,2,234,'Crangle','Rafferty','+405 117 527 525','rcrangle9b@webeden.co.uk'),(337,1,7,'Fredi','Alexia','+790 074 227 105','afredi9c@biblegateway.com'),(338,2,170,'Winwright','Meier','+524 187 502 566','mwinwright9d@google.co.uk'),(339,1,201,'Shepard','Ber','+041 521 409 941','bshepard9e@google.it'),(340,2,11,'Kirkam','Ree','+227 871 624 570','rkirkam9f@mayoclinic.com'),(341,2,161,'Parkinson','Rollins','+899 360 943 626','rparkinson9g@google.cn'),(342,1,141,'McVane','Simonette','+401 039 992 255','smcvane9h@aboutads.info'),(343,2,187,'Moden','Adoree','+747 048 649 810','amoden9i@cnn.com'),(344,1,89,'Gaythorpe','Dorelia','+033 600 217 130','dgaythorpe9j@photobucket.com'),(345,1,129,'Hickisson','Alister','+021 565 326 947','ahickisson9k@dailymotion.com'),(346,2,23,'Lippitt','Agatha','+767 796 210 818','alippitt9l@cam.ac.uk'),(347,2,121,'Orrill','Cchaddie','+129 553 847 854','corrill9m@economist.com'),(348,2,84,'Chadwell','Stefa','+918 340 736 636','schadwell9n@wordpress.com'),(349,2,17,'Cakes','Nancie','+271 568 263 670','ncakes9o@tinypic.com'),(350,1,154,'McLemon','Karlens','+248 503 925 770','kmclemon9p@digg.com'),(351,2,116,'Fockes','Florette','+886 734 715 403','ffockes9q@woothemes.com'),(352,1,74,'Duggon','Clemmy','+384 095 534 359','cduggon9r@mapy.cz'),(353,2,180,'Ceschini','Carlie','+672 396 443 478','cceschini9s@ask.com'),(354,2,56,'Luciani','Matthias','+858 178 789 158','mluciani9t@buzzfeed.com'),(355,2,146,'Belchambers','Reade','+550 800 232 897','rbelchambers9u@bandcamp.com'),(356,2,44,'Lever','Sianna','+538 918 104 654','slever9v@marriott.com'),(357,1,150,'Sexton','Gretchen','+693 004 784 676','gsexton9w@techcrunch.com'),(358,2,129,'Worvill','Maurine','+495 788 019 935','mworvill9x@usatoday.com'),(359,2,142,'Keston','Anitra','+930 777 210 134','akeston9y@jalbum.net'),(360,1,214,'Seals','Diarmid','+983 604 814 992','dseals9z@clickbank.net'),(361,1,115,'Brewood','Hy','+282 134 371 983','hbrewooda0@tinyurl.com'),(362,2,154,'Coster','Dorise','+303 134 018 753','dcostera1@sbwire.com'),(363,1,88,'Brimblecomb','Giralda','+672 139 386 232','gbrimblecomba2@google.cn'),(364,2,91,'Aharoni','Ursala','+872 918 538 743','uaharonia3@wordpress.org'),(365,2,160,'Orrom','Floyd','+726 752 556 161','forroma4@360.cn'),(366,2,226,'Wortley','Renelle','+415 205 373 564','rwortleya5@hhs.gov'),(367,1,188,'Mincini','Duky','+783 726 933 760','dmincinia6@census.gov'),(368,1,93,'Daens','Anders','+697 551 963 938','adaensa7@cdbaby.com'),(369,1,192,'Pourveer','Annie','+244 905 500 554','apourveera8@wix.com'),(370,2,53,'Fayerbrother','Isabelle','+271 378 496 178','ifayerbrothera9@google.com'),(371,1,185,'Braitling','Alick','+101 674 412 933','abraitlingaa@elpais.com'),(372,2,88,'Ferreri','Stevena','+900 418 384 178','sferreriab@irs.gov'),(373,2,138,'Gorden','Amberly','+253 747 866 581','agordenac@domainmarket.com'),(374,2,134,'Camings','Dulcy','+331 876 425 584','dcamingsad@dyndns.org'),(375,1,101,'Jeffels','Gabi','+962 203 323 340','gjeffelsae@hao123.com'),(376,2,198,'Cleft','Roxine','+150 524 902 974','rcleftaf@booking.com'),(377,1,166,'Budleigh','Bevin','+252 803 983 511','bbudleighag@livejournal.com'),(378,1,60,'Lortzing','Nessa','+413 207 255 351','nlortzingah@yellowbook.com'),(379,2,78,'McCory','Stella','+980 713 141 745','smccoryai@fema.gov'),(380,2,182,'Newton','Fulvia','+282 504 082 333','fnewtonaj@opensource.org'),(381,2,11,'Maylor','Pat','+178 211 410 985','pmaylorak@yellowbook.com'),(382,2,69,'Rugieri','Correna','+079 480 259 645','crugierial@ow.ly'),(383,2,63,'Killoran','Shelagh','+780 226 582 391','skilloranam@economist.com'),(384,1,128,'Halsey','Shirline','+923 875 135 472','shalseyan@vistaprint.com'),(385,1,203,'Maha','Rona','+074 119 966 958','rmahaao@youtube.com'),(386,2,235,'Powdrell','Ashli','+485 811 998 420','apowdrellap@ameblo.jp'),(387,2,77,'Halm','Donny','+319 324 290 623','dhalmaq@yahoo.com'),(388,2,179,'Dines','Maye','+986 525 063 039','mdinesar@nps.gov'),(389,2,177,'Gration','Tucky','+288 383 377 686','tgrationas@studiopress.com'),(390,2,27,'Berkery','Gabrielle','+618 633 376 297','gberkeryat@examiner.com'),(391,2,69,'Klulicek','Gaven','+465 805 945 678','gklulicekau@wp.com'),(392,1,239,'Semerad','Ingrid','+627 801 031 180','isemeradav@nbcnews.com'),(393,2,128,'Colquhoun','Tiff','+014 961 002 206','tcolquhounaw@pcworld.com'),(394,2,201,'Cleobury','Sharia','+513 187 212 004','scleoburyax@shutterfly.com'),(395,1,173,'Francke','Zorana','+941 857 750 601','zfranckeay@google.fr'),(396,1,208,'Battams','Arvin','+087 960 722 969','abattamsaz@yale.edu'),(397,2,197,'Beedle','Birdie','+940 905 288 431','bbeedleb0@ted.com'),(398,1,219,'Gerrell','Corissa','+892 108 687 687','cgerrellb1@fotki.com'),(399,2,71,'Tetsall','Henry','+598 203 513 194','htetsallb2@liveinternet.ru'),(400,2,73,'Malt','Maribel','+861 045 595 155','mmaltb3@intel.com'),(401,1,22,'Nolton','Cassandre','+323 967 640 107','cnoltonb4@deviantart.com'),(402,2,242,'Semiraz','Felic','+003 480 916 497','fsemirazb5@ucoz.ru'),(403,1,127,'Samart','Lucie','+641 629 665 783','lsamartb6@angelfire.com'),(404,2,247,'Garment','Eada','+725 552 781 507','egarmentb7@pcworld.com'),(405,1,69,'Durn','Aretha','+925 865 000 756','adurnb8@wufoo.com'),(406,2,84,'Benham','Rheta','+253 383 995 439','rbenhamb9@vistaprint.com'),(407,2,206,'O\'Hanlon','Janine','+551 889 846 325','johanlonba@imageshack.us'),(408,2,176,'Calow','Eric','+096 214 185 124','ecalowbb@arstechnica.com'),(409,2,187,'Dusting','Uta','+752 485 430 909','udustingbc@prweb.com'),(410,2,22,'Botterell','Diahann','+580 161 556 246','dbotterellbd@huffingtonpost.com'),(411,1,157,'Ditter','Othello','+923 927 160 109','oditterbe@edublogs.org'),(412,1,163,'Kubis','York','+668 581 814 996','ykubisbf@goo.ne.jp'),(413,1,90,'Franzen','Mel','+670 020 103 563','mfranzenbg@go.com'),(414,1,65,'Hancock','Milty','+264 369 177 005','mhancockbh@tripadvisor.com'),(415,2,88,'Trees','Tremain','+924 460 534 421','ttreesbi@mapy.cz'),(416,2,96,'Rishbrook','Jacquenetta','+619 229 664 138','jrishbrookbj@ox.ac.uk'),(417,1,179,'Kelleher','Boote','+318 831 091 397','bkelleherbk@miibeian.gov.cn'),(418,2,170,'Smythin','Vince','+864 975 237 048','vsmythinbl@merriam-webster.com'),(419,1,243,'Stonhouse','Felice','+085 265 395 910','fstonhousebm@ucsd.edu'),(420,1,32,'Henighan','Wallie','+929 829 983 066','whenighanbn@slideshare.net'),(421,2,192,'Vany','Della','+494 797 759 571','dvanybo@scribd.com'),(422,2,149,'Larver','Berenice','+039 042 581 267','blarverbp@ucoz.ru'),(423,2,15,'Knocker','Halie','+230 118 127 189','hknockerbq@berkeley.edu'),(424,2,87,'Hellwich','Tyne','+683 574 030 003','thellwichbr@japanpost.jp'),(425,2,228,'Ebbings','Madonna','+698 621 903 597','mebbingsbs@nba.com'),(426,2,227,'McGuiney','Darrell','+377 900 344 130','dmcguineybt@mozilla.com'),(427,1,76,'Seamon','Stanleigh','+283 891 282 172','sseamonbu@accuweather.com'),(428,2,209,'Stobo','Desiree','+349 990 278 738','dstobobv@weibo.com'),(429,1,48,'Fanner','Hermann','+095 645 527 220','hfannerbw@eventbrite.com'),(430,1,52,'Jessop','Sophey','+338 516 555 170','sjessopbx@globo.com'),(431,1,146,'Manes','Kimbell','+581 007 646 085','kmanesby@imgur.com'),(432,2,96,'Jeandot','Winny','+065 182 621 874','wjeandotbz@geocities.jp'),(433,1,35,'Rosenthal','Mechelle','+422 556 696 434','mrosenthalc0@cloudflare.com'),(434,2,41,'Darkin','Melosa','+090 485 775 467','mdarkinc1@pagesperso-orange.fr'),(435,2,5,'Willoughey','Frans','+560 417 377 235','fwillougheyc2@jalbum.net'),(436,2,20,'Scryne','Krystle','+999 339 154 704','kscrynec3@eepurl.com'),(437,2,170,'Mohun','Brena','+800 866 236 342','bmohunc4@apache.org'),(438,1,245,'MacGilfoyle','Rayshell','+467 499 831 578','rmacgilfoylec5@ehow.com'),(439,1,156,'Royston','Fairleigh','+477 390 555 985','froystonc6@flickr.com'),(440,1,20,'Karppi','Tildi','+909 105 289 306','tkarppic7@angelfire.com'),(441,1,62,'Ben','Rosalinda','+563 875 809 305','rbenc8@over-blog.com'),(442,1,182,'Phillp','Valida','+566 675 940 826','vphillpc9@shinystat.com'),(443,1,186,'Malam','Thebault','+037 515 515 164','tmalamca@sphinn.com'),(444,2,242,'Bolland','Franni','+354 419 482 444','fbollandcb@unesco.org'),(445,1,169,'Knellen','Marcelia','+968 351 044 924','mknellencc@facebook.com'),(446,1,42,'Lilford','Darrell','+488 846 447 307','dlilfordcd@princeton.edu'),(447,1,139,'Eaton','Francisca','+560 145 470 719','featonce@netvibes.com'),(448,1,138,'Way','Lila','+277 867 429 137','lwaycf@nhs.uk'),(449,2,31,'Weatherell','Jarrad','+768 050 250 020','jweatherellcg@so-net.ne.jp'),(450,1,173,'Verey','Wynnie','+130 389 211 083','wvereych@businessweek.com'),(451,1,160,'Sentance','Ardys','+744 910 682 671','asentanceci@businesswire.com'),(452,1,129,'Larkings','Loleta','+924 555 623 888','llarkingscj@github.io'),(453,2,240,'Machon','Troy','+051 283 567 024','tmachonck@jimdo.com'),(454,1,158,'Shorto','Doralynn','+470 525 274 554','dshortocl@reddit.com'),(455,2,75,'Balogh','Ashlin','+953 232 265 643','abaloghcm@discovery.com'),(456,1,131,'Lathee','Donnajean','+649 527 807 512','dlatheecn@google.com'),(457,2,145,'Leavry','Vania','+164 691 776 946','vleavryco@ifeng.com'),(458,2,219,'Roman','Rakel','+606 409 856 631','rromancp@weebly.com'),(459,1,81,'Nation','Hedvige','+678 502 033 756','hnationcq@stanford.edu'),(460,1,196,'MacKonochie','Yalonda','+031 175 424 898','ymackonochiecr@gov.uk'),(461,2,30,'Surpliss','Flor','+036 350 316 267','fsurplisscs@howstuffworks.com'),(462,1,155,'Tuer','Aleen','+837 693 271 539','atuerct@eventbrite.com'),(463,1,89,'Genicke','Deane','+855 845 567 139','dgenickecu@blinklist.com'),(464,2,172,'Littledyke','Boyce','+028 288 466 534','blittledykecv@wikipedia.org'),(465,2,220,'Dyball','Alfy','+472 942 640 791','adyballcw@marketwatch.com'),(466,1,29,'Skeggs','Abagail','+247 361 749 732','askeggscx@hubpages.com'),(467,2,123,'Ridsdole','Terrill','+614 923 104 308','tridsdolecy@samsung.com'),(468,1,78,'Liddington','Russell','+363 053 322 562','rliddingtoncz@bravesites.com'),(469,2,248,'Semmence','Russell','+373 619 704 807','rsemmenced0@constantcontact.com'),(470,1,157,'Flannery','Hilly','+331 112 322 402','hflanneryd1@free.fr'),(471,2,17,'Worman','Cloris','+703 388 123 907','cwormand2@census.gov'),(472,1,250,'Powder','Mandie','+961 535 773 261','mpowderd3@ocn.ne.jp'),(473,1,81,'Fouch','Kristel','+688 529 070 021','kfouchd4@marketwatch.com'),(474,2,82,'Amps','Kit','+906 576 051 680','kampsd5@tinyurl.com'),(475,2,162,'Cleator','Othella','+720 941 759 432','ocleatord6@noaa.gov'),(476,2,49,'Cornall','Layla','+585 171 153 928','lcornalld7@etsy.com'),(477,2,64,'Farnsworth','Maurise','+283 612 374 766','mfarnsworthd8@dmoz.org'),(478,2,85,'Fellenor','Locke','+466 813 915 432','lfellenord9@xing.com'),(479,1,201,'Royds','Timofei','+794 998 815 298','troydsda@wufoo.com'),(480,1,118,'Lamb-shine','Haleigh','+139 762 878 085','hlambshinedb@webmd.com'),(481,2,168,'Kollaschek','Francoise','+735 522 247 218','fkollaschekdc@mit.edu'),(482,2,81,'Mowles','Zitella','+597 357 905 870','zmowlesdd@skyrock.com'),(483,1,43,'Calterone','Aldo','+872 457 992 808','acalteronede@rediff.com'),(484,2,88,'Veschi','Caresa','+660 697 360 777','cveschidf@miibeian.gov.cn'),(485,1,43,'Learmouth','Hugh','+558 428 678 635','hlearmouthdg@google.com.au'),(486,1,242,'Campanelle','Sharlene','+618 630 050 817','scampanelledh@guardian.co.uk'),(487,1,29,'Kubicki','Tab','+830 829 853 755','tkubickidi@sitemeter.com'),(488,2,247,'Freed','Correna','+134 338 306 973','cfreeddj@youku.com'),(489,1,202,'Petegre','Nelly','+061 361 616 439','npetegredk@merriam-webster.com'),(490,1,48,'Lewer','Clovis','+522 835 780 467','clewerdl@unesco.org'),(491,2,81,'de Zamora','Liesa','+418 756 065 701','ldezamoradm@irs.gov'),(492,2,8,'Stickins','Carlita','+847 003 090 934','cstickinsdn@ehow.com'),(493,1,217,'Carley','Sonya','+332 789 503 247','scarleydo@youtu.be'),(494,2,58,'Furmenger','Torrin','+984 157 698 151','tfurmengerdp@kickstarter.com'),(495,2,136,'Zarb','Valdemar','+681 396 286 052','vzarbdq@boston.com'),(496,2,103,'Hutley','Colet','+121 017 268 898','chutleydr@hostgator.com'),(497,1,146,'Wenderott','Jewelle','+928 526 988 482','jwenderottds@mit.edu'),(498,2,97,'Lowery','Steffen','+149 796 112 410','slowerydt@blog.com'),(499,2,188,'Keyte','Spencer','+621 589 101 698','skeytedu@pagesperso-orange.fr'),(500,1,213,'Allcott','Barbra','+419 099 226 218','ballcottdv@yandex.ru'),(501,2,65,'Linnett','Shea','+493 947 148 283','slinnettdw@amazonaws.com'),(502,2,150,'Hurdis','Eartha','+904 038 020 165','ehurdisdx@vk.com'),(503,1,180,'Start','Free','+323 650 892 692','fstartdy@webeden.co.uk'),(504,2,128,'Tidcomb','Bernetta','+206 344 480 508','btidcombdz@issuu.com'),(505,1,92,'Bailess','Danice','+436 130 269 750','dbailesse0@amazon.com'),(506,1,217,'Sarath','Lane','+877 461 571 190','lsarathe1@theguardian.com'),(507,1,120,'Thomazet','Rodolph','+120 697 130 637','rthomazete2@apache.org'),(508,2,158,'Veivers','Jolie','+634 340 899 256','jveiverse3@nymag.com'),(509,2,96,'Milliken','Gretchen','+727 527 799 204','gmillikene4@java.com'),(510,2,144,'Morgan','Ulysses','+369 410 343 564','umorgane5@edublogs.org'),(511,2,197,'Slamaker','Lane','+111 079 959 886','lslamakere6@amazon.com'),(512,1,226,'Connew','Nathanial','+120 652 977 648','nconnewe7@tamu.edu'),(513,1,220,'Witherbed','Fanchon','+720 780 136 630','fwitherbede8@zimbio.com'),(514,2,128,'Bonson','Corabella','+343 436 191 770','cbonsone9@mlb.com'),(515,2,67,'Tipler','Kissiah','+267 391 583 526','ktiplerea@baidu.com'),(516,1,208,'Targett','Stella','+460 298 568 785','stargetteb@businessinsider.com'),(517,2,104,'Towsie','Beatrix','+842 376 673 176','btowsieec@stanford.edu'),(518,1,20,'Maybery','Candy','+559 611 994 763','cmayberyed@taobao.com'),(519,1,71,'Lawdham','Renee','+141 130 871 775','rlawdhamee@i2i.jp'),(520,1,204,'Dornin','Addison','+436 435 605 312','adorninef@xinhuanet.com'),(521,1,204,'Humblestone','Giorgio','+144 023 485 185','ghumblestoneeg@economist.com'),(522,2,208,'Angrick','Cleve','+634 218 917 894','cangrickeh@blogspot.com'),(523,2,71,'Narramor','Trstram','+227 472 320 658','tnarramorei@blog.com'),(524,1,49,'Hannay','Micheal','+749 968 539 104','mhannayej@ed.gov'),(525,2,145,'Auchterlonie','Jerry','+780 027 155 984','jauchterlonieek@weibo.com'),(526,1,155,'Longley','Lynne','+230 379 638 542','llongleyel@wired.com'),(527,1,76,'Spira','Lloyd','+907 678 259 959','lspiraem@netscape.com'),(528,1,213,'Arnaudet','Christa','+092 650 480 402','carnaudeten@netvibes.com'),(529,2,96,'Bausor','Nil','+215 133 946 326','nbausoreo@cam.ac.uk'),(530,1,31,'Ahlin','Luke','+952 599 587 190','lahlinep@surveymonkey.com'),(531,2,111,'Skilbeck','Binnie','+426 455 162 866','bskilbeckeq@amazonaws.com'),(532,2,177,'de Keyser','Pam','+865 468 530 059','pdekeyserer@dailymail.co.uk'),(533,1,159,'Blaschek','Bunni','+983 448 841 149','bblaschekes@storify.com'),(534,1,246,'Danels','Franklin','+124 653 139 302','fdanelset@umn.edu'),(535,1,8,'Geram','Teodoro','+879 386 501 905','tgerameu@netvibes.com'),(536,1,144,'Ninnis','Leonelle','+051 762 202 791','lninnisev@fastcompany.com'),(537,1,244,'Reavell','Selig','+449 257 219 635','sreavellew@rediff.com'),(538,1,156,'Evers','Vivianna','+982 031 452 725','veversex@slashdot.org'),(539,2,234,'Buzek','Betteann','+739 189 174 176','bbuzekey@meetup.com'),(540,1,93,'Tench','Katherina','+911 625 711 483','ktenchez@ucsd.edu'),(541,1,130,'Whissell','Aile','+244 863 352 286','awhissellf0@mail.ru'),(542,1,1,'Fargher','Oralee','+084 418 451 044','ofargherf1@dailymail.co.uk'),(543,1,176,'Heister','Georgina','+331 313 503 532','gheisterf2@army.mil'),(544,2,53,'Ledbetter','Freeman','+723 395 877 642','fledbetterf3@skyrock.com'),(545,2,65,'Kleinstub','Tallie','+455 407 611 803','tkleinstubf4@walmart.com'),(546,1,181,'Methringham','Morten','+604 511 523 567','mmethringhamf5@virginia.edu'),(547,1,182,'Nester','Pammi','+629 495 798 291','pnesterf6@sogou.com'),(548,2,18,'Hendriksen','Ulrika','+582 798 150 212','uhendriksenf7@bbc.co.uk'),(549,1,32,'Attewill','Sammy','+105 475 521 130','sattewillf8@newsvine.com'),(550,1,165,'Coolahan','Windham','+453 876 444 941','wcoolahanf9@smugmug.com'),(551,2,152,'Ruddlesden','Donia','+353 781 505 612','druddlesdenfa@hostgator.com'),(552,2,206,'McLucky','Betsy','+109 821 982 130','bmcluckyfb@blogger.com'),(553,2,95,'Coughlin','Harwell','+876 185 777 484','hcoughlinfc@smh.com.au'),(554,1,128,'Doak','Malvin','+729 711 682 821','mdoakfd@ycombinator.com'),(555,1,69,'Lipgens','Tammie','+299 226 404 869','tlipgensfe@businessinsider.com'),(556,2,250,'Stares','Kayne','+233 274 680 896','kstaresff@cornell.edu'),(557,1,61,'Cocke','Babbette','+530 935 708 390','bcockefg@vinaora.com'),(558,2,30,'Dell\'Abbate','Si','+674 674 933 849','sdellabbatefh@cnet.com'),(559,2,241,'Grimston','Nobie','+284 534 063 890','ngrimstonfi@ifeng.com'),(560,1,83,'Champken','Kaylil','+296 426 734 360','kchampkenfj@wikia.com'),(561,2,197,'Rivalland','Neilla','+491 624 987 517','nrivallandfk@google.com'),(562,2,91,'Braniff','Linnea','+751 914 844 592','lbranifffl@boston.com'),(563,1,89,'O\'Doherty','Lilli','+414 666 302 370','lodohertyfm@omniture.com'),(564,2,78,'MacCall','Ely','+416 845 599 421','emaccallfn@phpbb.com'),(565,2,200,'Ambrus','Myra','+104 789 252 375','mambrusfo@arizona.edu'),(566,1,140,'Giovannelli','Thorsten','+112 974 757 246','tgiovannellifp@sina.com.cn'),(567,1,95,'Belfit','Zedekiah','+574 460 796 698','zbelfitfq@netlog.com'),(568,2,229,'Bygate','Sergeant','+137 510 292 119','sbygatefr@parallels.com'),(569,1,9,'Eich','Tawsha','+874 069 931 416','teichfs@redcross.org'),(570,1,138,'Redmire','Ethyl','+467 124 195 034','eredmireft@phoca.cz'),(571,2,176,'Speke','Danell','+157 680 380 530','dspekefu@jigsy.com'),(572,2,20,'Grassett','Cathe','+813 028 139 980','cgrassettfv@phoca.cz'),(573,2,32,'Garnham','Arline','+374 704 213 630','agarnhamfw@hhs.gov'),(574,1,35,'Reinhart','Walker','+242 800 808 141','wreinhartfx@nifty.com'),(575,2,132,'Markson','Leonardo','+394 964 226 896','lmarksonfy@addthis.com'),(576,1,223,'Paulillo','Dexter','+350 309 304 135','dpaulillofz@columbia.edu'),(577,1,128,'Smedmoor','Phoebe','+131 486 766 774','psmedmoorg0@usda.gov'),(578,1,18,'Purcer','Juliette','+936 556 912 356','jpurcerg1@example.com'),(579,1,131,'Camilleri','Filippa','+253 267 591 221','fcamillerig2@geocities.com'),(580,1,98,'Berrey','Madel','+598 117 143 510','mberreyg3@fda.gov'),(581,2,181,'Selliman','Sindee','+663 566 047 305','ssellimang4@behance.net'),(582,1,116,'Liffey','Romola','+562 121 242 115','rliffeyg5@admin.ch'),(583,1,64,'Fardo','Manolo','+487 495 879 104','mfardog6@washingtonpost.com'),(584,1,171,'Erasmus','Eleonora','+451 754 626 744','eerasmusg7@nhs.uk'),(585,2,13,'Chipp','Tildi','+463 676 112 549','tchippg8@opensource.org'),(586,1,244,'Baildon','Rosabel','+433 094 933 418','rbaildong9@redcross.org'),(587,1,234,'MacConnel','Emmeline','+197 903 491 894','emacconnelga@abc.net.au'),(588,2,211,'Yushkov','Liv','+320 645 537 474','lyushkovgb@bing.com'),(589,2,213,'Fotherby','Tannie','+366 057 431 579','tfotherbygc@buzzfeed.com'),(590,2,121,'Egle of Germany','Maridel','+275 711 152 208','megleofgermanygd@ucsd.edu'),(591,2,209,'Longo','Orland','+049 298 665 771','olongoge@msu.edu'),(592,2,172,'Fridaye','Amandy','+791 751 291 676','afridayegf@intel.com'),(593,1,1,'MacKilroe','Avery','+010 445 788 266','amackilroegg@canalblog.com'),(594,2,18,'McIlwraith','Esdras','+541 129 308 081','emcilwraithgh@ox.ac.uk'),(595,2,209,'Coneau','Bibbie','+818 953 157 469','bconeaugi@seattletimes.com'),(596,1,79,'Gribbin','Briggs','+728 983 911 765','bgribbingj@biglobe.ne.jp'),(597,2,199,'Daffey','Leonerd','+720 019 375 519','ldaffeygk@surveymonkey.com'),(598,2,182,'Benit','Tallie','+828 934 889 592','tbenitgl@bing.com'),(599,1,35,'Gwinnell','Yorke','+534 630 325 887','ygwinnellgm@ox.ac.uk'),(600,2,181,'Titman','Renie','+145 019 684 407','rtitmangn@shutterfly.com');
/*!40000 ALTER TABLE `clients` ENABLE KEYS */;
UNLOCK TABLES;

--
-- Table structure for table `contracts`
--

DROP TABLE IF EXISTS `contracts`;
/*!40101 SET @saved_cs_client     = @@character_set_client */;
/*!40101 SET character_set_client = utf8 */;
CREATE TABLE `contracts` (
  `CONTRACT_ID` int(11) NOT NULL,
  `CLIENT_ID` int(11) NOT NULL,
  `DESCRIPTION` varchar(200) DEFAULT NULL,
  `DATE_OF_RECEIPT` date DEFAULT NULL,
  `DATE_START` date DEFAULT NULL,
  `DATE_END` date DEFAULT NULL,
  `COST` decimal(10,2) DEFAULT NULL,
  PRIMARY KEY (`CONTRACT_ID`),
  KEY `IXFK_CONTRACTS_CLIENTS` (`CLIENT_ID`),
  CONSTRAINT `FK_CONTRACTS_CLIENTS` FOREIGN KEY (`CLIENT_ID`) REFERENCES `clients` (`CLIENT_ID`) ON DELETE CASCADE ON UPDATE CASCADE
) ENGINE=InnoDB DEFAULT CHARSET=utf8;
/*!40101 SET character_set_client = @saved_cs_client */;

--
-- Dumping data for table `contracts`
--

LOCK TABLES `contracts` WRITE;
/*!40000 ALTER TABLE `contracts` DISABLE KEYS */;
INSERT INTO `contracts` VALUES (1,224,'Computers','2016-12-29','2017-01-06',NULL,20916.00),(2,439,'Clothing','2016-04-17','2016-04-21','2016-09-09',76204.00),(3,528,'Industrial','2018-01-05','2018-01-14','2018-03-24',27602.00),(4,152,'Outdoors','2017-07-07','2017-07-15','2017-11-10',55989.00),(5,278,'Garden','2017-11-13','2017-11-22',NULL,53562.00),(6,584,'Garden','2017-02-27','2017-03-06','2017-05-02',43716.00),(7,520,'Clothing','2015-07-22','2015-07-25','2015-08-12',39098.00),(8,361,'Outdoors','2018-07-02','2018-07-11','2018-08-23',31916.00),(9,396,'Jewelery','2016-06-14','2016-06-22',NULL,3199.00),(10,371,'Garden','2018-02-24','2018-03-02',NULL,74425.00),(11,339,'Movies','2019-02-14','2019-02-23',NULL,10371.00),(12,500,'Garden','2015-08-29','2015-09-03',NULL,32412.00),(13,182,'Shoes','2017-02-23','2017-02-24','2017-04-03',60933.00),(14,166,'Jewelery','2017-05-11','2017-05-16','2017-07-18',83973.00),(15,385,'Garden','2016-10-23','2016-10-27','2017-02-04',74357.00),(16,385,'Tools','2016-09-21','2016-09-29','2016-12-08',46810.00),(17,87,'Sports','2017-11-29','2017-11-29',NULL,33316.00),(18,483,'Tools','2015-11-17','2015-11-23','2016-04-13',46323.00),(19,145,'Games','2018-03-29','2018-04-08','2018-09-04',59451.00),(20,486,'Health','2016-09-07','2016-09-10','2016-10-30',27085.00),(21,530,'Jewelery','2015-08-20','2015-08-21',NULL,12501.00),(22,185,'Industrial','2017-09-09','2017-09-10','2017-10-25',92478.00),(23,165,'Tools','2017-08-18','2017-08-27','2017-12-02',9822.00),(24,116,'Tools','2018-07-20','2018-07-23','2018-09-15',15171.00),(25,442,'Sports','2018-03-11','2018-03-18',NULL,98293.00),(26,96,'Toys','2016-10-13','2016-10-16','2017-01-27',68127.00),(27,40,'Automotive','2017-02-07','2017-02-08','2017-06-10',30891.00),(28,188,'Shoes','2018-05-26','2018-05-27','2018-07-24',29921.00),(29,468,'Tools','2016-09-04','2016-09-13','2016-11-21',32270.00),(30,170,'Outdoors','2015-09-08','2015-09-14','2016-02-01',97597.00),(31,50,'Outdoors','2019-03-03','2019-03-05','2019-03-22',19583.00),(32,225,'Clothing','2016-11-16','2016-11-25',NULL,67037.00),(33,158,'Garden','2018-04-09','2018-04-12',NULL,49729.00),(34,566,'Sports','2017-06-17','2017-06-21','2017-09-03',94460.00),(35,18,'Health','2016-02-18','2016-02-19',NULL,36334.00),(36,185,'Movies','2016-05-24','2016-06-03',NULL,83432.00),(37,447,'Movies','2016-04-11','2016-04-14','2016-05-12',93244.00),(38,167,'Music','2019-03-05','2019-03-10','2019-05-12',59401.00),(39,181,'Computers','2018-09-17','2018-09-23',NULL,56576.00),(40,273,'Grocery','2016-08-24','2016-08-27',NULL,79522.00),(41,384,'Clothing','2017-10-20','2017-10-26',NULL,12265.00),(42,247,'Clothing','2017-04-25','2017-04-27','2017-06-16',84632.00),(43,401,'Jewelery','2016-04-18','2016-04-20','2016-07-08',94416.00),(44,98,'Books','2016-05-07','2016-05-14',NULL,51564.00),(45,566,'Industrial','2017-07-10','2017-07-11','2017-09-19',34431.00),(46,368,'Beauty','2018-05-24','2018-05-31',NULL,18144.00),(47,104,'Shoes','2015-07-15','2015-07-17','2015-08-13',73334.00),(48,272,'Sports','2017-06-08','2017-06-15','2017-08-13',73461.00),(49,298,'Toys','2019-01-19','2019-01-29','2019-02-09',93235.00),(50,225,'Tools','2017-12-27','2018-01-01','2018-05-31',22025.00),(51,371,'Garden','2017-05-28','2017-06-03',NULL,36643.00),(52,95,'Grocery','2017-03-14','2017-03-20',NULL,43066.00),(53,145,'Outdoors','2018-01-30','2018-02-09',NULL,91207.00),(54,447,'Outdoors','2016-05-31','2016-06-08','2016-07-27',65802.00),(55,180,'Tools','2015-09-24','2015-09-30',NULL,23202.00),(56,417,'Movies','2016-10-28','2016-10-31',NULL,97699.00),(57,164,'Electronics','2017-08-18','2017-08-28',NULL,47781.00),(58,440,'Automotive','2016-11-28','2016-11-30',NULL,9266.00),(59,212,'Clothing','2018-05-30','2018-06-07','2018-06-19',16150.00),(60,429,'Games','2015-12-01','2015-12-10','2015-12-21',78607.00),(61,543,'Baby','2018-12-29','2019-01-08',NULL,1531.00),(62,129,'Music','2018-06-05','2018-06-08',NULL,70223.00),(63,570,'Automotive','2016-12-15','2016-12-20','2017-02-06',12435.00),(64,193,'Outdoors','2015-11-24','2015-12-04','2016-04-06',14716.00),(65,107,'Health','2015-04-28','2015-05-07','2015-09-12',64520.00),(66,317,'Electronics','2017-09-16','2017-09-25','2017-11-13',62141.00),(67,273,'Beauty','2016-04-02','2016-04-03','2016-07-07',64286.00),(68,352,'Games','2017-05-15','2017-05-22','2017-06-08',67772.00),(69,104,'Grocery','2016-09-19','2016-09-26','2016-12-27',36768.00),(70,133,'Toys','2018-03-24','2018-03-31',NULL,61410.00),(71,298,'Baby','2018-04-04','2018-04-10',NULL,38496.00),(72,420,'Clothing','2015-04-18','2015-04-23',NULL,20025.00),(73,21,'Electronics','2017-10-22','2017-10-28',NULL,8384.00),(74,197,'Health','2018-05-29','2018-05-31','2018-07-17',15589.00),(75,439,'Automotive','2017-02-01','2017-02-10','2017-06-21',34166.00),(76,123,'Automotive','2017-01-03','2017-01-05',NULL,60590.00),(77,185,'Automotive','2017-05-15','2017-05-24',NULL,41966.00),(78,212,'Music','2019-03-10','2019-03-17','2019-06-25',52446.00),(79,126,'Industrial','2018-11-19','2018-11-25',NULL,92809.00),(80,137,'Games','2016-12-24','2016-12-24',NULL,88922.00),(81,15,'Shoes','2016-10-11','2016-10-17','2017-03-15',78910.00),(82,87,'Home','2015-05-01','2015-05-06','2015-06-01',25297.00),(83,31,'Home','2016-07-27','2016-08-02','2016-11-29',90900.00),(84,190,'Clothing','2017-12-17','2017-12-25','2018-05-19',88075.00),(85,47,'Toys','2017-11-04','2017-11-07','2017-11-24',35795.00),(86,143,'Grocery','2015-09-22','2015-09-26','2015-11-09',6252.00),(87,286,'Computers','2017-03-08','2017-03-15',NULL,35952.00),(88,320,'Toys','2019-03-04','2019-03-11','2019-06-16',24174.00),(89,483,'Home','2018-09-13','2018-09-20',NULL,29397.00),(90,547,'Automotive','2016-07-07','2016-07-07','2016-11-07',2338.00),(91,276,'Garden','2018-11-04','2018-11-05','2019-01-21',9239.00),(92,312,'Jewelery','2017-04-21','2017-04-26',NULL,85248.00),(93,218,'Movies','2017-04-10','2017-04-18','2017-09-01',34647.00),(94,87,'Games','2016-05-23','2016-05-31','2016-08-16',48302.00),(95,56,'Jewelery','2018-09-29','2018-10-04','2018-12-10',70044.00),(96,543,'Home','2018-03-29','2018-04-08','2018-06-14',80055.00),(97,363,'Kids','2017-09-24','2017-09-24','2017-12-22',58620.00),(98,331,'Computers','2017-09-25','2017-10-01','2017-12-30',2106.00),(99,223,'Tools','2016-05-30','2016-06-03','2016-06-28',54135.00),(100,43,'Jewelery','2016-09-23','2016-10-02',NULL,64030.00),(101,377,'Beauty','2016-11-20','2016-11-27','2017-01-13',6146.00),(102,547,'Computers','2019-03-07','2019-03-15','2019-05-16',58863.00),(103,205,'Jewelery','2016-07-23','2016-07-26','2016-11-20',93323.00),(104,361,'Jewelery','2017-04-10','2017-04-11',NULL,49965.00),(105,443,'Health','2016-12-05','2016-12-09',NULL,50862.00),(106,261,'Home','2015-11-18','2015-11-27',NULL,26241.00),(107,547,'Automotive','2015-09-24','2015-09-25',NULL,83483.00),(108,273,'Movies','2018-03-19','2018-03-27',NULL,23849.00),(109,238,'Movies','2016-03-03','2016-03-05','2016-04-18',68809.00),(110,325,'Movies','2015-07-15','2015-07-23','2015-09-26',44308.00),(111,199,'Beauty','2018-05-04','2018-05-13','2018-09-13',15034.00),(112,447,'Home','2017-04-06','2017-04-15',NULL,52799.00),(113,554,'Grocery','2018-06-28','2018-06-30','2018-08-19',52405.00),(114,184,'Industrial','2016-08-10','2016-08-11',NULL,27942.00),(115,18,'Industrial','2018-10-14','2018-10-20','2019-01-15',29926.00),(116,417,'Movies','2015-07-12','2015-07-19',NULL,19745.00),(117,547,'Jewelery','2016-05-26','2016-06-02','2016-07-29',25635.00),(118,270,'Health','2016-05-16','2016-05-26','2016-06-06',36609.00),(119,204,'Music','2018-10-29','2018-11-05','2018-12-20',83662.00),(120,352,'Beauty','2015-07-17','2015-07-19','2015-10-29',74881.00),(121,599,'Computers','2016-09-28','2016-10-03','2017-01-28',87691.00),(122,68,'Computers','2016-10-02','2016-10-07','2017-03-05',50767.00),(123,293,'Clothing','2016-10-01','2016-10-03',NULL,84186.00),(124,12,'Beauty','2015-06-29','2015-07-05',NULL,24573.00),(125,326,'Computers','2016-08-08','2016-08-13','2016-12-10',87556.00),(126,433,'Baby','2016-03-20','2016-03-24',NULL,96685.00),(127,367,'Shoes','2017-02-11','2017-02-15',NULL,63251.00),(128,161,'Garden','2018-08-23','2018-09-01','2018-10-10',42716.00),(129,557,'Movies','2017-05-21','2017-05-31',NULL,31136.00),(130,542,'Home','2016-03-24','2016-04-02','2016-07-03',58777.00),(131,70,'Clothing','2015-04-17','2015-04-22',NULL,91881.00),(132,554,'Toys','2017-02-02','2017-02-06','2017-03-28',53190.00),(133,299,'Clothing','2019-03-18','2019-03-21',NULL,45329.00),(134,441,'Music','2017-06-15','2017-06-25','2017-08-21',49784.00),(135,286,'Toys','2017-10-28','2017-11-02',NULL,50386.00),(136,298,'Beauty','2019-02-12','2019-02-19',NULL,24148.00),(137,405,'Automotive','2019-03-12','2019-03-17','2019-08-05',76992.00),(138,50,'Baby','2016-02-11','2016-02-13','2016-04-11',79790.00),(139,557,'Toys','2016-01-14','2016-01-16',NULL,96374.00),(140,550,'Grocery','2015-04-28','2015-05-02',NULL,71437.00),(141,209,'Sports','2016-01-11','2016-01-17',NULL,79748.00),(142,184,'Music','2018-09-05','2018-09-14','2019-01-14',9159.00),(143,199,'Shoes','2016-02-10','2016-02-20','2016-03-16',79793.00),(144,229,'Automotive','2015-08-07','2015-08-11',NULL,2740.00),(145,299,'Toys','2016-09-15','2016-09-22',NULL,44581.00),(146,332,'Home','2017-07-20','2017-07-24',NULL,68561.00),(147,47,'Movies','2016-08-09','2016-08-11',NULL,37482.00),(148,283,'Toys','2016-06-02','2016-06-12','2016-08-27',56983.00),(149,174,'Music','2017-06-24','2017-07-02','2017-11-13',7608.00),(150,8,'Home','2017-10-25','2017-10-27','2017-12-02',32961.00),(151,181,'Industrial','2018-09-09','2018-09-10','2018-12-08',32460.00),(152,324,'Electronics','2015-12-29','2016-01-05',NULL,87237.00),(153,368,'Computers','2018-01-17','2018-01-23',NULL,17110.00),(154,452,'Tools','2018-10-08','2018-10-12','2019-01-01',93498.00),(155,309,'Games','2016-07-31','2016-08-08','2016-09-26',97976.00),(156,225,'Jewelery','2018-05-25','2018-05-27','2018-07-21',46816.00),(157,317,'Sports','2016-01-21','2016-01-22','2016-06-11',75870.00),(158,563,'Baby','2015-08-17','2015-08-20','2016-01-13',65223.00),(159,441,'Toys','2015-12-30','2016-01-05','2016-05-21',28270.00),(160,284,'Shoes','2017-08-12','2017-08-18','2018-01-11',95920.00),(161,520,'Books','2018-05-22','2018-05-30','2018-06-30',66322.00),(162,270,'Sports','2017-09-16','2017-09-24','2017-12-07',37745.00),(163,377,'Clothing','2017-04-18','2017-04-23',NULL,90815.00),(164,272,'Industrial','2016-06-28','2016-07-04','2016-09-16',61130.00),(165,512,'Movies','2015-06-13','2015-06-19','2015-09-21',99100.00),(166,276,'Grocery','2018-05-08','2018-05-17',NULL,92417.00),(167,417,'Movies','2017-06-26','2017-06-28','2017-10-03',65009.00),(168,462,'Computers','2018-07-03','2018-07-06','2018-12-02',93539.00),(169,180,'Toys','2015-10-06','2015-10-11',NULL,69111.00),(170,8,'Tools','2019-03-20','2019-03-23',NULL,78921.00),(171,21,'Beauty','2017-07-21','2017-07-22','2017-11-10',12734.00),(172,368,'Baby','2015-09-30','2015-10-06','2016-02-14',7265.00),(173,344,'Sports','2017-04-12','2017-04-19',NULL,94736.00),(174,512,'Electronics','2017-10-24','2017-10-26',NULL,10174.00),(175,126,'Home','2015-09-11','2015-09-13','2015-10-25',31551.00),(176,599,'Grocery','2018-04-19','2018-04-29','2018-09-10',35214.00),(177,196,'Automotive','2017-12-07','2017-12-08',NULL,20880.00),(178,40,'Sports','2018-06-23','2018-06-30','2018-08-09',71919.00),(179,331,'Clothing','2015-04-15','2015-04-17','2015-07-02',8453.00),(180,384,'Baby','2018-01-07','2018-01-11','2018-05-15',14648.00),(181,396,'Tools','2015-11-30','2015-12-05','2016-04-06',59602.00),(182,583,'Home','2015-05-19','2015-05-28',NULL,73785.00),(183,596,'Industrial','2017-01-24','2017-01-25','2017-02-15',70085.00),(184,209,'Industrial','2015-11-09','2015-11-18','2016-02-22',52953.00),(185,167,'Tools','2016-02-28','2016-03-05','2016-06-09',92821.00),(186,325,'Garden','2015-07-06','2015-07-10','2015-07-31',31918.00),(187,166,'Toys','2018-01-07','2018-01-10',NULL,73827.00),(188,317,'Music','2016-11-23','2016-11-29','2017-01-05',48043.00),(189,395,'Computers','2015-11-24','2015-12-02','2016-01-06',48819.00),(190,166,'Books','2015-11-16','2015-11-21','2015-12-08',66207.00),(191,202,'Toys','2016-02-11','2016-02-17','2016-03-12',70815.00),(192,30,'Books','2017-02-22','2017-02-26','2017-06-26',44619.00),(193,361,'Industrial','2016-02-04','2016-02-05',NULL,63285.00),(194,392,'Electronics','2017-10-25','2017-11-03',NULL,16066.00),(195,368,'Movies','2017-12-03','2017-12-10','2018-04-02',68182.00),(196,174,'Books','2017-07-15','2017-07-20',NULL,90042.00),(197,576,'Books','2016-11-04','2016-11-12','2017-01-12',13956.00),(198,535,'Tools','2016-01-29','2016-02-02','2016-03-26',54259.00),(199,328,'Automotive','2016-09-14','2016-09-23','2016-12-02',18526.00),(200,584,'Garden','2018-04-26','2018-04-29','2018-09-14',77777.00),(201,450,'Garden','2018-03-22','2018-03-25',NULL,59148.00),(202,114,'Clothing','2018-05-24','2018-06-02','2018-06-25',55296.00),(203,536,'Movies','2016-09-03','2016-09-04',NULL,71280.00),(204,361,'Shoes','2015-06-26','2015-07-02','2015-08-30',67293.00),(205,254,'Grocery','2017-12-14','2017-12-19',NULL,15060.00),(206,459,'Toys','2018-11-08','2018-11-12',NULL,61656.00),(207,278,'Computers','2016-07-26','2016-08-04','2016-11-26',23100.00),(208,395,'Tools','2019-03-04','2019-03-13',NULL,87037.00),(209,239,'Clothing','2015-11-17','2015-11-27','2016-01-20',37696.00),(210,574,'Home','2017-09-27','2017-10-06',NULL,47433.00),(211,368,'Beauty','2018-07-23','2018-07-24','2018-08-21',22738.00),(212,185,'Books','2019-03-09','2019-03-15','2019-05-27',38478.00),(213,369,'Industrial','2016-06-09','2016-06-12','2016-10-12',43119.00),(214,557,'Games','2015-11-01','2015-11-10',NULL,52900.00),(215,167,'Movies','2018-05-10','2018-05-17','2018-08-23',69822.00),(216,472,'Books','2016-09-25','2016-09-29','2016-11-15',87095.00),(217,207,'Health','2018-03-03','2018-03-11',NULL,93020.00),(218,536,'Automotive','2017-01-21','2017-01-31','2017-02-26',85071.00),(219,326,'Toys','2015-12-28','2015-12-31',NULL,78932.00),(220,177,'Games','2018-10-18','2018-10-27','2019-01-05',18114.00),(221,431,'Automotive','2018-05-13','2018-05-21','2018-06-23',72461.00),(222,309,'Toys','2017-12-07','2017-12-09','2018-04-24',97299.00),(223,229,'Electronics','2016-07-01','2016-07-10',NULL,34547.00),(224,309,'Outdoors','2017-01-15','2017-01-24',NULL,85943.00),(225,16,'Industrial','2018-09-15','2018-09-21',NULL,25123.00),(226,360,'Baby','2016-12-06','2016-12-13',NULL,15904.00),(227,472,'Kids','2015-06-11','2015-06-11','2015-11-02',34610.00),(228,327,'Home','2018-12-25','2018-12-31',NULL,96403.00),(229,587,'Garden','2018-07-18','2018-07-19',NULL,66218.00),(230,40,'Computers','2018-04-27','2018-04-30','2018-07-27',74707.00),(231,445,'Toys','2017-11-29','2017-12-08','2018-03-23',65553.00),(232,405,'Outdoors','2017-07-07','2017-07-15',NULL,9639.00),(233,538,'Movies','2015-10-13','2015-10-22','2016-01-01',15016.00),(234,574,'Computers','2016-08-06','2016-08-14','2016-10-01',31918.00),(235,342,'Industrial','2016-08-02','2016-08-06','2017-01-01',41263.00),(236,403,'Clothing','2018-11-05','2018-11-12','2019-02-20',44429.00),(237,99,'Shoes','2015-10-28','2015-11-03','2016-01-20',30585.00),(238,427,'Grocery','2017-06-05','2017-06-08','2017-10-31',29850.00),(239,541,'Clothing','2017-07-09','2017-07-16','2017-11-20',2696.00),(240,385,'Industrial','2017-04-21','2017-04-26','2017-08-22',12845.00),(241,309,'Games','2018-02-03','2018-02-12','2018-05-14',81482.00),(242,448,'Outdoors','2019-02-24','2019-03-03','2019-05-05',29716.00),(243,244,'Movies','2017-09-17','2017-09-20','2018-01-09',83038.00),(244,534,'Tools','2015-08-24','2015-08-27','2015-12-08',8631.00),(245,443,'Sports','2018-08-05','2018-08-10',NULL,52033.00),(246,193,'Shoes','2016-05-07','2016-05-13',NULL,31276.00),(247,535,'Music','2019-02-12','2019-02-19','2019-06-01',40127.00),(248,584,'Baby','2016-04-22','2016-05-01','2016-06-30',85490.00),(249,93,'Baby','2017-10-09','2017-10-19',NULL,93260.00),(250,98,'Jewelery','2016-05-28','2016-06-06','2016-10-20',76377.00),(251,18,'Shoes','2015-09-17','2015-09-21','2016-02-13',45919.00),(252,566,'Industrial','2018-05-03','2018-05-13',NULL,4213.00),(253,250,'Beauty','2017-06-08','2017-06-16',NULL,89707.00),(254,580,'Electronics','2016-10-11','2016-10-16','2016-12-29',52462.00),(255,126,'Garden','2017-04-19','2017-04-27','2017-06-16',25326.00),(256,312,'Grocery','2018-02-07','2018-02-07',NULL,19083.00),(257,582,'Tools','2015-06-28','2015-06-30',NULL,82162.00),(258,180,'Movies','2017-06-04','2017-06-11','2017-10-06',83105.00),(259,88,'Outdoors','2015-11-19','2015-11-23',NULL,62186.00),(260,566,'Industrial','2018-07-30','2018-07-30','2018-11-15',24965.00),(261,396,'Beauty','2017-10-05','2017-10-08',NULL,25762.00),(262,579,'Games','2017-09-20','2017-09-26',NULL,89059.00),(263,462,'Outdoors','2016-08-04','2016-08-12',NULL,61019.00),(264,184,'Clothing','2018-10-24','2018-10-26','2019-01-21',85040.00),(265,448,'Outdoors','2018-07-12','2018-07-19','2018-11-17',68600.00),(266,569,'Industrial','2018-02-23','2018-02-26',NULL,21614.00),(267,566,'Outdoors','2015-05-08','2015-05-16',NULL,93833.00),(268,60,'Beauty','2015-05-13','2015-05-20',NULL,95380.00),(269,557,'Clothing','2016-10-31','2016-11-05',NULL,30825.00),(270,276,'Grocery','2016-07-08','2016-07-10',NULL,17470.00),(271,186,'Electronics','2016-03-12','2016-03-13','2016-05-27',4533.00),(272,293,'Beauty','2016-07-20','2016-07-22',NULL,5670.00),(273,275,'Home','2018-10-13','2018-10-15','2018-11-08',71960.00),(274,368,'Garden','2018-04-20','2018-04-21',NULL,90741.00),(275,283,'Baby','2017-01-28','2017-01-31',NULL,64665.00),(276,298,'Sports','2015-09-28','2015-10-01',NULL,40088.00),(277,182,'Toys','2018-11-18','2018-11-27','2019-04-26',81789.00),(278,512,'Tools','2016-02-22','2016-02-28',NULL,12869.00),(279,224,'Toys','2016-04-24','2016-05-01','2016-06-04',1439.00),(280,240,'Electronics','2019-02-25','2019-03-01','2019-06-29',50794.00),(281,489,'Movies','2019-02-27','2019-03-02','2019-06-11',28624.00),(282,244,'Electronics','2016-11-13','2016-11-18',NULL,48257.00),(283,405,'Grocery','2016-10-06','2016-10-13','2016-10-31',93317.00),(284,259,'Grocery','2019-03-18','2019-03-20','2019-08-16',11694.00),(285,104,'Industrial','2016-02-01','2016-02-06',NULL,59631.00),(286,473,'Electronics','2015-05-04','2015-05-09','2015-06-08',15068.00),(287,555,'Books','2018-10-16','2018-10-26','2019-02-03',78430.00),(288,530,'Toys','2016-03-12','2016-03-12','2016-06-15',30573.00),(289,586,'Tools','2016-01-14','2016-01-22','2016-05-30',15324.00),(290,3,'Home','2017-11-03','2017-11-04',NULL,59478.00),(291,156,'Industrial','2018-03-11','2018-03-17','2018-06-05',68168.00),(292,42,'Toys','2017-09-19','2017-09-24',NULL,86320.00),(293,472,'Jewelery','2017-04-19','2017-04-24','2017-08-31',53770.00),(294,180,'Music','2016-06-10','2016-06-15',NULL,82580.00),(295,229,'Shoes','2015-06-19','2015-06-26',NULL,25564.00),(296,438,'Sports','2016-11-13','2016-11-20',NULL,39223.00),(297,375,'Shoes','2017-04-14','2017-04-15',NULL,27753.00),(298,221,'Shoes','2016-11-03','2016-11-07',NULL,84026.00),(299,443,'Tools','2017-10-13','2017-10-14','2017-12-29',14961.00),(300,43,'Sports','2017-01-01','2017-01-03',NULL,38616.00),(301,66,'Industrial','2016-11-07','2016-11-12',NULL,25379.00),(302,554,'Jewelery','2018-01-04','2018-01-06','2018-02-22',22460.00),(303,334,'Automotive','2018-05-29','2018-06-06','2018-09-14',40591.00),(304,110,'Tools','2016-12-15','2016-12-24',NULL,93005.00),(305,385,'Sports','2016-11-12','2016-11-14','2017-01-01',66980.00),(306,114,'Outdoors','2018-03-25','2018-03-29','2018-04-18',67357.00),(307,325,'Health','2017-10-18','2017-10-28','2018-03-03',51466.00),(308,574,'Movies','2017-10-22','2017-10-24',NULL,76785.00),(309,503,'Beauty','2018-12-10','2018-12-15','2019-04-04',61929.00),(310,236,'Automotive','2016-07-11','2016-07-19','2016-11-06',29632.00),(311,487,'Computers','2018-06-09','2018-06-18','2018-10-14',7639.00),(312,221,'Automotive','2018-11-26','2018-11-29','2019-01-10',83570.00),(313,216,'Books','2016-08-08','2016-08-13','2016-09-28',70345.00),(314,505,'Automotive','2018-12-04','2018-12-05','2019-04-13',88346.00),(315,337,'Clothing','2015-04-26','2015-04-28','2015-05-13',16903.00),(316,295,'Sports','2019-01-12','2019-01-21',NULL,69226.00),(317,159,'Computers','2016-06-05','2016-06-07','2016-07-07',94089.00),(318,196,'Sports','2017-01-22','2017-01-27','2017-04-20',79905.00),(319,543,'Computers','2016-10-21','2016-10-23','2016-12-28',65802.00),(320,490,'Computers','2016-09-23','2016-10-01','2017-01-19',39794.00),(321,268,'Garden','2016-06-06','2016-06-09',NULL,98860.00),(322,342,'Home','2018-09-21','2018-09-29','2019-02-17',3577.00),(323,219,'Games','2019-03-14','2019-03-21','2019-05-17',35225.00),(324,528,'Health','2018-05-30','2018-06-03',NULL,2712.00),(325,158,'Movies','2015-10-10','2015-10-19',NULL,42207.00),(326,519,'Clothing','2018-01-25','2018-01-28','2018-03-21',54635.00),(327,530,'Beauty','2016-01-13','2016-01-16',NULL,12378.00),(328,174,'Health','2017-09-16','2017-09-24',NULL,78422.00),(329,527,'Movies','2016-12-23','2016-12-31','2017-05-16',63134.00),(330,32,'Beauty','2017-12-10','2017-12-14',NULL,28881.00),(331,14,'Shoes','2019-01-18','2019-01-24',NULL,71576.00),(332,133,'Outdoors','2016-09-29','2016-10-09',NULL,12710.00),(333,143,'Computers','2017-04-02','2017-04-07',NULL,93166.00),(334,420,'Sports','2016-02-04','2016-02-13','2016-02-29',8370.00),(335,68,'Home','2015-10-21','2015-10-30','2015-12-16',84513.00),(336,208,'Clothing','2015-06-07','2015-06-10','2015-07-24',34676.00),(337,583,'Clothing','2015-08-11','2015-08-17','2015-08-28',62498.00),(338,342,'Garden','2016-04-24','2016-04-29','2016-08-11',81436.00),(339,170,'Music','2017-12-25','2018-01-04',NULL,95539.00),(340,546,'Sports','2017-04-21','2017-04-25','2017-07-28',9182.00),(341,334,'Baby','2016-12-19','2016-12-28','2017-03-04',58190.00),(342,319,'Baby','2015-04-26','2015-04-27','2015-05-24',61564.00),(343,270,'Automotive','2015-10-28','2015-10-29',NULL,60309.00),(344,184,'Baby','2018-03-11','2018-03-12',NULL,34831.00),(345,43,'Sports','2016-12-15','2016-12-18',NULL,41939.00),(346,563,'Books','2018-10-25','2018-10-31',NULL,92223.00),(347,493,'Industrial','2017-09-23','2017-09-30',NULL,67692.00),(348,308,'Grocery','2017-04-13','2017-04-15',NULL,44049.00),(349,292,'Tools','2015-04-18','2015-04-28',NULL,35721.00),(350,272,'Movies','2015-09-13','2015-09-22','2016-01-19',42283.00),(351,164,'Outdoors','2016-10-23','2016-11-02',NULL,25777.00),(352,306,'Games','2018-05-14','2018-05-19','2018-10-04',37415.00),(353,99,'Books','2018-05-09','2018-05-17',NULL,1972.00),(354,10,'Electronics','2015-12-11','2015-12-18','2016-03-22',73239.00),(355,177,'Books','2019-01-19','2019-01-22','2019-06-18',33255.00),(356,420,'Outdoors','2016-06-22','2016-06-25','2016-11-02',48496.00),(357,218,'Movies','2015-12-03','2015-12-11','2016-04-12',47273.00),(358,98,'Movies','2017-10-06','2017-10-09','2017-12-28',99390.00),(359,452,'Grocery','2017-11-13','2017-11-14','2018-03-13',39947.00),(360,312,'Automotive','2016-03-08','2016-03-15','2016-04-17',86243.00),(361,352,'Movies','2019-03-28','2019-03-29','2019-05-23',8648.00),(362,451,'Outdoors','2017-06-04','2017-06-14','2017-09-14',36963.00),(363,570,'Home','2018-11-11','2018-11-16',NULL,83003.00),(364,202,'Movies','2017-04-23','2017-04-30',NULL,16862.00),(365,538,'Music','2018-04-09','2018-04-09','2018-07-31',79792.00),(366,530,'Health','2015-06-09','2015-06-14',NULL,65353.00),(367,219,'Computers','2017-10-13','2017-10-14','2017-12-17',3761.00),(368,463,'Shoes','2016-04-23','2016-04-28','2016-08-20',89793.00),(369,420,'Shoes','2016-10-19','2016-10-25',NULL,77762.00),(370,160,'Music','2015-12-06','2015-12-12','2016-01-27',50298.00),(371,123,'Electronics','2017-12-27','2018-01-06',NULL,13274.00),(372,184,'Books','2016-07-01','2016-07-04','2016-11-05',17429.00),(373,456,'Home','2015-08-07','2015-08-16',NULL,3380.00),(374,345,'Games','2016-11-04','2016-11-06',NULL,68480.00),(375,312,'Home','2015-06-06','2015-06-13',NULL,84134.00),(376,99,'Industrial','2017-09-08','2017-09-10','2017-11-28',80739.00),(377,100,'Movies','2017-05-27','2017-06-01','2017-07-13',49962.00),(378,459,'Electronics','2018-12-10','2018-12-13','2019-05-10',34020.00),(379,229,'Outdoors','2016-05-01','2016-05-06',NULL,36558.00),(380,335,'Jewelery','2017-04-03','2017-04-08','2017-07-01',83606.00),(381,278,'Home','2015-05-09','2015-05-13',NULL,22226.00),(382,17,'Industrial','2015-07-19','2015-07-23','2015-11-06',58915.00),(383,42,'Music','2018-12-17','2018-12-27','2019-03-25',55808.00),(384,197,'Books','2016-05-01','2016-05-03',NULL,79585.00),(385,301,'Home','2016-08-23','2016-08-30','2016-09-14',59461.00),(386,110,'Jewelery','2017-08-05','2017-08-15','2017-11-22',81084.00),(387,377,'Tools','2015-08-15','2015-08-20','2015-11-09',92683.00),(388,352,'Garden','2017-02-13','2017-02-21','2017-06-05',70588.00),(389,312,'Garden','2017-08-30','2017-09-04',NULL,95731.00),(390,205,'Kids','2016-02-11','2016-02-14','2016-03-16',44577.00),(391,493,'Movies','2015-06-06','2015-06-10','2015-09-24',89105.00),(392,50,'Toys','2019-03-22','2019-03-26','2019-04-10',16333.00),(393,542,'Tools','2016-10-23','2016-10-31','2017-02-22',95013.00),(394,132,'Music','2016-03-31','2016-04-04','2016-06-07',6631.00),(395,412,'Garden','2016-01-06','2016-01-11','2016-01-30',1135.00),(396,56,'Home','2019-01-13','2019-01-15','2019-05-17',99413.00),(397,170,'Baby','2018-04-05','2018-04-06',NULL,35026.00),(398,451,'Shoes','2015-09-01','2015-09-04',NULL,48658.00),(399,468,'Beauty','2016-03-10','2016-03-13',NULL,58027.00),(400,240,'Home','2018-05-23','2018-05-25','2018-08-01',23093.00),(401,411,'Music','2018-09-02','2018-09-11','2018-11-11',65737.00),(402,334,'Industrial','2019-03-16','2019-03-19','2019-07-03',2090.00),(403,2,'Books','2018-11-20','2018-11-25','2019-03-15',56469.00),(404,473,'Garden','2018-07-30','2018-08-04',NULL,47261.00),(405,317,'Shoes','2018-08-17','2018-08-19','2018-11-30',16916.00),(406,521,'Toys','2015-08-23','2015-08-28',NULL,39635.00),(407,240,'Garden','2015-06-22','2015-07-01','2015-10-29',37943.00),(408,11,'Baby','2016-03-13','2016-03-14','2016-06-24',78278.00),(409,543,'Home','2018-11-28','2018-11-30','2019-03-03',29283.00),(410,309,'Computers','2017-04-09','2017-04-13','2017-09-03',30475.00),(411,70,'Toys','2016-10-20','2016-10-23',NULL,11306.00),(412,95,'Grocery','2017-01-28','2017-02-02',NULL,31931.00),(413,542,'Outdoors','2018-05-16','2018-05-22',NULL,10712.00),(414,446,'Outdoors','2016-09-15','2016-09-15','2016-11-19',55238.00),(415,126,'Movies','2018-11-25','2018-11-29','2018-12-27',22640.00),(416,274,'Games','2018-02-11','2018-02-20','2018-04-14',33821.00),(417,593,'Computers','2015-04-23','2015-04-24',NULL,25993.00),(418,165,'Sports','2016-02-16','2016-02-19',NULL,21927.00),(419,110,'Home','2016-11-10','2016-11-15',NULL,41409.00),(420,535,'Beauty','2016-12-03','2016-12-05',NULL,90353.00),(421,577,'Outdoors','2015-11-30','2015-12-09','2016-02-20',33062.00),(422,5,'Music','2017-02-15','2017-02-22',NULL,94708.00),(423,18,'Industrial','2017-02-09','2017-02-13','2017-06-13',85321.00),(424,350,'Industrial','2018-01-23','2018-01-31','2018-06-29',42691.00),(425,50,'Beauty','2017-04-15','2017-04-21',NULL,17859.00),(426,104,'Jewelery','2016-01-21','2016-01-29',NULL,69782.00),(427,9,'Movies','2019-03-03','2019-03-09',NULL,6164.00),(428,56,'Sports','2018-01-01','2018-01-03',NULL,26258.00),(429,368,'Grocery','2017-01-05','2017-01-13','2017-05-11',16455.00),(430,177,'Shoes','2017-11-15','2017-11-17',NULL,95695.00),(431,224,'Music','2015-09-16','2015-09-21',NULL,35985.00),(432,547,'Games','2015-09-25','2015-10-01','2015-12-04',31982.00),(433,570,'Sports','2018-04-11','2018-04-15','2018-07-11',98883.00),(434,403,'Sports','2018-02-20','2018-02-22','2018-04-12',59583.00),(435,462,'Grocery','2018-07-26','2018-07-28',NULL,58167.00),(436,547,'Toys','2016-06-05','2016-06-11',NULL,22280.00),(437,186,'Garden','2018-02-04','2018-02-07','2018-03-07',76939.00),(438,63,'Shoes','2016-01-14','2016-01-23',NULL,35240.00),(439,533,'Kids','2019-02-12','2019-02-17','2019-03-23',83080.00),(440,240,'Toys','2018-11-14','2018-11-23','2019-03-23',18157.00),(441,367,'Grocery','2016-01-18','2016-01-22','2016-03-25',46236.00),(442,519,'Industrial','2018-09-19','2018-09-20','2018-10-27',31158.00),(443,540,'Tools','2016-03-31','2016-04-06','2016-07-21',51298.00),(444,298,'Automotive','2017-08-06','2017-08-10','2017-12-31',98616.00),(445,225,'Jewelery','2017-12-02','2017-12-07',NULL,48568.00),(446,395,'Health','2015-07-02','2015-07-06','2015-08-20',34130.00),(447,5,'Shoes','2016-10-29','2016-11-01','2017-01-04',91120.00),(448,292,'Baby','2017-04-26','2017-05-03',NULL,4675.00),(449,367,'Grocery','2018-07-13','2018-07-15',NULL,65187.00),(450,33,'Health','2016-01-26','2016-01-28','2016-03-21',65061.00),(451,276,'Electronics','2017-09-06','2017-09-08',NULL,82445.00),(452,18,'Computers','2016-03-30','2016-04-07',NULL,82798.00),(453,480,'Books','2018-02-08','2018-02-18','2018-03-11',90629.00),(454,442,'Kids','2018-12-17','2018-12-25',NULL,44024.00),(455,211,'Toys','2015-10-06','2015-10-08',NULL,61401.00),(456,500,'Tools','2017-07-25','2017-08-02',NULL,83301.00),(457,375,'Toys','2016-03-26','2016-04-05',NULL,60462.00),(458,299,'Sports','2015-10-18','2015-10-27','2015-11-21',34311.00),(459,73,'Health','2018-09-30','2018-10-07','2019-02-21',63651.00),(460,177,'Toys','2018-12-23','2018-12-26','2019-03-03',43348.00),(461,480,'Sports','2015-10-28','2015-10-29','2016-02-13',29266.00),(462,205,'Kids','2018-05-19','2018-05-22','2018-09-03',47605.00),(463,542,'Grocery','2015-10-16','2015-10-26',NULL,64566.00),(464,250,'Music','2017-11-29','2017-11-30',NULL,52955.00),(465,324,'Home','2017-04-12','2017-04-20','2017-09-10',22128.00),(466,60,'Movies','2018-01-24','2018-02-02','2018-04-13',38163.00),(467,286,'Movies','2017-12-26','2018-01-05','2018-04-18',20475.00),(468,533,'Home','2018-12-14','2018-12-17','2019-02-14',37466.00),(469,452,'Garden','2016-12-26','2017-01-02','2017-02-06',39832.00),(470,385,'Beauty','2016-03-19','2016-03-24','2016-05-28',16387.00),(471,506,'Garden','2017-12-12','2017-12-15','2018-04-21',96961.00),(472,100,'Outdoors','2015-11-16','2015-11-26','2015-12-11',28156.00),(473,526,'Industrial','2017-07-12','2017-07-13','2017-08-17',23265.00),(474,205,'Toys','2017-02-24','2017-03-06','2017-06-24',4244.00),(475,584,'Clothing','2018-05-14','2018-05-24','2018-10-15',42999.00),(476,180,'Games','2018-01-11','2018-01-19','2018-03-12',28521.00),(477,497,'Sports','2015-05-28','2015-06-06','2015-08-10',69746.00),(478,137,'Beauty','2016-03-02','2016-03-08','2016-07-14',97056.00),(479,411,'Clothing','2017-05-10','2017-05-15','2017-08-30',56409.00),(480,442,'Jewelery','2016-09-05','2016-09-07','2017-01-29',61049.00),(481,272,'Garden','2017-01-22','2017-01-27','2017-03-03',98907.00),(482,344,'Sports','2015-11-03','2015-11-12',NULL,38761.00),(483,247,'Books','2015-11-02','2015-11-08',NULL,19268.00),(484,98,'Computers','2015-05-02','2015-05-04',NULL,74561.00),(485,429,'Baby','2018-02-25','2018-03-07','2018-04-25',88902.00),(486,285,'Health','2016-06-16','2016-06-17',NULL,52064.00),(487,184,'Computers','2015-05-12','2015-05-21',NULL,11336.00),(488,363,'Beauty','2019-02-27','2019-03-02',NULL,88077.00),(489,487,'Automotive','2017-05-03','2017-05-11','2017-07-12',5718.00),(490,530,'Industrial','2015-11-24','2015-12-02','2016-02-09',11677.00),(491,563,'Industrial','2015-11-17','2015-11-18',NULL,43245.00),(492,236,'Books','2017-05-12','2017-05-12',NULL,30448.00),(493,392,'Games','2017-12-03','2017-12-04','2018-04-08',94340.00),(494,342,'Music','2018-05-28','2018-06-06',NULL,61048.00),(495,385,'Beauty','2017-12-07','2017-12-14','2018-05-07',86269.00),(496,555,'Kids','2017-09-05','2017-09-14',NULL,10326.00),(497,72,'Electronics','2017-09-12','2017-09-20','2018-02-16',38001.00),(498,31,'Baby','2015-08-17','2015-08-19',NULL,98178.00),(499,361,'Automotive','2016-08-21','2016-08-29','2016-11-29',31601.00),(500,578,'Outdoors','2016-01-14','2016-01-20',NULL,56822.00),(501,473,'Music','2018-07-08','2018-07-17',NULL,7603.00),(502,256,'Automotive','2018-06-11','2018-06-18','2018-11-04',17719.00),(503,577,'Tools','2018-09-16','2018-09-17','2019-02-01',53700.00),(504,181,'Games','2016-08-17','2016-08-23','2017-01-14',8246.00),(505,448,'Garden','2018-04-08','2018-04-09',NULL,13643.00),(506,460,'Garden','2017-09-24','2017-09-27','2017-11-08',43157.00),(507,159,'Grocery','2018-03-26','2018-03-29','2018-06-17',62950.00),(508,167,'Movies','2015-04-29','2015-05-08',NULL,93672.00),(509,272,'Games','2019-03-26','2019-04-01','2019-07-25',66382.00),(510,70,'Industrial','2017-05-09','2017-05-16',NULL,21904.00),(511,487,'Home','2018-05-05','2018-05-13','2018-08-10',27631.00),(512,395,'Computers','2018-06-10','2018-06-17',NULL,12530.00),(513,563,'Movies','2015-10-22','2015-10-26',NULL,9612.00),(514,570,'Industrial','2018-01-23','2018-02-01','2018-03-08',92367.00),(515,211,'Toys','2017-01-30','2017-02-01','2017-05-05',16639.00),(516,164,'Baby','2019-02-13','2019-02-23','2019-04-24',51606.00),(517,206,'Clothing','2016-10-30','2016-11-07','2017-01-24',16397.00),(518,96,'Toys','2017-12-28','2017-12-28','2018-05-13',10046.00),(519,361,'Automotive','2019-03-02','2019-03-09','2019-04-22',80591.00),(520,244,'Beauty','2018-10-08','2018-10-14',NULL,12435.00),(521,88,'Industrial','2018-04-26','2018-05-04','2018-08-13',75935.00),(522,191,'Movies','2016-10-13','2016-10-21',NULL,24182.00),(523,197,'Sports','2018-02-20','2018-02-28',NULL,67566.00),(524,204,'Jewelery','2015-06-11','2015-06-13',NULL,17474.00),(525,196,'Music','2018-03-12','2018-03-14','2018-08-05',10975.00),(526,576,'Garden','2018-09-04','2018-09-06','2018-12-16',22856.00),(527,456,'Movies','2015-10-29','2015-11-05',NULL,42071.00),(528,583,'Sports','2018-10-21','2018-10-26','2019-03-08',36217.00),(529,56,'Grocery','2017-08-26','2017-08-29',NULL,20114.00),(530,172,'Garden','2018-09-29','2018-10-08','2019-03-02',9383.00),(531,194,'Kids','2016-09-21','2016-10-01','2017-01-06',54198.00),(532,9,'Home','2016-11-23','2016-11-25',NULL,39825.00),(533,385,'Games','2018-01-21','2018-01-27',NULL,89448.00),(534,489,'Beauty','2017-02-11','2017-02-13','2017-03-11',68541.00),(535,275,'Sports','2016-11-06','2016-11-08',NULL,46421.00),(536,107,'Automotive','2016-08-06','2016-08-12','2016-12-27',61973.00),(537,50,'Jewelery','2018-04-14','2018-04-20','2018-08-14',44296.00),(538,182,'Games','2016-04-16','2016-04-23',NULL,26522.00),(539,133,'Health','2017-05-18','2017-05-28',NULL,1347.00),(540,272,'Tools','2017-02-08','2017-02-16','2017-04-18',38108.00),(541,225,'Kids','2016-05-02','2016-05-11','2016-09-01',55273.00),(542,536,'Kids','2018-03-26','2018-03-27','2018-07-01',34666.00),(543,454,'Electronics','2018-05-04','2018-05-08',NULL,47030.00),(544,270,'Computers','2016-08-19','2016-08-28','2016-09-20',96837.00),(545,454,'Toys','2015-11-03','2015-11-12','2016-01-02',50516.00),(546,259,'Outdoors','2016-05-02','2016-05-08','2016-09-20',62067.00),(547,541,'Shoes','2017-10-13','2017-10-18','2017-11-17',95074.00),(548,334,'Health','2017-11-02','2017-11-03',NULL,4813.00),(549,77,'Home','2016-02-24','2016-03-04',NULL,42432.00),(550,512,'Industrial','2018-06-26','2018-07-01','2018-08-03',42131.00),(551,537,'Movies','2018-02-21','2018-02-22','2018-03-22',73400.00),(552,211,'Industrial','2017-05-29','2017-06-03','2017-08-30',82696.00),(553,580,'Grocery','2017-05-05','2017-05-15','2017-07-08',71257.00),(554,87,'Beauty','2018-12-10','2018-12-14',NULL,2985.00),(555,339,'Shoes','2015-07-09','2015-07-13','2015-10-02',14642.00),(556,326,'Games','2017-09-02','2017-09-12','2018-02-02',47495.00),(557,185,'Baby','2017-11-01','2017-11-03',NULL,7662.00),(558,219,'Jewelery','2018-07-09','2018-07-14',NULL,39016.00),(559,487,'Computers','2015-12-23','2015-12-24','2016-01-05',22654.00),(560,513,'Computers','2018-03-29','2018-04-01','2018-07-02',40176.00),(561,109,'Home','2016-03-10','2016-03-17','2016-04-01',47292.00),(562,454,'Tools','2017-08-05','2017-08-13','2017-08-31',40146.00),(563,218,'Music','2015-08-27','2015-08-30','2015-10-28',72864.00),(564,535,'Toys','2017-07-25','2017-07-26',NULL,63592.00),(565,109,'Home','2017-06-08','2017-06-16',NULL,82366.00),(566,557,'Games','2017-08-27','2017-09-01','2017-12-17',90168.00),(567,537,'Shoes','2017-10-06','2017-10-14',NULL,72490.00),(568,68,'Outdoors','2017-03-25','2017-03-27','2017-06-27',56556.00),(569,420,'Baby','2017-10-09','2017-10-19','2018-01-28',84581.00),(570,599,'Games','2015-10-08','2015-10-12','2015-12-04',69631.00),(571,124,'Industrial','2016-03-07','2016-03-12','2016-05-07',62298.00),(572,216,'Garden','2015-08-11','2015-08-17','2015-09-28',91188.00),(573,114,'Tools','2018-02-17','2018-02-21',NULL,89573.00),(574,215,'Electronics','2017-11-06','2017-11-10',NULL,12125.00),(575,104,'Games','2018-12-14','2018-12-24','2019-04-03',5889.00),(576,93,'Electronics','2015-11-12','2015-11-22','2015-12-19',31063.00),(577,540,'Toys','2016-01-27','2016-01-30','2016-03-13',92968.00),(578,586,'Garden','2018-03-18','2018-03-19','2018-06-20',55372.00),(579,377,'Music','2018-05-17','2018-05-23',NULL,65376.00),(580,536,'Music','2016-05-05','2016-05-11',NULL,86972.00),(581,95,'Automotive','2018-07-13','2018-07-20','2018-09-06',18486.00),(582,479,'Sports','2017-03-29','2017-04-05','2017-06-17',95680.00),(583,519,'Automotive','2017-12-08','2017-12-16',NULL,32656.00),(584,137,'Books','2018-03-02','2018-03-04','2018-04-14',67303.00),(585,181,'Clothing','2015-04-17','2015-04-27',NULL,76820.00),(586,483,'Computers','2018-04-22','2018-05-02','2018-06-13',60516.00),(587,584,'Music','2015-10-01','2015-10-03',NULL,91369.00),(588,540,'Clothing','2016-04-27','2016-05-04','2016-10-01',25690.00),(589,299,'Clothing','2016-12-26','2017-01-04','2017-05-03',34360.00),(590,132,'Toys','2015-11-08','2015-11-14','2015-12-19',69747.00),(591,170,'Games','2016-07-08','2016-07-18','2016-11-15',37525.00),(592,126,'Clothing','2016-09-26','2016-10-01',NULL,18353.00),(593,497,'Beauty','2018-06-22','2018-06-30','2018-11-03',33808.00),(594,566,'Kids','2018-01-15','2018-01-20',NULL,50450.00),(595,256,'Sports','2015-07-08','2015-07-12',NULL,91190.00),(596,403,'Jewelery','2019-03-09','2019-03-19','2019-04-01',49761.00),(597,487,'Clothing','2017-12-25','2017-12-29','2018-02-20',81537.00),(598,18,'Home','2017-01-05','2017-01-10','2017-04-21',70456.00),(599,584,'Movies','2017-12-07','2017-12-13','2018-04-03',25439.00),(600,196,'Movies','2015-07-17','2015-07-18',NULL,77610.00),(601,161,'Computers','2016-06-04','2016-06-13',NULL,23961.00),(602,204,'Games','2016-10-14','2016-10-22',NULL,56533.00),(603,229,'Books','2017-04-29','2017-05-06',NULL,95129.00),(604,433,'Books','2016-03-30','2016-04-07','2016-07-29',93515.00),(605,177,'Shoes','2015-07-13','2015-07-23',NULL,19186.00),(606,188,'Movies','2017-05-28','2017-06-03','2017-10-28',87947.00),(607,174,'Books','2017-04-06','2017-04-15',NULL,25288.00),(608,33,'Home','2018-08-18','2018-08-24','2018-12-06',51796.00),(609,298,'Sports','2019-02-24','2019-02-26','2019-03-27',69343.00),(610,145,'Tools','2017-07-12','2017-07-20',NULL,56831.00),(611,143,'Movies','2016-07-17','2016-07-21',NULL,95893.00),(612,172,'Sports','2015-05-18','2015-05-26',NULL,89366.00),(613,512,'Sports','2016-01-24','2016-01-31','2016-06-08',10280.00),(614,392,'Garden','2016-11-22','2016-12-01',NULL,55189.00),(615,103,'Tools','2016-05-25','2016-05-26','2016-07-06',28117.00),(616,599,'Home','2015-06-04','2015-06-12',NULL,74045.00),(617,3,'Grocery','2015-08-29','2015-09-08','2015-10-03',45805.00),(618,185,'Sports','2015-07-06','2015-07-10','2015-09-22',21574.00),(619,160,'Movies','2016-07-29','2016-08-02','2016-12-19',98500.00),(620,507,'Jewelery','2017-12-23','2017-12-31','2018-01-21',1383.00),(621,301,'Grocery','2018-10-24','2018-10-29',NULL,77400.00),(622,541,'Grocery','2018-06-09','2018-06-16',NULL,80709.00),(623,172,'Sports','2018-10-12','2018-10-20',NULL,52444.00),(624,32,'Grocery','2017-11-20','2017-11-20',NULL,11015.00),(625,497,'Industrial','2017-06-26','2017-07-02',NULL,39034.00),(626,17,'Jewelery','2017-02-06','2017-02-16','2017-06-01',4940.00),(627,8,'Automotive','2018-10-06','2018-10-16','2019-02-20',8301.00),(628,334,'Music','2018-01-14','2018-01-23',NULL,63326.00),(629,328,'Kids','2017-05-20','2017-05-25','2017-08-22',47968.00),(630,320,'Industrial','2017-07-08','2017-07-17',NULL,52083.00),(631,99,'Books','2019-03-12','2019-03-16',NULL,90628.00),(632,483,'Books','2019-02-07','2019-02-11',NULL,7519.00),(633,451,'Baby','2015-05-03','2015-05-10',NULL,29514.00),(634,95,'Computers','2015-12-19','2015-12-25',NULL,70757.00),(635,309,'Shoes','2015-06-26','2015-06-29','2015-09-25',91636.00),(636,238,'Movies','2017-05-15','2017-05-18','2017-07-22',16096.00),(637,13,'Computers','2017-04-04','2017-04-06','2017-06-10',55336.00),(638,99,'Electronics','2017-10-09','2017-10-15','2017-12-28',44354.00),(639,10,'Music','2017-01-19','2017-01-24','2017-05-14',15009.00),(640,506,'Toys','2018-01-27','2018-02-02',NULL,40538.00),(641,301,'Computers','2017-05-06','2017-05-10','2017-08-29',71206.00),(642,270,'Beauty','2019-01-08','2019-01-11',NULL,88663.00),(643,87,'Industrial','2015-08-07','2015-08-13',NULL,88435.00),(644,190,'Music','2015-08-31','2015-09-07','2015-11-01',90009.00),(645,576,'Industrial','2016-09-29','2016-10-01',NULL,91009.00),(646,95,'Automotive','2018-12-23','2019-01-01',NULL,64065.00),(647,244,'Computers','2017-07-11','2017-07-15','2017-11-09',29621.00),(648,480,'Health','2017-09-24','2017-09-26','2017-11-07',85595.00),(649,584,'Home','2017-11-21','2017-11-27','2017-12-23',97178.00),(650,442,'Toys','2015-08-30','2015-08-31',NULL,58714.00),(651,93,'Garden','2017-01-01','2017-01-01','2017-05-23',3898.00),(652,554,'Clothing','2017-05-24','2017-05-30','2017-07-30',48146.00),(653,152,'Baby','2016-04-17','2016-04-22','2016-07-28',89846.00),(654,174,'Computers','2018-10-27','2018-11-05','2019-03-10',80346.00),(655,447,'Industrial','2017-05-09','2017-05-12','2017-07-05',79180.00),(656,433,'Music','2015-10-03','2015-10-08',NULL,70079.00),(657,172,'Tools','2016-03-23','2016-03-27','2016-07-29',13090.00),(658,513,'Baby','2015-05-10','2015-05-20',NULL,53432.00),(659,181,'Baby','2017-02-19','2017-02-23',NULL,67498.00),(660,403,'Kids','2016-05-26','2016-05-31',NULL,36716.00),(661,202,'Tools','2015-09-10','2015-09-13','2015-10-15',19699.00),(662,350,'Grocery','2016-05-13','2016-05-20',NULL,43909.00),(663,489,'Books','2019-03-25','2019-04-04','2019-07-06',52528.00),(664,240,'Garden','2018-12-18','2018-12-22','2019-02-16',23478.00),(665,546,'Computers','2016-11-22','2016-12-02',NULL,17655.00),(666,285,'Industrial','2016-03-15','2016-03-22','2016-07-04',12348.00),(667,479,'Beauty','2017-09-16','2017-09-20',NULL,59942.00),(668,371,'Music','2019-01-07','2019-01-10','2019-05-23',22688.00),(669,172,'Outdoors','2017-07-29','2017-08-05','2017-11-18',46073.00),(670,31,'Tools','2016-01-22','2016-02-01','2016-04-17',4930.00),(671,70,'Movies','2016-12-12','2016-12-22',NULL,82507.00),(672,567,'Baby','2015-09-10','2015-09-18',NULL,49988.00),(673,277,'Home','2017-06-22','2017-06-26',NULL,50618.00),(674,342,'Baby','2016-11-30','2016-12-06','2017-02-07',35546.00),(675,456,'Shoes','2016-05-28','2016-06-01',NULL,41964.00),(676,472,'Grocery','2015-08-17','2015-08-20',NULL,60537.00),(677,292,'Garden','2017-08-15','2017-08-21','2017-11-01',86332.00),(678,158,'Home','2018-05-07','2018-05-16',NULL,81090.00),(679,505,'Baby','2017-12-04','2017-12-13','2018-04-10',61455.00),(680,411,'Electronics','2018-07-02','2018-07-10','2018-11-15',52984.00),(681,311,'Tools','2016-07-14','2016-07-16','2016-10-15',14267.00),(682,273,'Games','2017-04-11','2017-04-19',NULL,64074.00),(683,156,'Garden','2017-11-26','2017-12-02',NULL,78080.00),(684,326,'Shoes','2018-08-26','2018-08-26',NULL,71935.00),(685,593,'Movies','2015-07-05','2015-07-11','2015-10-27',90810.00),(686,48,'Toys','2015-07-22','2015-08-01',NULL,84234.00),(687,239,'Beauty','2017-05-15','2017-05-17','2017-07-11',40202.00),(688,377,'Jewelery','2018-11-05','2018-11-13','2018-12-19',17805.00),(689,309,'Kids','2017-05-08','2017-05-16','2017-09-15',79343.00),(690,490,'Industrial','2018-08-31','2018-09-07',NULL,86643.00),(691,14,'Shoes','2017-06-23','2017-06-30','2017-08-01',80826.00),(692,106,'Grocery','2019-03-17','2019-03-26','2019-05-05',67964.00),(693,221,'Toys','2016-03-09','2016-03-17',NULL,35559.00),(694,443,'Music','2016-04-17','2016-04-22',NULL,62198.00),(695,337,'Tools','2016-04-19','2016-04-23','2016-07-29',78693.00),(696,503,'Home','2016-10-03','2016-10-11','2017-02-14',32743.00),(697,32,'Electronics','2018-04-22','2018-04-28','2018-08-28',29961.00),(698,447,'Books','2015-12-11','2015-12-19','2016-05-13',75063.00),(699,202,'Games','2016-11-16','2016-11-26',NULL,43678.00),(700,114,'Clothing','2016-05-26','2016-06-05','2016-08-22',99021.00),(701,18,'Shoes','2017-03-20','2017-03-25','2017-08-21',94852.00),(702,398,'Beauty','2017-11-29','2017-12-03',NULL,88792.00),(703,240,'Grocery','2018-04-01','2018-04-02','2018-07-16',99281.00),(704,129,'Movies','2018-05-20','2018-05-22','2018-06-25',27025.00),(705,337,'Outdoors','2018-07-01','2018-07-11','2018-11-05',36314.00),(706,17,'Garden','2018-04-23','2018-04-28','2018-06-25',77495.00),(707,301,'Games','2018-10-13','2018-10-17','2018-12-22',7969.00),(708,161,'Tools','2016-01-30','2016-02-04',NULL,96722.00),(709,438,'Industrial','2018-11-16','2018-11-16','2019-01-15',41898.00),(710,363,'Movies','2016-07-31','2016-08-01','2016-08-17',22075.00),(711,512,'Industrial','2015-11-17','2015-11-25',NULL,85780.00),(712,236,'Beauty','2017-12-30','2018-01-09',NULL,30917.00),(713,223,'Grocery','2018-03-04','2018-03-12',NULL,53845.00),(714,519,'Baby','2016-02-10','2016-02-15',NULL,61791.00),(715,445,'Tools','2017-01-31','2017-02-06','2017-02-21',38982.00),(716,207,'Baby','2016-11-29','2016-12-04','2016-12-30',38547.00),(717,584,'Tools','2017-01-18','2017-01-28',NULL,89130.00),(718,331,'Jewelery','2017-04-21','2017-04-26','2017-09-09',71123.00),(719,40,'Movies','2016-03-22','2016-03-27','2016-06-26',20225.00),(720,177,'Electronics','2017-04-16','2017-04-21','2017-07-31',91883.00),(721,99,'Outdoors','2016-11-01','2016-11-06',NULL,98996.00),(722,596,'Industrial','2018-03-28','2018-04-04',NULL,9333.00),(723,337,'Sports','2018-05-27','2018-06-06','2018-08-02',79517.00),(724,538,'Automotive','2015-04-30','2015-05-01','2015-09-27',2417.00),(725,433,'Baby','2015-08-22','2015-08-25','2015-12-25',55152.00),(726,161,'Sports','2018-09-06','2018-09-11','2018-12-18',82818.00),(727,505,'Games','2015-11-19','2015-11-22','2016-03-11',6580.00),(728,412,'Music','2017-06-12','2017-06-20',NULL,24620.00),(729,443,'Health','2015-09-19','2015-09-27','2015-12-04',95646.00),(730,238,'Computers','2015-09-27','2015-10-07','2016-02-07',22073.00),(731,332,'Outdoors','2016-07-17','2016-07-26','2016-10-22',81301.00),(732,371,'Jewelery','2016-11-03','2016-11-06','2016-12-25',41584.00),(733,473,'Games','2018-12-19','2018-12-25','2019-01-25',47728.00),(734,47,'Clothing','2018-05-03','2018-05-06','2018-08-04',39026.00),(735,116,'Books','2019-02-11','2019-02-21','2019-03-09',42295.00),(736,342,'Baby','2018-09-08','2018-09-11','2018-11-21',87169.00),(737,278,'Automotive','2016-07-28','2016-08-03','2016-09-10',24295.00),(738,328,'Kids','2016-09-24','2016-09-30','2017-01-06',76755.00),(739,361,'Garden','2015-12-13','2015-12-16','2015-12-28',89261.00),(740,429,'Industrial','2015-07-24','2015-07-25','2015-08-21',47329.00),(741,207,'Clothing','2015-05-13','2015-05-20',NULL,94099.00),(742,339,'Computers','2018-07-13','2018-07-14','2018-09-04',11452.00),(743,52,'Games','2018-10-29','2018-11-04',NULL,83060.00),(744,576,'Home','2015-11-11','2015-11-16',NULL,67215.00),(745,215,'Clothing','2018-09-24','2018-09-27',NULL,99228.00),(746,441,'Electronics','2017-02-04','2017-02-05','2017-02-26',84803.00),(747,34,'Computers','2017-11-03','2017-11-11','2018-02-08',29936.00),(748,17,'Music','2015-10-24','2015-10-28',NULL,74953.00),(749,43,'Music','2016-11-06','2016-11-10','2016-11-28',63179.00),(750,352,'Industrial','2018-04-29','2018-05-01','2018-09-22',10528.00),(751,126,'Baby','2018-10-05','2018-10-09','2019-01-01',65919.00),(752,554,'Industrial','2017-10-26','2017-11-05','2017-11-30',82590.00),(753,182,'Clothing','2018-08-31','2018-09-07','2018-10-02',4784.00),(754,528,'Movies','2017-12-12','2017-12-15',NULL,9349.00),(755,33,'Health','2015-12-06','2015-12-09','2016-01-27',28723.00),(756,569,'Beauty','2015-12-01','2015-12-10',NULL,23075.00),(757,587,'Electronics','2017-11-29','2017-12-04',NULL,44724.00),(758,405,'Clothing','2015-08-30','2015-09-07',NULL,30546.00),(759,106,'Sports','2018-08-23','2018-08-31',NULL,4570.00),(760,190,'Kids','2017-07-09','2017-07-18',NULL,56970.00),(761,199,'Games','2016-07-31','2016-08-09','2016-10-29',47923.00),(762,472,'Electronics','2016-12-25','2016-12-30','2017-04-02',15930.00),(763,196,'Toys','2018-03-23','2018-03-29',NULL,39606.00),(764,14,'Beauty','2015-09-22','2015-09-26',NULL,81936.00),(765,450,'Industrial','2019-01-03','2019-01-11','2019-01-23',92549.00),(766,73,'Outdoors','2018-04-12','2018-04-15','2018-07-15',11474.00),(767,327,'Clothing','2017-11-16','2017-11-22',NULL,36145.00),(768,311,'Outdoors','2016-03-03','2016-03-06','2016-05-22',28417.00),(769,285,'Clothing','2016-03-29','2016-04-03',NULL,7104.00),(770,367,'Health','2017-07-10','2017-07-16','2017-09-04',81856.00),(771,582,'Automotive','2016-10-06','2016-10-09',NULL,70242.00),(772,48,'Movies','2015-11-15','2015-11-22','2015-12-31',19853.00),(773,569,'Industrial','2016-02-15','2016-02-17','2016-05-19',58529.00),(774,345,'Kids','2018-05-10','2018-05-14','2018-09-30',58907.00),(775,278,'Shoes','2017-11-14','2017-11-18',NULL,23929.00),(776,229,'Books','2018-04-27','2018-05-07',NULL,4712.00),(777,270,'Music','2016-12-18','2016-12-23',NULL,36670.00),(778,212,'Home','2018-05-21','2018-05-30','2018-09-25',82044.00),(779,519,'Outdoors','2016-03-13','2016-03-22','2016-06-27',6420.00),(780,178,'Industrial','2016-08-10','2016-08-20','2016-11-20',5177.00),(781,32,'Music','2017-12-16','2017-12-21','2018-02-08',58402.00),(782,526,'Movies','2015-10-22','2015-10-23','2016-01-08',97823.00),(783,18,'Health','2017-09-11','2017-09-20',NULL,37910.00),(784,401,'Automotive','2016-10-17','2016-10-21',NULL,23955.00),(785,417,'Books','2018-12-03','2018-12-08','2019-02-19',42472.00),(786,342,'Games','2015-05-26','2015-05-30',NULL,41444.00),(787,309,'Shoes','2017-08-09','2017-08-18','2017-08-30',14389.00),(788,567,'Electronics','2017-12-03','2017-12-04','2017-12-19',53120.00),(789,48,'Grocery','2017-01-16','2017-01-22','2017-05-17',61740.00),(790,165,'Health','2016-06-27','2016-07-06','2016-10-08',78431.00),(791,178,'Computers','2017-03-25','2017-04-01',NULL,93619.00),(792,158,'Baby','2017-03-01','2017-03-09',NULL,66860.00),(793,429,'Kids','2017-12-06','2017-12-08','2018-01-18',62731.00),(794,10,'Beauty','2017-02-25','2017-02-26',NULL,38108.00),(795,299,'Electronics','2018-02-15','2018-02-16','2018-03-09',15869.00),(796,196,'Kids','2016-03-14','2016-03-18',NULL,13398.00),(797,295,'Jewelery','2018-04-03','2018-04-11',NULL,42377.00),(798,486,'Toys','2016-07-06','2016-07-13','2016-12-07',22012.00),(799,489,'Kids','2017-07-10','2017-07-13','2017-09-30',48823.00),(800,95,'Beauty','2016-04-17','2016-04-26',NULL,1773.00),(801,239,'Home','2017-03-31','2017-04-09',NULL,25398.00),(802,403,'Games','2017-07-13','2017-07-15','2017-10-13',19711.00),(803,293,'Shoes','2016-06-23','2016-06-28',NULL,49087.00),(804,345,'Sports','2016-06-25','2016-07-02',NULL,33091.00),(805,93,'Tools','2016-04-22','2016-04-29',NULL,27015.00),(806,182,'Sports','2017-12-21','2017-12-22',NULL,22376.00),(807,456,'Electronics','2015-11-10','2015-11-17','2016-01-05',98631.00),(808,240,'Beauty','2018-09-28','2018-10-07','2019-02-19',59872.00),(809,103,'Tools','2016-05-04','2016-05-08','2016-06-29',97559.00),(810,107,'Games','2018-03-27','2018-04-06',NULL,44763.00),(811,152,'Shoes','2018-01-04','2018-01-12','2018-03-11',2320.00),(812,593,'Electronics','2018-10-09','2018-10-19','2019-02-11',87361.00),(813,202,'Health','2016-08-02','2016-08-04','2016-11-08',48613.00),(814,298,'Toys','2017-11-27','2017-12-05',NULL,8965.00),(815,483,'Clothing','2017-04-26','2017-05-01','2017-07-22',67266.00),(816,519,'Outdoors','2017-11-26','2017-12-06','2017-12-28',60754.00),(817,332,'Home','2017-01-18','2017-01-23',NULL,37612.00),(818,285,'Sports','2015-12-30','2016-01-04','2016-04-16',79058.00),(819,159,'Grocery','2016-03-21','2016-03-26',NULL,68664.00),(820,454,'Books','2015-07-22','2015-07-31','2015-10-22',82747.00),(821,490,'Shoes','2017-05-02','2017-05-11',NULL,59538.00),(822,538,'Computers','2016-03-01','2016-03-07',NULL,78716.00),(823,298,'Kids','2016-09-02','2016-09-11',NULL,9283.00),(824,566,'Sports','2017-07-05','2017-07-12',NULL,33941.00),(825,352,'Grocery','2015-08-10','2015-08-14','2015-09-01',34096.00),(826,207,'Games','2016-03-08','2016-03-17','2016-04-07',93420.00),(827,63,'Outdoors','2015-11-18','2015-11-23','2016-02-01',83152.00),(828,361,'Clothing','2018-10-05','2018-10-07','2018-11-26',61525.00),(829,218,'Sports','2018-04-04','2018-04-11','2018-08-25',55479.00),(830,133,'Garden','2017-05-13','2017-05-14',NULL,76743.00),(831,586,'Electronics','2016-08-03','2016-08-08','2016-10-02',52905.00),(832,439,'Electronics','2018-02-06','2018-02-07','2018-04-12',89011.00),(833,203,'Industrial','2016-03-17','2016-03-19','2016-05-31',13755.00),(834,223,'Toys','2016-09-11','2016-09-15','2016-11-22',16626.00),(835,533,'Electronics','2018-04-10','2018-04-13','2018-05-31',73854.00),(836,56,'Kids','2016-02-12','2016-02-15',NULL,77824.00),(837,14,'Garden','2016-04-22','2016-04-30','2016-06-15',4737.00),(838,277,'Jewelery','2016-10-31','2016-11-03','2017-01-17',70645.00),(839,285,'Automotive','2017-07-06','2017-07-14',NULL,67372.00),(840,73,'Toys','2018-09-14','2018-09-23',NULL,72534.00),(841,392,'Electronics','2018-07-07','2018-07-16','2018-09-08',20856.00),(842,87,'Books','2016-09-06','2016-09-10','2016-10-21',64743.00),(843,199,'Kids','2019-01-31','2019-02-03',NULL,64437.00),(844,247,'Electronics','2017-06-05','2017-06-13',NULL,64276.00),(845,84,'Grocery','2016-06-30','2016-07-10',NULL,60164.00),(846,275,'Garden','2017-05-30','2017-06-02','2017-06-28',14770.00),(847,114,'Toys','2016-06-29','2016-06-30','2016-09-17',18400.00),(848,560,'Tools','2016-01-12','2016-01-20','2016-05-24',81808.00),(849,463,'Kids','2016-08-29','2016-09-03','2016-11-21',4119.00),(850,185,'Clothing','2016-10-29','2016-11-03','2017-01-23',84143.00),(851,106,'Grocery','2018-01-04','2018-01-06','2018-03-30',39441.00),(852,430,'Baby','2016-10-26','2016-10-27',NULL,46980.00),(853,567,'Computers','2016-04-20','2016-04-23',NULL,68670.00),(854,100,'Toys','2015-09-14','2015-09-20',NULL,40382.00),(855,470,'Music','2018-05-14','2018-05-20','2018-09-21',10662.00),(856,223,'Clothing','2018-11-20','2018-11-26',NULL,67997.00),(857,223,'Games','2019-01-14','2019-01-16',NULL,19944.00),(858,60,'Sports','2016-06-05','2016-06-12',NULL,45898.00),(859,335,'Kids','2018-02-03','2018-02-10',NULL,25807.00),(860,505,'Shoes','2015-10-11','2015-10-21',NULL,59256.00),(861,520,'Tools','2018-05-26','2018-05-31','2018-06-17',89208.00),(862,161,'Sports','2019-03-02','2019-03-11',NULL,60132.00),(863,32,'Automotive','2016-11-23','2016-12-03','2017-02-10',95636.00),(864,520,'Sports','2017-02-06','2017-02-10','2017-03-16',30370.00),(865,70,'Beauty','2016-02-13','2016-02-20',NULL,97687.00),(866,459,'Movies','2015-09-29','2015-10-01',NULL,70511.00),(867,549,'Shoes','2017-06-17','2017-06-19','2017-11-14',61892.00),(868,324,'Movies','2017-04-05','2017-04-13',NULL,1013.00),(869,293,'Home','2018-06-13','2018-06-17',NULL,73666.00),(870,308,'Health','2016-12-12','2016-12-18',NULL,75770.00),(871,324,'Industrial','2018-04-14','2018-04-19',NULL,59575.00),(872,563,'Baby','2016-10-18','2016-10-25','2016-12-26',10283.00),(873,513,'Health','2018-10-02','2018-10-09','2018-11-14',34719.00),(874,10,'Health','2015-10-04','2015-10-06',NULL,2968.00),(875,87,'Shoes','2016-02-19','2016-02-29',NULL,56043.00),(876,13,'Garden','2016-11-09','2016-11-17','2016-12-25',29660.00),(877,533,'Clothing','2018-05-12','2018-05-19','2018-08-21',14153.00),(878,223,'Tools','2015-12-12','2015-12-12','2016-02-01',65365.00),(879,584,'Music','2015-06-04','2015-06-07',NULL,17900.00),(880,344,'Kids','2018-12-24','2018-12-29',NULL,50509.00),(881,79,'Beauty','2019-03-10','2019-03-14',NULL,90899.00),(882,320,'Baby','2016-08-25','2016-09-01','2016-12-20',50951.00),(883,306,'Jewelery','2016-09-07','2016-09-12','2016-12-21',17175.00),(884,363,'Jewelery','2019-02-04','2019-02-07','2019-04-18',20536.00),(885,538,'Games','2017-11-15','2017-11-20','2018-03-02',40103.00),(886,334,'Books','2016-06-08','2016-06-10','2016-07-11',68989.00),(887,169,'Health','2017-05-15','2017-05-21','2017-10-06',94535.00),(888,538,'Tools','2017-12-29','2018-01-05','2018-03-04',67363.00),(889,451,'Tools','2017-08-17','2017-08-19',NULL,92858.00),(890,566,'Books','2016-03-07','2016-03-12',NULL,9419.00),(891,114,'Home','2017-03-17','2017-03-25','2017-06-17',83195.00),(892,244,'Games','2017-11-19','2017-11-24','2018-03-14',34789.00),(893,560,'Automotive','2017-03-11','2017-03-12',NULL,97749.00),(894,13,'Outdoors','2019-02-24','2019-03-01','2019-07-08',43876.00),(895,268,'Computers','2016-03-10','2016-03-16','2016-07-03',74329.00),(896,352,'Shoes','2018-11-29','2018-12-04',NULL,31976.00),(897,208,'Kids','2017-08-31','2017-09-09','2017-11-07',9358.00),(898,445,'Jewelery','2019-03-16','2019-03-17','2019-04-12',2329.00),(899,554,'Garden','2017-03-25','2017-03-28','2017-04-30',69468.00),(900,547,'Toys','2016-09-01','2016-09-06','2016-09-30',44688.00),(901,244,'Music','2016-05-10','2016-05-18',NULL,42261.00),(902,483,'Computers','2017-05-03','2017-05-11','2017-06-17',54005.00),(903,203,'Kids','2015-11-15','2015-11-17','2016-01-06',31993.00),(904,98,'Jewelery','2016-05-11','2016-05-18','2016-08-26',67958.00),(905,448,'Sports','2017-10-30','2017-11-07',NULL,71216.00),(906,21,'Home','2018-08-26','2018-09-03','2018-09-28',39563.00),(907,319,'Home','2017-05-02','2017-05-04','2017-06-10',7647.00),(908,98,'Jewelery','2015-10-03','2015-10-12',NULL,58317.00),(909,430,'Jewelery','2016-09-28','2016-10-01',NULL,35895.00),(910,536,'Industrial','2017-05-04','2017-05-11','2017-10-04',93328.00),(911,411,'Tools','2016-01-31','2016-02-08','2016-03-07',84090.00),(912,513,'Grocery','2016-07-05','2016-07-15','2016-11-25',30956.00),(913,577,'Sports','2015-10-01','2015-10-05','2016-02-11',91213.00),(914,385,'Kids','2017-01-02','2017-01-10','2017-04-26',46185.00),(915,239,'Tools','2016-02-03','2016-02-12','2016-04-20',93329.00),(916,178,'Tools','2015-11-17','2015-11-23','2016-01-30',50996.00),(917,567,'Computers','2017-09-04','2017-09-07','2018-01-21',61528.00),(918,116,'Jewelery','2015-12-16','2015-12-24','2016-01-26',60972.00),(919,219,'Games','2017-05-29','2017-05-31','2017-10-19',70272.00),(920,68,'Sports','2016-07-10','2016-07-18',NULL,4983.00),(921,259,'Computers','2016-04-03','2016-04-07','2016-05-14',3220.00),(922,350,'Books','2017-08-25','2017-08-28',NULL,72981.00),(923,463,'Tools','2016-06-04','2016-06-08','2016-11-01',94700.00),(924,52,'Electronics','2017-01-16','2017-01-18','2017-05-12',44511.00),(925,427,'Baby','2017-01-31','2017-02-01','2017-03-27',7981.00),(926,486,'Health','2016-01-19','2016-01-28',NULL,52713.00),(927,47,'Automotive','2015-08-10','2015-08-19','2015-11-21',64366.00),(928,580,'Clothing','2016-10-12','2016-10-21','2017-01-14',46776.00),(929,369,'Baby','2017-05-12','2017-05-14',NULL,97053.00),(930,480,'Garden','2016-03-28','2016-03-31','2016-04-12',21773.00),(931,268,'Industrial','2019-02-18','2019-02-20','2019-05-21',60829.00),(932,30,'Computers','2018-11-23','2018-11-25','2019-01-27',87745.00),(933,166,'Automotive','2016-05-08','2016-05-13','2016-06-12',46809.00),(934,555,'Jewelery','2015-08-22','2015-08-23','2015-11-06',59236.00),(935,493,'Outdoors','2015-11-23','2015-12-03','2016-01-06',38750.00),(936,273,'Baby','2016-09-03','2016-09-09','2016-10-09',89049.00),(937,485,'Toys','2017-08-23','2017-08-29','2017-12-26',31910.00),(938,454,'Automotive','2016-03-13','2016-03-21','2016-04-24',74700.00),(939,160,'Sports','2015-06-02','2015-06-06','2015-10-28',84074.00),(940,209,'Automotive','2017-09-08','2017-09-11','2017-12-04',84621.00),(941,447,'Beauty','2016-04-07','2016-04-12','2016-05-17',20211.00),(942,109,'Automotive','2015-09-01','2015-09-06','2015-12-07',31425.00),(943,555,'Computers','2018-07-27','2018-08-04',NULL,10310.00),(944,87,'Garden','2017-11-23','2017-11-30',NULL,13160.00),(945,344,'Shoes','2018-01-01','2018-01-07',NULL,63190.00),(946,490,'Kids','2015-12-09','2015-12-13',NULL,18938.00),(947,580,'Kids','2015-07-21','2015-07-30','2015-11-15',74259.00),(948,273,'Garden','2015-12-25','2015-12-31','2016-03-30',82697.00),(949,549,'Movies','2016-06-27','2016-06-29','2016-11-01',20375.00),(950,563,'Books','2017-08-26','2017-08-29','2017-11-25',15644.00),(951,180,'Games','2017-04-05','2017-04-10',NULL,54483.00),(952,170,'Health','2017-06-06','2017-06-14','2017-10-17',99876.00),(953,450,'Movies','2016-07-26','2016-07-28','2016-09-16',93845.00),(954,420,'Outdoors','2015-11-26','2015-12-04','2016-02-12',18744.00),(955,8,'Beauty','2018-12-07','2018-12-08',NULL,68340.00),(956,124,'Electronics','2018-06-06','2018-06-16','2018-09-04',44029.00),(957,165,'Shoes','2017-06-21','2017-06-26',NULL,82916.00),(958,337,'Sports','2017-01-17','2017-01-19',NULL,91196.00),(959,485,'Grocery','2019-03-13','2019-03-21','2019-05-28',12244.00),(960,225,'Industrial','2016-03-24','2016-04-02','2016-06-26',85485.00),(961,433,'Garden','2018-02-07','2018-02-16','2018-05-21',28392.00),(962,129,'Tools','2015-12-31','2016-01-01','2016-02-22',57244.00),(963,450,'Automotive','2015-10-16','2015-10-21','2016-03-07',7168.00),(964,398,'Garden','2016-12-23','2016-12-31',NULL,61827.00),(965,236,'Movies','2017-06-15','2017-06-22','2017-10-27',93446.00),(966,337,'Outdoors','2016-04-02','2016-04-07','2016-05-30',21596.00),(967,466,'Tools','2019-03-09','2019-03-09',NULL,33106.00),(968,527,'Industrial','2018-12-08','2018-12-16','2019-05-06',33317.00),(969,299,'Clothing','2018-07-30','2018-08-05','2018-12-21',55641.00),(970,483,'Books','2015-05-06','2015-05-14','2015-05-27',1225.00),(971,171,'Kids','2016-01-24','2016-01-28','2016-04-11',4540.00),(972,16,'Outdoors','2015-12-20','2015-12-30','2016-04-06',53674.00),(973,538,'Industrial','2016-06-22','2016-07-01','2016-11-04',28031.00),(974,486,'Tools','2016-01-11','2016-01-21','2016-03-25',6599.00),(975,586,'Music','2016-11-23','2016-12-02','2017-04-15',40163.00),(976,431,'Movies','2017-10-07','2017-10-10',NULL,3066.00),(977,33,'Home','2015-11-06','2015-11-09','2016-03-23',69313.00),(978,208,'Jewelery','2017-09-30','2017-10-09','2017-12-03',11939.00),(979,109,'Outdoors','2017-12-15','2017-12-23',NULL,21583.00),(980,240,'Shoes','2017-01-17','2017-01-23',NULL,84529.00),(981,412,'Industrial','2018-04-09','2018-04-13','2018-05-26',43208.00),(982,452,'Electronics','2017-12-29','2018-01-03','2018-01-26',24870.00),(983,450,'Games','2017-10-03','2017-10-12','2017-11-19',44434.00),(984,116,'Movies','2016-12-31','2017-01-01','2017-03-20',45434.00),(985,114,'Grocery','2019-01-11','2019-01-14','2019-04-27',73445.00),(986,240,'Games','2015-08-23','2015-08-26',NULL,71927.00),(987,452,'Garden','2015-10-22','2015-10-30','2015-12-08',83229.00),(988,216,'Jewelery','2017-08-10','2017-08-15',NULL,76620.00),(989,161,'Garden','2016-07-16','2016-07-23',NULL,21464.00),(990,3,'Grocery','2016-04-11','2016-04-13','2016-06-13',33139.00),(991,538,'Beauty','2019-02-22','2019-03-03','2019-03-14',75075.00),(992,485,'Movies','2015-06-27','2015-07-02','2015-09-10',79954.00),(993,332,'Electronics','2015-12-05','2015-12-10',NULL,9672.00),(994,62,'Clothing','2018-02-16','2018-02-24','2018-04-11',52095.00),(995,497,'Computers','2016-08-01','2016-08-06','2016-09-18',64615.00),(996,567,'Movies','2015-11-17','2015-11-22','2016-04-20',36284.00),(997,578,'Music','2016-12-24','2016-12-27',NULL,52556.00),(998,451,'Electronics','2017-02-03','2017-02-09',NULL,79730.00),(999,360,'Outdoors','2018-10-19','2018-10-21','2018-11-12',30299.00),(1000,190,'Sports','2018-10-15','2018-10-21','2019-02-14',60088.00);
/*!40000 ALTER TABLE `contracts` ENABLE KEYS */;
UNLOCK TABLES;

--
-- Table structure for table `employees`
--

DROP TABLE IF EXISTS `employees`;
/*!40101 SET @saved_cs_client     = @@character_set_client */;
/*!40101 SET character_set_client = utf8 */;
CREATE TABLE `employees` (
  `USER_ID` int(11) NOT NULL,
  `ROLE_ID` int(11) NOT NULL,
  `LAST_NAME` varchar(15) DEFAULT NULL,
  `FIRST_NAME` varchar(15) DEFAULT NULL,
  `EMAIL` varchar(50) DEFAULT NULL,
  `TEL_NUM` char(20) DEFAULT NULL,
  PRIMARY KEY (`USER_ID`),
  KEY `IXFK_EMPLOYEES_ROLES_REF` (`ROLE_ID`),
  KEY `IXFK_EMPLOYEES_USER_INFORM` (`USER_ID`),
  CONSTRAINT `FK_EMPLOYEES_ROLES_REF` FOREIGN KEY (`ROLE_ID`) REFERENCES `roles_ref` (`ROLE_ID`) ON UPDATE CASCADE
) ENGINE=InnoDB DEFAULT CHARSET=utf8;
/*!40101 SET character_set_client = @saved_cs_client */;

--
-- Dumping data for table `employees`
--

LOCK TABLES `employees` WRITE;
/*!40000 ALTER TABLE `employees` DISABLE KEYS */;
INSERT INTO `employees` VALUES (1,1,'Stanborough','Richard','rstanborough0@ed.gov','+843 709 982 680'),(2,3,'Gentsch','Chrissie','cgentsch1@goo.ne.jp','+677 566 173 739'),(3,1,'Dolton','Michele','mdolton2@wufoo.com','+131 010 600 215'),(4,3,'Albisser','Faustina','falbisser3@cbslocal.com','+322 721 478 055'),(5,2,'Peeke-Vout','Harry','hpeekevout4@pagesperso-orange.fr','+023 626 139 314'),(6,3,'Bonnar','Chet','cbonnar5@livejournal.com','+388 972 619 660'),(7,3,'MacAllen','Normy','nmacallen6@people.com.cn','+312 528 278 340'),(8,1,'Jovasevic','Shina','sjovasevic7@nsw.gov.au','+333 140 800 627'),(9,2,'McCurry','Ibbie','imccurry8@pen.io','+218 911 351 142'),(10,2,'Nower','Berne','bnower9@accuweather.com','+003 141 920 570'),(11,3,'Bullin','Truda','tbullina@hp.com','+484 950 215 822'),(12,3,'Ceillier','Nathanil','nceillierb@comcast.net','+149 823 264 302'),(13,1,'Mougeot','Alain','amougeotc@prlog.org','+667 441 041 619'),(14,3,'Matveichev','Agnella','amatveichevd@prnewswire.com','+859 514 411 413'),(15,1,'Aldrick','Whit','waldricke@drupal.org','+291 656 285 139'),(16,2,'Blaik','Fred','fblaikf@wp.com','+100 566 492 164'),(17,2,'McGougan','Farlie','fmcgougang@bloomberg.com','+464 839 443 516'),(18,3,'Torrese','Cam','ctorreseh@aboutads.info','+539 209 074 609'),(19,1,'Van Zon','Lonnie','lvanzoni@unicef.org','+031 419 541 112'),(20,3,'Blenkhorn','Maynord','mblenkhornj@mapy.cz','+613 434 141 405'),(21,1,'Tarbatt','Leilah','ltarbattk@typepad.com','+915 446 302 551'),(22,1,'McLevie','Faith','fmcleviel@sciencedaily.com','+394 969 215 330'),(23,1,'Backshell','Katuscha','kbackshellm@virginia.edu','+167 277 420 419'),(24,3,'Steeden','Norri','nsteedenn@japanpost.jp','+732 683 652 089'),(25,3,'Leving','Jaime','jlevingo@yahoo.com','+442 814 769 919'),(26,3,'Championnet','Sloane','schampionnetp@dedecms.com','+656 412 143 070'),(27,3,'Stranks','Claudio','cstranksq@devhub.com','+982 878 801 126'),(28,1,'Ksandra','Marabel','mksandrar@ftc.gov','+643 109 348 708'),(29,2,'Westrope','Henderson','hwestropes@studiopress.com','+296 847 009 805'),(30,2,'Ixor','Craggie','cixort@va.gov','+939 254 152 912'),(31,3,'Potbury','Tomasina','tpotburyu@vimeo.com','+143 803 608 357'),(32,1,'Gally','Gaspar','ggallyv@google.com.br','+116 296 222 378'),(33,2,'Sinderson','Bartholomeus','bsindersonw@auda.org.au','+895 805 842 487'),(34,2,'Bradtke','Josh','jbradtkex@marketwatch.com','+215 295 770 805'),(35,3,'Hadden','Giustina','ghaddeny@reference.com','+759 435 955 655'),(36,2,'McGonigal','Neel','nmcgonigalz@tumblr.com','+552 657 787 532'),(37,1,'Tosdevin','Emlen','etosdevin10@cmu.edu','+251 804 407 818'),(38,3,'Tunaclift','Allyce','atunaclift11@forbes.com','+010 713 732 722'),(39,3,'Risborough','Libbie','lrisborough12@liveinternet.ru','+131 676 894 930'),(40,1,'Aguirrezabal','Talya','taguirrezabal13@jiathis.com','+650 308 800 139'),(41,2,'Fennell','Stearn','sfennell14@slideshare.net','+999 044 656 178'),(42,1,'Bastick','Myrna','mbastick15@canalblog.com','+014 564 774 068'),(43,3,'Feares','Norean','nfeares16@typepad.com','+740 182 540 710'),(44,1,'Simmonite','Eldin','esimmonite17@vk.com','+578 544 326 060'),(45,3,'McCritichie','Cecilia','cmccritichie18@infoseek.co.jp','+272 040 501 813'),(46,3,'Malshinger','Edithe','emalshinger19@csmonitor.com','+544 850 604 770'),(47,2,'Nucciotti','Ola','onucciotti1a@jugem.jp','+222 758 517 733'),(48,1,'McCahill','Nappie','nmccahill1b@theglobeandmail.com','+903 323 058 964'),(49,1,'Paddock','Maxine','mpaddock1c@skype.com','+816 792 289 097'),(50,2,'Cultcheth','Asher','acultcheth1d@alibaba.com','+109 135 442 586'),(51,3,'Chalkly','Coletta','cchalkly1e@redcross.org','+541 782 581 739'),(52,1,'Cremer','Caesar','ccremer1f@amazon.com','+517 897 895 139'),(53,3,'Billin','Garfield','gbillin1g@macromedia.com','+740 637 073 710'),(54,1,'Keen','Mattie','mkeen1h@globo.com','+499 509 484 872'),(55,3,'McQuirk','Carmon','cmcquirk1i@issuu.com','+650 660 166 716'),(56,2,'Hobbema','Newton','nhobbema1j@sciencedirect.com','+314 503 397 637'),(57,2,'Leschelle','Dora','dleschelle1k@amazon.com','+099 171 045 786'),(58,2,'Gilfillan','Zacharia','zgilfillan1l@amazon.de','+515 771 375 881'),(59,2,'Lillegard','Levin','llillegard1m@thetimes.co.uk','+588 530 607 394'),(60,1,'Balcombe','Jacqui','jbalcombe1n@domainmarket.com','+912 278 341 703'),(61,1,'Iacobetto','Celina','ciacobetto1o@economist.com','+954 105 229 854'),(62,1,'Sackes','Friederike','fsackes1p@pen.io','+669 932 467 013'),(63,1,'Bridie','Sidney','sbridie1q@mapy.cz','+897 711 680 316'),(64,3,'Yorath','Lanny','lyorath1r@salon.com','+642 978 579 718'),(65,2,'Scard','Ingmar','iscard1s@barnesandnoble.com','+390 205 758 215'),(66,2,'Le Blanc','Sumner','sleblanc1t@123-reg.co.uk','+533 014 640 259'),(67,3,'Galia','Ronny','rgalia1u@joomla.org','+521 781 797 770'),(68,1,'Skeemor','Codee','cskeemor1v@diigo.com','+506 686 259 975'),(69,2,'Franey','Sharona','sfraney1w@whitehouse.gov','+528 475 864 441'),(70,3,'Ferencz','Annissa','aferencz1x@pen.io','+856 400 805 387'),(71,1,'Kiessel','Silas','skiessel1y@webs.com','+558 691 704 895'),(72,2,'Friberg','Donella','dfriberg1z@flavors.me','+721 351 362 839'),(73,2,'Nobes','Adelle','anobes20@tripod.com','+427 848 337 686'),(74,1,'Floyd','Templeton','tfloyd21@icq.com','+260 082 852 054'),(75,2,'Vater','Brita','bvater22@cisco.com','+748 612 983 744'),(76,3,'Hasney','Walliw','whasney23@jiathis.com','+015 830 197 696'),(77,1,'Goom','Binnie','bgoom24@google.fr','+244 638 682 199'),(78,3,'Oluwatoyin','Lynne','loluwatoyin25@ucoz.ru','+941 327 713 554'),(79,2,'Hopfer','Dwight','dhopfer26@lulu.com','+017 723 419 411'),(80,1,'Koles','Kimball','kkoles27@discovery.com','+728 772 682 281'),(81,1,'Huyton','Colly','chuyton28@youtube.com','+244 283 288 558'),(82,3,'Tollemache','Emilee','etollemache29@blog.com','+970 415 033 734'),(83,1,'Burdekin','Werner','wburdekin2a@google.de','+081 083 911 822'),(84,1,'Garnsworth','Kassi','kgarnsworth2b@rakuten.co.jp','+203 528 692 585'),(85,1,'Shepard','Orv','oshepard2c@symantec.com','+036 748 437 740'),(86,2,'Cantrill','Monty','mcantrill2d@wiley.com','+969 784 309 715'),(87,2,'Vasser','Rudie','rvasser2e@illinois.edu','+631 170 101 025'),(88,2,'de Quesne','Tamarra','tdequesne2f@geocities.com','+965 797 076 776'),(89,2,'Yedall','Theodore','tyedall2g@photobucket.com','+647 054 513 221'),(90,3,'Utterson','Jeremy','jutterson2h@jalbum.net','+326 586 095 337'),(91,3,'Duckels','Ileana','iduckels2i@unblog.fr','+815 772 365 171'),(92,1,'Chang','Bernelle','bchang2j@spiegel.de','+451 196 019 604'),(93,1,'Vink','Isac','ivink2k@kickstarter.com','+521 977 290 357'),(94,3,'Norree','Dot','dnorree2l@uol.com.br','+214 279 536 524'),(95,1,'Arstingall','Janessa','jarstingall2m@com.com','+647 236 209 123'),(96,2,'Priscott','Marthena','mpriscott2n@jiathis.com','+878 137 081 546'),(97,2,'Burleton','Pattie','pburleton2o@ucoz.ru','+879 636 257 486'),(98,2,'Vant','Astrid','avant2p@psu.edu','+800 406 226 497'),(99,2,'Shelly','Xenos','xshelly2q@qq.com','+161 165 609 087'),(100,2,'Spataro','Milty','mspataro2r@mail.ru','+855 262 710 657'),(101,2,'Tidd','Peri','ptidd2s@ebay.com','+627 194 621 381'),(102,2,'Woodroff','Cal','cwoodroff2t@gnu.org','+129 918 112 315'),(103,3,'Goodfield','Courtnay','cgoodfield2u@vk.com','+107 344 032 376'),(104,3,'Bourdis','Gael','gbourdis2v@jimdo.com','+874 362 339 317'),(105,3,'Elion','Archy','aelion2w@gravatar.com','+571 501 979 405'),(106,2,'Prattington','Mellie','mprattington2x@un.org','+956 387 643 012'),(107,3,'Mewis','Susanne','smewis2y@desdev.cn','+514 165 748 983'),(108,3,'Figures','Winnifred','wfigures2z@oakley.com','+253 465 355 369'),(109,1,'Faas','Vivianne','vfaas30@prnewswire.com','+237 087 080 577'),(110,2,'Wroe','Aron','awroe31@posterous.com','+375 099 456 769'),(111,1,'Gath','Quentin','qgath32@theguardian.com','+308 364 428 598'),(112,2,'Etheridge','Ruthann','retheridge33@cloudflare.com','+889 988 661 386'),(113,3,'Marvel','Marice','mmarvel34@weather.com','+911 555 655 157'),(114,3,'Hanford','Garald','ghanford35@fema.gov','+612 899 574 650'),(115,1,'Birkin','Hillie','hbirkin36@free.fr','+880 579 107 592'),(116,1,'Dillet','Franni','fdillet37@gmpg.org','+831 786 773 987'),(117,1,'Gailor','Rutter','rgailor38@woothemes.com','+486 843 009 670'),(118,2,'Persicke','Celinka','cpersicke39@webs.com','+308 444 392 559'),(119,2,'Seal','Giuditta','gseal3a@google.it','+498 039 276 784'),(120,2,'Cumpsty','Lonny','lcumpsty3b@seesaa.net','+378 553 430 374'),(121,3,'Wilding','Korie','kwilding3c@hibu.com','+319 874 778 659'),(122,2,'Pottell','Rodge','rpottell3d@stumbleupon.com','+339 631 037 112'),(123,2,'Reimer','Claudell','creimer3e@mit.edu','+897 453 338 482'),(124,2,'Croll','Brett','bcroll3f@hibu.com','+362 131 279 114'),(125,2,'Liepins','Zondra','zliepins3g@cbslocal.com','+370 672 117 951'),(126,1,'Tivenan','Wendell','wtivenan3h@patch.com','+065 859 062 951'),(127,1,'Ewins','Kimball','kewins3i@sohu.com','+102 984 131 672'),(128,1,'Moar','Jasper','jmoar3j@plala.or.jp','+792 875 009 975'),(129,2,'Kingwell','Clarisse','ckingwell3k@rakuten.co.jp','+037 093 578 903'),(130,1,'De Winton','Noach','ndewinton3l@histats.com','+914 460 547 419'),(131,2,'Kelwick','Camala','ckelwick3m@edublogs.org','+298 116 085 165'),(132,1,'Polkinhorn','Brooke','bpolkinhorn3n@nymag.com','+981 600 067 300'),(133,3,'Rochester','Genia','grochester3o@abc.net.au','+607 716 628 580'),(134,2,'Loody','Nedda','nloody3p@indiatimes.com','+330 551 629 233'),(135,2,'Truscott','Emmalynne','etruscott3q@rakuten.co.jp','+874 411 490 650'),(136,3,'Fust','Chan','cfust3r@statcounter.com','+184 490 150 458'),(137,3,'Sumshon','Sherlock','ssumshon3s@nymag.com','+200 043 553 430'),(138,3,'McTrusty','Kaia','kmctrusty3t@squarespace.com','+321 743 974 093'),(139,1,'Crawshay','Clint','ccrawshay3u@unesco.org','+224 367 571 839'),(140,1,'Iley','Stuart','siley3v@yahoo.com','+084 908 490 243'),(141,1,'Hairesnape','Roanna','rhairesnape3w@cocolog-nifty.com','+284 499 001 062'),(142,2,'Howley','Walsh','whowley3x@imageshack.us','+104 407 741 152'),(143,3,'Rollin','Kerrie','krollin3y@bloglines.com','+089 911 600 823'),(144,3,'Tough','Afton','atough3z@globo.com','+516 507 468 855'),(145,3,'Worge','Carolee','cworge40@craigslist.org','+517 656 667 030'),(146,3,'Acheson','Franni','facheson41@fastcompany.com','+681 571 430 388'),(147,3,'Shaylor','Worthington','wshaylor42@marriott.com','+628 339 716 841'),(148,2,'Giacubbo','Dmitri','dgiacubbo43@craigslist.org','+924 249 472 190'),(149,2,'Thouless','Cherri','cthouless44@admin.ch','+321 975 624 874'),(150,2,'Kaas','Ranee','rkaas45@godaddy.com','+675 139 088 690'),(151,2,'Kleynen','Wendel','wkleynen46@netlog.com','+168 042 328 920'),(152,2,'Toghill','Elisa','etoghill47@yellowbook.com','+768 579 447 297'),(153,1,'Jachimczak','Sophia','sjachimczak48@twitter.com','+463 706 035 504'),(154,3,'Sail','Stormi','ssail49@ibm.com','+781 658 541 498'),(155,2,'Westwater','Blaire','bwestwater4a@blinklist.com','+636 348 582 385'),(156,1,'Pocock','Reuven','rpocock4b@mozilla.org','+241 312 497 757'),(157,3,'Orrum','Mignon','morrum4c@umn.edu','+745 153 091 379'),(158,3,'Rebillard','Dolli','drebillard4d@pcworld.com','+965 976 781 029'),(159,3,'Heaffey','Tann','theaffey4e@zimbio.com','+578 824 720 336'),(160,1,'O\'Luby','Verla','voluby4f@cargocollective.com','+730 010 403 115'),(161,2,'Loudon','Milty','mloudon4g@newyorker.com','+927 915 952 118'),(162,1,'Louthe','Mirelle','mlouthe4h@ft.com','+494 328 565 017'),(163,2,'Corser','Jolene','jcorser4i@nyu.edu','+316 067 090 647'),(164,1,'Westhoff','Maighdiln','mwesthoff4j@washington.edu','+295 509 087 577'),(165,3,'Becom','Ashla','abecom4k@mlb.com','+403 011 186 340'),(166,3,'Spear','Zollie','zspear4l@stanford.edu','+608 362 540 587'),(167,2,'Guite','Goldy','gguite4m@google.ru','+636 709 667 409'),(168,1,'Capponeer','Munroe','mcapponeer4n@archive.org','+626 256 208 339'),(169,3,'Spragg','Benjie','bspragg4o@tmall.com','+382 072 410 589'),(170,3,'Roaf','Elisabeth','eroaf4p@vkontakte.ru','+735 815 154 179'),(171,1,'Bendtsen','Moira','mbendtsen4q@shinystat.com','+668 044 998 512'),(172,1,'Sewill','Charley','csewill4r@google.com','+398 381 396 541'),(173,1,'Timmons','Nealon','ntimmons4s@discovery.com','+464 812 740 000'),(174,2,'Eckersall','Kalli','keckersall4t@narod.ru','+976 746 975 125'),(175,2,'Ghidotti','Sari','sghidotti4u@nih.gov','+951 502 938 592'),(176,2,'Baptiste','Maribel','mbaptiste4v@flavors.me','+480 651 452 146'),(177,3,'Goulstone','Tatiana','tgoulstone4w@dmoz.org','+970 861 583 312'),(178,3,'Eastby','Ragnar','reastby4x@altervista.org','+251 257 487 800'),(179,2,'Whitten','Yasmeen','ywhitten4y@taobao.com','+757 396 887 181'),(180,1,'Hartus','Lynette','lhartus4z@arstechnica.com','+634 027 467 624'),(181,3,'Edrich','Tomasina','tedrich50@yellowpages.com','+436 441 912 622'),(182,1,'Bodesson','Candace','cbodesson51@hostgator.com','+355 394 298 740'),(183,2,'MacElroy','Alvis','amacelroy52@xinhuanet.com','+854 061 553 052'),(184,2,'Tribble','Franky','ftribble53@unicef.org','+722 088 433 425'),(185,1,'Hember','Nelia','nhember54@nature.com','+077 457 796 826'),(186,1,'Trevon','Jorge','jtrevon55@lycos.com','+585 528 326 053'),(187,1,'Quinnelly','Carolus','cquinnelly56@nasa.gov','+733 313 657 385'),(188,2,'Oris','Lilith','loris57@skype.com','+561 399 713 502'),(189,1,'Sloy','Johan','jsloy58@tumblr.com','+841 757 674 559'),(190,3,'Hancke','Janet','jhancke59@mit.edu','+672 807 779 375'),(191,2,'Ruffles','Claudetta','cruffles5a@sciencedaily.com','+245 671 043 802'),(192,1,'Carine','Isis','icarine5b@gnu.org','+266 125 271 983'),(193,2,'Pettingall','Ewart','epettingall5c@craigslist.org','+992 810 275 331'),(194,1,'Speeding','Bernice','bspeeding5d@facebook.com','+535 122 644 594'),(195,3,'Arson','Kerby','karson5e@wsj.com','+397 940 661 674'),(196,1,'Webby','Ray','rwebby5f@163.com','+444 661 091 547'),(197,3,'Caffery','Sean','scaffery5g@facebook.com','+533 073 858 310'),(198,3,'Klemt','Jasmine','jklemt5h@jigsy.com','+385 852 599 669'),(199,2,'Bellas','Agnola','abellas5i@bbb.org','+615 207 425 842'),(200,2,'Merrington','Millard','mmerrington5j@who.int','+781 711 845 618'),(201,1,'Lagneaux','Jarrod','jlagneaux5k@nationalgeographic.com','+710 353 975 203'),(202,3,'Josephi','Rosemonde','rjosephi5l@ustream.tv','+791 210 083 719'),(203,3,'Wayland','Aprilette','awayland5m@ox.ac.uk','+091 882 428 373'),(204,3,'Brightling','Jakob','jbrightling5n@angelfire.com','+959 857 973 755'),(205,2,'Latan','Hana','hlatan5o@ucsd.edu','+019 045 456 472'),(206,1,'Espinho','Hailey','hespinho5p@twitter.com','+199 370 315 869'),(207,1,'Sooper','Natalie','nsooper5q@lulu.com','+387 357 498 897'),(208,3,'Fetherston','Dulcinea','dfetherston5r@hud.gov','+197 720 335 544'),(209,1,'Vel','Antonina','avel5s@typepad.com','+397 304 353 103'),(210,3,'Stains','Cacilie','cstains5t@globo.com','+910 929 277 882'),(211,3,'Hark','Melicent','mhark5u@adobe.com','+425 958 341 708'),(212,2,'Massow','Nana','nmassow5v@rambler.ru','+284 148 676 956'),(213,2,'Larn','Francisco','flarn5w@spiegel.de','+672 419 006 888'),(214,2,'Cracknall','Roth','rcracknall5x@paypal.com','+945 939 687 759'),(215,2,'Sheekey','Feodora','fsheekey5y@i2i.jp','+838 219 784 934'),(216,3,'Cowins','Cammy','ccowins5z@ca.gov','+041 682 046 185'),(217,2,'Aleksic','Garv','galeksic60@irs.gov','+035 249 590 072'),(218,3,'Sergean','Hazlett','hsergean61@usgs.gov','+200 944 658 026'),(219,2,'Ipsly','Prentiss','pipsly62@newsvine.com','+690 446 002 549'),(220,3,'Schoular','Ferguson','fschoular63@ifeng.com','+481 000 393 033'),(221,2,'Girardin','Gardie','ggirardin64@oakley.com','+132 288 622 563'),(222,2,'Ortsmann','Benedikta','bortsmann65@eventbrite.com','+283 054 628 825'),(223,3,'Larkings','Ban','blarkings66@reuters.com','+764 896 210 211'),(224,3,'Stenyng','Ethan','estenyng67@dion.ne.jp','+008 510 894 430'),(225,3,'Castillou','Ramsey','rcastillou68@home.pl','+792 827 039 289'),(226,2,'Hertwell','Eilis','ehertwell69@blogtalkradio.com','+442 474 443 335'),(227,2,'Vondrys','Salaidh','svondrys6a@digg.com','+489 892 875 531'),(228,2,'McKerron','Gayel','gmckerron6b@ovh.net','+943 117 595 168'),(229,1,'Battersby','Adelind','abattersby6c@netscape.com','+885 531 178 302'),(230,1,'Nineham','Isahella','inineham6d@bizjournals.com','+625 194 022 796'),(231,2,'Aspinal','Bondon','baspinal6e@goo.gl','+723 495 907 679'),(232,1,'Jaeggi','Darcy','djaeggi6f@acquirethisname.com','+154 236 061 773'),(233,2,'Arnolds','Raymond','rarnolds6g@usda.gov','+799 588 571 578'),(234,3,'Kochel','Merrili','mkochel6h@ocn.ne.jp','+652 804 328 836'),(235,1,'Eskriet','Tucker','teskriet6i@marriott.com','+662 354 745 997'),(236,3,'Capnerhurst','Ody','ocapnerhurst6j@wiley.com','+253 061 771 381'),(237,3,'Roycroft','Fanchette','froycroft6k@qq.com','+436 674 078 115'),(238,3,'Feechan','Elston','efeechan6l@webeden.co.uk','+557 461 026 463'),(239,1,'Spreadbury','Emerson','espreadbury6m@bing.com','+270 819 475 215'),(240,3,'Ciotti','Edmon','eciotti6n@forbes.com','+877 031 969 278'),(241,2,'Friedenbach','Hobey','hfriedenbach6o@typepad.com','+967 746 694 780'),(242,2,'Tibbits','Cirilo','ctibbits6p@wisc.edu','+244 803 499 929'),(243,2,'Andresser','Cherilynn','candresser6q@gov.uk','+631 966 779 903'),(244,3,'Follacaro','Eveline','efollacaro6r@dmoz.org','+110 889 173 185'),(245,3,'Alleburton','Desmund','dalleburton6s@nature.com','+392 984 449 529'),(246,3,'Clutheram','Gaby','gclutheram6t@dagondesign.com','+386 509 441 027'),(247,1,'Vernon','Beltran','bvernon6u@arizona.edu','+979 466 804 150'),(248,2,'Probet','Raimundo','rprobet6v@time.com','+710 139 547 342'),(249,1,'Klemke','Alyosha','aklemke6w@ow.ly','+251 730 953 633'),(250,2,'Risebarer','Milt','mrisebarer6x@livejournal.com','+422 595 977 444'),(251,3,'Simmon','Reine','rsimmon6y@google.fr','+485 837 975 571'),(252,3,'Christauffour','Vallie','vchristauffour6z@over-blog.com','+679 109 093 846'),(253,1,'Missington','Filberto','fmissington70@rambler.ru','+027 490 327 417'),(254,1,'Loadsman','Audie','aloadsman71@wikispaces.com','+094 321 436 418'),(255,3,'Hartright','Clay','chartright72@baidu.com','+651 761 370 647'),(256,2,'Hanby','Kamilah','khanby73@loc.gov','+937 825 666 660'),(257,3,'Dows','Ardath','adows74@ehow.com','+901 459 341 937'),(258,3,'Gounod','Harriet','hgounod75@tinyurl.com','+225 414 304 653'),(259,2,'Vasilischev','Frans','fvasilischev76@ucoz.ru','+931 208 298 104'),(260,1,'Spleving','Maure','mspleving77@youtube.com','+077 739 905 317'),(261,3,'Caudray','Tannie','tcaudray78@wordpress.com','+907 851 081 936'),(262,3,'Bielefeld','Nessa','nbielefeld79@ted.com','+467 262 831 807'),(263,3,'Innott','Salaidh','sinnott7a@google.co.uk','+783 314 072 514'),(264,2,'Kesper','Shayna','skesper7b@soup.io','+189 430 654 046'),(265,2,'Caraher','Gillan','gcaraher7c@clickbank.net','+588 100 535 857'),(266,1,'Branscomb','Dido','dbranscomb7d@cnet.com','+230 383 789 425'),(267,3,'Pryde','Rosabella','rpryde7e@washington.edu','+966 182 138 710'),(268,1,'Erni','Beltran','berni7f@chron.com','+838 537 377 310'),(269,1,'Lamplugh','Gibbie','glamplugh7g@disqus.com','+566 547 347 561'),(270,1,'Canario','Garry','gcanario7h@nasa.gov','+245 091 158 986'),(271,1,'Tzarkov','Stormi','stzarkov7i@japanpost.jp','+724 849 007 696'),(272,1,'Kelinge','Jazmin','jkelinge7j@sina.com.cn','+071 786 552 375'),(273,1,'Bonny','Aeriell','abonny7k@examiner.com','+415 881 915 380'),(274,1,'Kohring','Demetra','dkohring7l@reference.com','+487 850 528 990'),(275,1,'Jann','Wilhelmina','wjann7m@nasa.gov','+354 220 482 092'),(276,3,'Bardey','Esma','ebardey7n@nyu.edu','+113 669 561 607'),(277,2,'Luff','Patten','pluff7o@reddit.com','+540 640 520 921'),(278,1,'Kaveney','Celeste','ckaveney7p@cornell.edu','+906 493 592 571'),(279,3,'Tows','Sindee','stows7q@prweb.com','+767 410 333 497'),(280,3,'Blackstock','Terence','tblackstock7r@etsy.com','+908 993 085 067'),(281,2,'Maund','Zulema','zmaund7s@adobe.com','+544 338 351 150'),(282,1,'Stoad','Alyson','astoad7t@marriott.com','+426 868 404 954'),(283,3,'Beacham','Benson','bbeacham7u@answers.com','+716 359 682 561'),(284,3,'Coleshill','Melly','mcoleshill7v@feedburner.com','+195 194 072 616'),(285,2,'Giannazzi','Casandra','cgiannazzi7w@nifty.com','+949 098 252 635'),(286,3,'Mum','Zebulon','zmum7x@mtv.com','+800 137 116 540'),(287,3,'Macieja','Gloriana','gmacieja7y@comcast.net','+273 798 643 384'),(288,3,'Rottcher','Gordy','grottcher7z@whitehouse.gov','+532 728 091 981'),(289,1,'Abrahamsen','Lorraine','labrahamsen80@google.ru','+973 661 540 763'),(290,2,'Rosie','Renaldo','rrosie81@thetimes.co.uk','+950 603 549 769'),(291,3,'Berrecloth','Hilliard','hberrecloth82@mtv.com','+425 452 970 931'),(292,1,'Spriddle','Darrel','dspriddle83@booking.com','+579 310 140 218'),(293,2,'Birdis','Killian','kbirdis84@geocities.jp','+449 370 561 189'),(294,2,'Sybe','Susette','ssybe85@networkadvertising.org','+754 207 822 661'),(295,2,'Hymer','Marquita','mhymer86@ehow.com','+708 407 724 003'),(296,2,'Arnaldy','Corny','carnaldy87@mysql.com','+236 259 210 598'),(297,3,'Morrieson','Galvan','gmorrieson88@howstuffworks.com','+666 762 063 805'),(298,3,'Rollins','Winston','wrollins89@miibeian.gov.cn','+739 310 340 146'),(299,1,'Dowdle','Elyse','edowdle8a@fema.gov','+039 585 039 983'),(300,3,'Garthland','Harvey','hgarthland8b@nyu.edu','+327 188 979 884'),(301,2,'Melody','Karina','kmelody8c@dagondesign.com','+029 387 852 593'),(302,3,'Dovydenas','Edithe','edovydenas8d@istockphoto.com','+069 696 790 316'),(303,3,'Wayne','Magda','mwayne8e@spotify.com','+331 941 986 328'),(304,1,'Alessandretti','Fawn','falessandretti8f@utexas.edu','+267 042 947 714'),(305,3,'Mulryan','Dewie','dmulryan8g@dyndns.org','+997 323 311 121'),(306,2,'Stapels','Ruth','rstapels8h@homestead.com','+774 734 780 710'),(307,2,'Spinnace','Francisca','fspinnace8i@wsj.com','+608 236 625 181'),(308,3,'Wroath','Cody','cwroath8j@indiegogo.com','+599 290 367 629'),(309,1,'Cayle','Dorena','dcayle8k@noaa.gov','+935 163 490 878'),(310,3,'Bowich','Roth','rbowich8l@ucla.edu','+504 637 141 692'),(311,1,'Ivachyov','Keenan','kivachyov8m@storify.com','+357 539 283 461'),(312,1,'Halegarth','Cristian','chalegarth8n@joomla.org','+877 850 357 278'),(313,3,'Plaunch','Sandor','splaunch8o@imageshack.us','+355 488 170 935'),(314,2,'Cottom','Sherline','scottom8p@mlb.com','+965 459 791 310'),(315,2,'Wardall','Jack','jwardall8q@dion.ne.jp','+165 885 848 473'),(316,2,'Ablott','Petronella','pablott8r@pagesperso-orange.fr','+007 631 022 059'),(317,2,'Brodnecke','Jocelyn','jbrodnecke8s@si.edu','+382 587 277 225'),(318,2,'Edensor','Kristy','kedensor8t@ow.ly','+028 351 732 292'),(319,3,'Dowber','Marti','mdowber8u@printfriendly.com','+611 834 513 934'),(320,1,'Dellenbrok','Dorelle','ddellenbrok8v@disqus.com','+928 541 954 982'),(321,3,'Deverson','Chariot','cdeverson8w@multiply.com','+485 509 542 408'),(322,1,'Thornber','Tallou','tthornber8x@webeden.co.uk','+519 172 459 546'),(323,3,'Jeremaes','Lilli','ljeremaes8y@examiner.com','+093 911 677 140'),(324,1,'Springtorp','Sarge','sspringtorp8z@technorati.com','+673 643 916 516'),(325,1,'McArthur','Hanny','hmcarthur90@ycombinator.com','+879 778 192 278'),(326,3,'Caldera','Burk','bcaldera91@plala.or.jp','+368 043 457 084'),(327,2,'Hawkins','Garrott','ghawkins92@wikia.com','+000 816 422 036'),(328,1,'Yo','Lay','lyo93@merriam-webster.com','+399 833 095 210'),(329,3,'Ubsdale','Klara','kubsdale94@economist.com','+782 650 330 716'),(330,1,'Wilsey','Mellie','mwilsey95@comcast.net','+534 343 724 623'),(331,3,'Wordley','Federico','fwordley96@dagondesign.com','+938 164 888 307'),(332,2,'Ruggiero','Sharity','sruggiero97@yahoo.com','+889 094 872 705'),(333,1,'Gabits','Lilyan','lgabits98@linkedin.com','+704 602 510 850'),(334,2,'Gullis','Homer','hgullis99@spotify.com','+856 105 179 800'),(335,2,'Peterkin','Junette','jpeterkin9a@sciencedaily.com','+118 616 799 653'),(336,3,'Scyone','Harriet','hscyone9b@columbia.edu','+414 623 753 670'),(337,2,'Itzak','Edd','eitzak9c@moonfruit.com','+298 836 279 851'),(338,1,'Swadon','Alastair','aswadon9d@livejournal.com','+944 361 785 698'),(339,1,'Huddle','Bryn','bhuddle9e@gnu.org','+652 009 022 473'),(340,3,'Slocomb','Lauree','lslocomb9f@4shared.com','+696 283 228 896'),(341,1,'Padson','Andros','apadson9g@umn.edu','+229 458 915 056'),(342,1,'Canty','Corrine','ccanty9h@cpanel.net','+474 341 921 303'),(343,3,'Lennie','Fletch','flennie9i@ucoz.com','+468 591 771 590'),(344,3,'Pitkeathly','Morgun','mpitkeathly9j@amazonaws.com','+146 116 903 952'),(345,2,'Grosvenor','Gawen','ggrosvenor9k@blinklist.com','+165 629 457 416'),(346,3,'Stigers','Foss','fstigers9l@gmpg.org','+813 812 277 549'),(347,2,'Folke','Guss','gfolke9m@dropbox.com','+817 163 607 253'),(348,2,'Jakucewicz','Fonzie','fjakucewicz9n@unblog.fr','+590 912 485 184'),(349,3,'Dowsey','Berta','bdowsey9o@behance.net','+773 573 494 051'),(350,2,'Irving','Jozef','jirving9p@dedecms.com','+478 356 105 478'),(351,1,'Helversen','Shawn','shelversen9q@digg.com','+324 316 467 756'),(352,1,'Lawty','Felizio','flawty9r@uol.com.br','+883 431 546 790'),(353,2,'Paffett','Royall','rpaffett9s@fotki.com','+799 395 669 085'),(354,1,'Cornwell','Ly','lcornwell9t@cdc.gov','+715 322 055 677'),(355,3,'Pakenham','Stephi','spakenham9u@friendfeed.com','+829 559 027 941'),(356,1,'Gianninotti','Courtnay','cgianninotti9v@t.co','+150 018 478 793'),(357,3,'Cruz','Eleanora','ecruz9w@jimdo.com','+750 351 835 283'),(358,1,'Wymer','Suzi','swymer9x@w3.org','+303 865 910 533'),(359,2,'Rycraft','Maje','mrycraft9y@oracle.com','+178 728 844 536'),(360,2,'Almey','Kipp','kalmey9z@bbb.org','+372 520 100 254'),(361,3,'Cottom','Alidia','acottoma0@macromedia.com','+945 516 960 966'),(362,2,'Riby','Elinore','eribya1@bing.com','+770 246 581 985'),(363,2,'Partington','Felice','fpartingtona2@youtu.be','+450 215 012 755'),(364,3,'Archibald','Merry','marchibalda3@delicious.com','+389 616 891 866'),(365,2,'Robion','Levey','lrobiona4@adobe.com','+579 171 000 802'),(366,2,'Reisk','Tristam','treiska5@statcounter.com','+518 932 429 415'),(367,3,'Glenn','Pen','pglenna6@house.gov','+697 033 921 118'),(368,1,'Cuningham','Lee','lcuninghama7@google.fr','+331 685 504 936'),(369,2,'Molson','Coletta','cmolsona8@sakura.ne.jp','+971 037 893 590'),(370,3,'Elesander','Tami','telesandera9@ow.ly','+809 525 099 799'),(371,1,'Greeding','Bernie','bgreedingaa@about.com','+397 193 670 800'),(372,3,'Baseggio','Venus','vbaseggioab@salon.com','+816 449 461 097'),(373,3,'Castellucci','Kary','kcastellucciac@ow.ly','+543 363 193 693'),(374,3,'Bownass','Maximilian','mbownassad@amazon.co.uk','+404 209 499 029'),(375,3,'Lillecrop','Rod','rlillecropae@biblegateway.com','+219 600 581 200'),(376,2,'Money','Catlaina','cmoneyaf@google.com','+152 811 518 681'),(377,2,'Mackilpatrick','Jacob','jmackilpatrickag@bloglovin.com','+074 149 191 701'),(378,3,'Bedinn','Myrta','mbedinnah@multiply.com','+890 307 392 881'),(379,3,'Harses','Gabriella','gharsesai@scribd.com','+316 647 267 444'),(380,1,'O\' Neligan','Henrieta','honeliganaj@mysql.com','+406 767 941 580'),(381,3,'Moreinis','Elmo','emoreinisak@privacy.gov.au','+874 463 313 651'),(382,2,'Davitti','Vinnie','vdavittial@scribd.com','+619 672 581 324'),(383,1,'Holah','Kissiah','kholaham@squidoo.com','+502 887 724 168'),(384,2,'Burkitt','Nelie','nburkittan@bing.com','+298 482 397 862'),(385,3,'Bumphries','Zacharia','zbumphriesao@blogger.com','+246 214 293 421'),(386,2,'Battabee','Jackie','jbattabeeap@phpbb.com','+220 107 216 902'),(387,3,'Sabbatier','Helaina','hsabbatieraq@slideshare.net','+614 223 926 592'),(388,1,'Farnorth','Amii','afarnorthar@tamu.edu','+540 306 509 121'),(389,1,'Woolstenholmes','Tara','twoolstenholmesas@ustream.tv','+826 416 740 021'),(390,1,'Moult','Oliviero','omoultat@yellowpages.com','+771 728 257 653'),(391,3,'Dimanche','Jacki','jdimancheau@imageshack.us','+922 398 971 949'),(392,2,'Dawton','Genevieve','gdawtonav@go.com','+146 284 898 640'),(393,2,'Cleverly','Cora','ccleverlyaw@canalblog.com','+565 134 649 719'),(394,1,'Lorden','Jeanine','jlordenax@woothemes.com','+265 477 967 743'),(395,3,'Edlin','Pattin','pedlinay@skype.com','+007 608 034 385'),(396,3,'Kensy','Ellyn','ekensyaz@baidu.com','+421 594 201 870'),(397,1,'Reubens','Charmaine','creubensb0@dyndns.org','+995 422 477 630'),(398,3,'Ferrarini','Lola','lferrarinib1@yolasite.com','+509 491 642 275'),(399,1,'Bartholomieu','Nance','nbartholomieub2@t-online.de','+976 390 842 394'),(400,1,'Dymidowicz','Adelheid','adymidowiczb3@t-online.de','+177 331 784 447');
/*!40000 ALTER TABLE `employees` ENABLE KEYS */;
UNLOCK TABLES;

--
-- Table structure for table `fin`
--

DROP TABLE IF EXISTS `fin`;
/*!40101 SET @saved_cs_client     = @@character_set_client */;
/*!40101 SET character_set_client = utf8 */;
CREATE TABLE `fin` (
  `ID` int(11) NOT NULL,
  `DESCQ` varchar(50) DEFAULT NULL,
  PRIMARY KEY (`ID`),
  CONSTRAINT `fin_ibfk_1` FOREIGN KEY (`ID`) REFERENCES `contracts` (`CONTRACT_ID`) ON DELETE CASCADE ON UPDATE CASCADE
) ENGINE=InnoDB DEFAULT CHARSET=utf8;
/*!40101 SET character_set_client = @saved_cs_client */;

--
-- Dumping data for table `fin`
--

LOCK TABLES `fin` WRITE;
/*!40000 ALTER TABLE `fin` DISABLE KEYS */;
INSERT INTO `fin` VALUES (1,'Computers'),(2,'Clothing'),(3,'Industrial'),(4,'Outdoors'),(5,'Garden'),(6,'Garden'),(7,'Clothing'),(8,'Outdoors'),(9,'Jewelery'),(10,'Garden'),(11,'Movies'),(12,'Garden'),(13,'Shoes'),(14,'Jewelery'),(15,'Garden'),(16,'Tools'),(17,'Sports'),(18,'Tools'),(19,'Games'),(20,'Health'),(21,'Jewelery'),(22,'Industrial'),(23,'Tools'),(24,'Tools'),(25,'Sports'),(26,'Toys'),(27,'Automotive'),(28,'Shoes'),(29,'Tools'),(30,'Outdoors'),(31,'Outdoors'),(32,'Clothing'),(33,'Garden'),(34,'Sports'),(35,'Health'),(36,'Movies'),(37,'Movies'),(38,'Music'),(39,'Computers'),(40,'Grocery'),(41,'Clothing'),(42,'Clothing'),(43,'Jewelery'),(44,'Books'),(45,'Industrial'),(46,'Beauty'),(47,'Shoes'),(48,'Sports'),(49,'Toys'),(50,'Tools'),(51,'Garden'),(52,'Grocery'),(53,'Outdoors'),(54,'Outdoors'),(55,'Tools'),(56,'Movies'),(57,'Electronics'),(58,'Automotive'),(59,'Clothing'),(60,'Games'),(61,'Baby'),(62,'Music'),(63,'Automotive'),(64,'Outdoors'),(65,'Health'),(66,'Electronics'),(67,'Beauty'),(68,'Games'),(69,'Grocery'),(70,'Toys'),(71,'Baby'),(72,'Clothing'),(73,'Electronics'),(74,'Health'),(75,'Automotive'),(76,'Automotive'),(77,'Automotive'),(78,'Music'),(79,'Industrial'),(80,'Games'),(81,'Shoes'),(82,'Home'),(83,'Home'),(84,'Clothing'),(85,'Toys'),(86,'Grocery'),(87,'Computers'),(88,'Toys'),(89,'Home'),(90,'Automotive'),(91,'Garden'),(92,'Jewelery'),(93,'Movies'),(94,'Games'),(95,'Jewelery'),(96,'Home'),(97,'Kids'),(98,'Computers'),(99,'Tools'),(100,'Jewelery'),(101,'Beauty'),(102,'Computers'),(103,'Jewelery'),(104,'Jewelery'),(105,'Health'),(106,'Home'),(107,'Automotive'),(108,'Movies'),(109,'Movies'),(110,'Movies'),(111,'Beauty'),(112,'Home'),(113,'Grocery'),(114,'Industrial'),(115,'Industrial'),(116,'Movies'),(117,'Jewelery'),(118,'Health'),(119,'Music'),(120,'Beauty'),(121,'Computers'),(122,'Computers'),(123,'Clothing'),(124,'Beauty'),(125,'Computers'),(126,'Baby'),(127,'Shoes'),(128,'Garden'),(129,'Movies'),(130,'Home'),(131,'Clothing'),(132,'Toys'),(133,'Clothing'),(134,'Music'),(135,'Toys'),(136,'Beauty'),(137,'Automotive'),(138,'Baby'),(139,'Toys'),(140,'Grocery'),(141,'Sports'),(142,'Music'),(143,'Shoes'),(144,'Automotive'),(145,'Toys'),(146,'Home'),(147,'Movies'),(148,'Toys'),(149,'Music'),(150,'Home'),(151,'Industrial'),(152,'Electronics'),(153,'Computers'),(154,'Tools'),(155,'Games'),(156,'Jewelery'),(157,'Sports'),(158,'Baby'),(159,'Toys'),(160,'Shoes'),(161,'Books'),(162,'Sports'),(163,'Clothing'),(164,'Industrial'),(165,'Movies'),(166,'Grocery'),(167,'Movies'),(168,'Computers'),(169,'Toys'),(170,'Tools'),(171,'Beauty'),(172,'Baby'),(173,'Sports'),(174,'Electronics'),(175,'Home'),(176,'Grocery'),(177,'Automotive'),(178,'Sports'),(179,'Clothing'),(180,'Baby'),(181,'Tools'),(182,'Home'),(183,'Industrial'),(184,'Industrial'),(185,'Tools'),(186,'Garden'),(187,'Toys'),(188,'Music'),(189,'Computers'),(190,'Books'),(191,'Toys'),(192,'Books'),(193,'Industrial'),(194,'Electronics'),(195,'Movies'),(196,'Books'),(197,'Books'),(198,'Tools'),(199,'Automotive'),(200,'Garden'),(201,'Garden'),(202,'Clothing'),(203,'Movies'),(204,'Shoes'),(205,'Grocery'),(206,'Toys'),(207,'Computers'),(208,'Tools'),(209,'Clothing'),(210,'Home'),(211,'Beauty'),(212,'Books'),(213,'Industrial'),(214,'Games'),(215,'Movies'),(216,'Books'),(217,'Health'),(218,'Automotive'),(219,'Toys'),(220,'Games'),(221,'Automotive'),(222,'Toys'),(223,'Electronics'),(224,'Outdoors'),(225,'Industrial'),(226,'Baby'),(227,'Kids'),(228,'Home'),(229,'Garden'),(230,'Computers'),(231,'Toys'),(232,'Outdoors'),(233,'Movies'),(234,'Computers'),(235,'Industrial'),(236,'Clothing'),(237,'Shoes'),(238,'Grocery'),(239,'Clothing'),(240,'Industrial'),(241,'Games'),(242,'Outdoors'),(243,'Movies'),(244,'Tools'),(245,'Sports'),(246,'Shoes'),(247,'Music'),(248,'Baby'),(249,'Baby'),(250,'Jewelery'),(251,'Shoes'),(252,'Industrial'),(253,'Beauty'),(254,'Electronics'),(255,'Garden'),(256,'Grocery'),(257,'Tools'),(258,'Movies'),(259,'Outdoors'),(260,'Industrial'),(261,'Beauty'),(262,'Games'),(263,'Outdoors'),(264,'Clothing'),(265,'Outdoors'),(266,'Industrial'),(267,'Outdoors'),(268,'Beauty'),(269,'Clothing'),(270,'Grocery'),(271,'Electronics'),(272,'Beauty'),(273,'Home'),(274,'Garden'),(275,'Baby'),(276,'Sports'),(277,'Toys'),(278,'Tools'),(279,'Toys'),(280,'Electronics'),(281,'Movies'),(282,'Electronics'),(283,'Grocery'),(284,'Grocery'),(285,'Industrial'),(286,'Electronics'),(287,'Books'),(288,'Toys'),(289,'Tools'),(290,'Home'),(291,'Industrial'),(292,'Toys'),(293,'Jewelery'),(294,'Music'),(295,'Shoes'),(296,'Sports'),(297,'Shoes'),(298,'Shoes'),(299,'Tools'),(300,'Sports'),(301,'Industrial'),(302,'Jewelery'),(303,'Automotive'),(304,'Tools'),(305,'Sports'),(306,'Outdoors'),(307,'Health'),(308,'Movies'),(309,'Beauty'),(310,'Automotive'),(311,'Computers'),(312,'Automotive'),(313,'Books'),(314,'Automotive'),(315,'Clothing'),(316,'Sports'),(317,'Computers'),(318,'Sports'),(319,'Computers'),(320,'Computers'),(321,'Garden'),(322,'Home'),(323,'Games'),(324,'Health'),(325,'Movies'),(326,'Clothing'),(327,'Beauty'),(328,'Health'),(329,'Movies'),(330,'Beauty'),(331,'Shoes'),(332,'Outdoors'),(333,'Computers'),(334,'Sports'),(335,'Home'),(336,'Clothing'),(337,'Clothing'),(338,'Garden'),(339,'Music'),(340,'Sports'),(341,'Baby'),(342,'Baby'),(343,'Automotive'),(344,'Baby'),(345,'Sports'),(346,'Books'),(347,'Industrial'),(348,'Grocery'),(349,'Tools'),(350,'Movies'),(351,'Outdoors'),(352,'Games'),(353,'Books'),(354,'Electronics'),(355,'Books'),(356,'Outdoors'),(357,'Movies'),(358,'Movies'),(359,'Grocery'),(360,'Automotive'),(361,'Movies'),(362,'Outdoors'),(363,'Home'),(364,'Movies'),(365,'Music'),(366,'Health'),(367,'Computers'),(368,'Shoes'),(369,'Shoes'),(370,'Music'),(371,'Electronics'),(372,'Books'),(373,'Home'),(374,'Games'),(375,'Home'),(376,'Industrial'),(377,'Movies'),(378,'Electronics'),(379,'Outdoors'),(380,'Jewelery'),(381,'Home'),(382,'Industrial'),(383,'Music'),(384,'Books'),(385,'Home'),(386,'Jewelery'),(387,'Tools'),(388,'Garden'),(389,'Garden'),(390,'Kids'),(391,'Movies'),(392,'Toys'),(393,'Tools'),(394,'Music'),(395,'Garden'),(396,'Home'),(397,'Baby'),(398,'Shoes'),(399,'Beauty'),(400,'Home'),(401,'Music'),(402,'Industrial'),(403,'Books'),(404,'Garden'),(405,'Shoes'),(406,'Toys'),(407,'Garden'),(408,'Baby'),(409,'Home'),(410,'Computers'),(411,'Toys'),(412,'Grocery'),(413,'Outdoors'),(414,'Outdoors'),(415,'Movies'),(416,'Games'),(417,'Computers'),(418,'Sports'),(419,'Home'),(420,'Beauty'),(421,'Outdoors'),(422,'Music'),(423,'Industrial'),(424,'Industrial'),(425,'Beauty'),(426,'Jewelery'),(427,'Movies'),(428,'Sports'),(429,'Grocery'),(430,'Shoes'),(431,'Music'),(432,'Games'),(433,'Sports'),(434,'Sports'),(435,'Grocery'),(436,'Toys'),(437,'Garden'),(438,'Shoes'),(439,'Kids'),(440,'Toys'),(441,'Grocery'),(442,'Industrial'),(443,'Tools'),(444,'Automotive'),(445,'Jewelery'),(446,'Health'),(447,'Shoes'),(448,'Baby'),(449,'Grocery'),(450,'Health'),(451,'Electronics'),(452,'Computers'),(453,'Books'),(454,'Kids'),(455,'Toys'),(456,'Tools'),(457,'Toys'),(458,'Sports'),(459,'Health'),(460,'Toys'),(461,'Sports'),(462,'Kids'),(463,'Grocery'),(464,'Music'),(465,'Home'),(466,'Movies'),(467,'Movies'),(468,'Home'),(469,'Garden'),(470,'Beauty'),(471,'Garden'),(472,'Outdoors'),(473,'Industrial'),(474,'Toys'),(475,'Clothing'),(476,'Games'),(477,'Sports'),(478,'Beauty'),(479,'Clothing'),(480,'Jewelery'),(481,'Garden'),(482,'Sports'),(483,'Books'),(484,'Computers'),(485,'Baby'),(486,'Health'),(487,'Computers'),(488,'Beauty'),(489,'Automotive'),(490,'Industrial'),(491,'Industrial'),(492,'Books'),(493,'Games'),(494,'Music'),(495,'Beauty'),(496,'Kids'),(497,'Electronics'),(498,'Baby'),(499,'Automotive'),(500,'Outdoors'),(501,'Music'),(502,'Automotive'),(503,'Tools'),(504,'Games'),(505,'Garden'),(506,'Garden'),(507,'Grocery'),(508,'Movies'),(509,'Games'),(510,'Industrial'),(511,'Home'),(512,'Computers'),(513,'Movies'),(514,'Industrial'),(515,'Toys'),(516,'Baby'),(517,'Clothing'),(518,'Toys'),(519,'Automotive'),(520,'Beauty'),(521,'Industrial'),(522,'Movies'),(523,'Sports'),(524,'Jewelery'),(525,'Music'),(526,'Garden'),(527,'Movies'),(528,'Sports'),(529,'Grocery'),(530,'Garden'),(531,'Kids'),(532,'Home'),(533,'Games'),(534,'Beauty'),(535,'Sports'),(536,'Automotive'),(537,'Jewelery'),(538,'Games'),(539,'Health'),(540,'Tools'),(541,'Kids'),(542,'Kids'),(543,'Electronics'),(544,'Computers'),(545,'Toys'),(546,'Outdoors'),(547,'Shoes'),(548,'Health'),(549,'Home'),(550,'Industrial'),(551,'Movies'),(552,'Industrial'),(553,'Grocery'),(554,'Beauty'),(555,'Shoes'),(556,'Games'),(557,'Baby'),(558,'Jewelery'),(559,'Computers'),(560,'Computers'),(561,'Home'),(562,'Tools'),(563,'Music'),(564,'Toys'),(565,'Home'),(566,'Games'),(567,'Shoes'),(568,'Outdoors'),(569,'Baby'),(570,'Games'),(571,'Industrial'),(572,'Garden'),(573,'Tools'),(574,'Electronics'),(575,'Games'),(576,'Electronics'),(577,'Toys'),(578,'Garden'),(579,'Music'),(580,'Music'),(581,'Automotive'),(582,'Sports'),(583,'Automotive'),(584,'Books'),(585,'Clothing'),(586,'Computers'),(587,'Music'),(588,'Clothing'),(589,'Clothing'),(590,'Toys'),(591,'Games'),(592,'Clothing'),(593,'Beauty'),(594,'Kids'),(595,'Sports'),(596,'Jewelery'),(597,'Clothing'),(598,'Home'),(599,'Movies'),(600,'Movies'),(601,'Computers'),(602,'Games'),(603,'Books'),(604,'Books'),(605,'Shoes'),(606,'Movies'),(607,'Books'),(608,'Home'),(609,'Sports'),(610,'Tools'),(611,'Movies'),(612,'Sports'),(613,'Sports'),(614,'Garden'),(615,'Tools'),(616,'Home'),(617,'Grocery'),(618,'Sports'),(619,'Movies'),(620,'Jewelery'),(621,'Grocery'),(622,'Grocery'),(623,'Sports'),(624,'Grocery'),(625,'Industrial'),(626,'Jewelery'),(627,'Automotive'),(628,'Music'),(629,'Kids'),(630,'Industrial'),(631,'Books'),(632,'Books'),(633,'Baby'),(634,'Computers'),(635,'Shoes'),(636,'Movies'),(637,'Computers'),(638,'Electronics'),(639,'Music'),(640,'Toys'),(641,'Computers'),(642,'Beauty'),(643,'Industrial'),(644,'Music'),(645,'Industrial'),(646,'Automotive'),(647,'Computers'),(648,'Health'),(649,'Home'),(650,'Toys'),(651,'Garden'),(652,'Clothing'),(653,'Baby'),(654,'Computers'),(655,'Industrial'),(656,'Music'),(657,'Tools'),(658,'Baby'),(659,'Baby'),(660,'Kids'),(661,'Tools'),(662,'Grocery'),(663,'Books'),(664,'Garden'),(665,'Computers'),(666,'Industrial'),(667,'Beauty'),(668,'Music'),(669,'Outdoors'),(670,'Tools'),(671,'Movies'),(672,'Baby'),(673,'Home'),(674,'Baby'),(675,'Shoes'),(676,'Grocery'),(677,'Garden'),(678,'Home'),(679,'Baby'),(680,'Electronics'),(681,'Tools'),(682,'Games'),(683,'Garden'),(684,'Shoes'),(685,'Movies'),(686,'Toys'),(687,'Beauty'),(688,'Jewelery'),(689,'Kids'),(690,'Industrial'),(691,'Shoes'),(692,'Grocery'),(693,'Toys'),(694,'Music'),(695,'Tools'),(696,'Home'),(697,'Electronics'),(698,'Books'),(699,'Games'),(700,'Clothing'),(701,'Shoes'),(702,'Beauty'),(703,'Grocery'),(704,'Movies'),(705,'Outdoors'),(706,'Garden'),(707,'Games'),(708,'Tools'),(709,'Industrial'),(710,'Movies'),(711,'Industrial'),(712,'Beauty'),(713,'Grocery'),(714,'Baby'),(715,'Tools'),(716,'Baby'),(717,'Tools'),(718,'Jewelery'),(719,'Movies'),(720,'Electronics'),(721,'Outdoors'),(722,'Industrial'),(723,'Sports'),(724,'Automotive'),(725,'Baby'),(726,'Sports'),(727,'Games'),(728,'Music'),(729,'Health'),(730,'Computers'),(731,'Outdoors'),(732,'Jewelery'),(733,'Games'),(734,'Clothing'),(735,'Books'),(736,'Baby'),(737,'Automotive'),(738,'Kids'),(739,'Garden'),(740,'Industrial'),(741,'Clothing'),(742,'Computers'),(743,'Games'),(744,'Home'),(745,'Clothing'),(746,'Electronics'),(747,'Computers'),(748,'Music'),(749,'Music'),(750,'Industrial'),(751,'Baby'),(752,'Industrial'),(753,'Clothing'),(754,'Movies'),(755,'Health'),(756,'Beauty'),(757,'Electronics'),(758,'Clothing'),(759,'Sports'),(760,'Kids'),(761,'Games'),(762,'Electronics'),(763,'Toys'),(764,'Beauty'),(765,'Industrial'),(766,'Outdoors'),(767,'Clothing'),(768,'Outdoors'),(769,'Clothing'),(770,'Health'),(771,'Automotive'),(772,'Movies'),(773,'Industrial'),(774,'Kids'),(775,'Shoes'),(776,'Books'),(777,'Music'),(778,'Home'),(779,'Outdoors'),(780,'Industrial'),(781,'Music'),(782,'Movies'),(783,'Health'),(784,'Automotive'),(785,'Books'),(786,'Games'),(787,'Shoes'),(788,'Electronics'),(789,'Grocery'),(790,'Health'),(791,'Computers'),(792,'Baby'),(793,'Kids'),(794,'Beauty'),(795,'Electronics'),(796,'Kids'),(797,'Jewelery'),(798,'Toys'),(799,'Kids'),(800,'Beauty'),(801,'Home'),(802,'Games'),(803,'Shoes'),(804,'Sports'),(805,'Tools'),(806,'Sports'),(807,'Electronics'),(808,'Beauty'),(809,'Tools'),(810,'Games'),(811,'Shoes'),(812,'Electronics'),(813,'Health'),(814,'Toys'),(815,'Clothing'),(816,'Outdoors'),(817,'Home'),(818,'Sports'),(819,'Grocery'),(820,'Books'),(821,'Shoes'),(822,'Computers'),(823,'Kids'),(824,'Sports'),(825,'Grocery'),(826,'Games'),(827,'Outdoors'),(828,'Clothing'),(829,'Sports'),(830,'Garden'),(831,'Electronics'),(832,'Electronics'),(833,'Industrial'),(834,'Toys'),(835,'Electronics'),(836,'Kids'),(837,'Garden'),(838,'Jewelery'),(839,'Automotive'),(840,'Toys'),(841,'Electronics'),(842,'Books'),(843,'Kids'),(844,'Electronics'),(845,'Grocery'),(846,'Garden'),(847,'Toys'),(848,'Tools'),(849,'Kids'),(850,'Clothing'),(851,'Grocery'),(852,'Baby'),(853,'Computers'),(854,'Toys'),(855,'Music'),(856,'Clothing'),(857,'Games'),(858,'Sports'),(859,'Kids'),(860,'Shoes'),(861,'Tools'),(862,'Sports'),(863,'Automotive'),(864,'Sports'),(865,'Beauty'),(866,'Movies'),(867,'Shoes'),(868,'Movies'),(869,'Home'),(870,'Health'),(871,'Industrial'),(872,'Baby'),(873,'Health'),(874,'Health'),(875,'Shoes'),(876,'Garden'),(877,'Clothing'),(878,'Tools'),(879,'Music'),(880,'Kids'),(881,'Beauty'),(882,'Baby'),(883,'Jewelery'),(884,'Jewelery'),(885,'Games'),(886,'Books'),(887,'Health'),(888,'Tools'),(889,'Tools'),(890,'Books'),(891,'Home'),(892,'Games'),(893,'Automotive'),(894,'Outdoors'),(895,'Computers'),(896,'Shoes'),(897,'Kids'),(898,'Jewelery'),(899,'Garden'),(900,'Toys'),(901,'Music'),(902,'Computers'),(903,'Kids'),(904,'Jewelery'),(905,'Sports'),(906,'Home'),(907,'Home'),(908,'Jewelery'),(909,'Jewelery'),(910,'Industrial'),(911,'Tools'),(912,'Grocery'),(913,'Sports'),(914,'Kids'),(915,'Tools'),(916,'Tools'),(917,'Computers'),(918,'Jewelery'),(919,'Games'),(920,'Sports'),(921,'Computers'),(922,'Books'),(923,'Tools'),(924,'Electronics'),(925,'Baby'),(926,'Health'),(927,'Automotive'),(928,'Clothing'),(929,'Baby'),(930,'Garden'),(931,'Industrial'),(932,'Computers'),(933,'Automotive'),(934,'Jewelery'),(935,'Outdoors'),(936,'Baby'),(937,'Toys'),(938,'Automotive'),(939,'Sports'),(940,'Automotive'),(941,'Beauty'),(942,'Automotive'),(943,'Computers'),(944,'Garden'),(945,'Shoes'),(946,'Kids'),(947,'Kids'),(948,'Garden'),(949,'Movies'),(950,'Books'),(951,'Games'),(952,'Health'),(953,'Movies'),(954,'Outdoors'),(955,'Beauty'),(956,'Electronics'),(957,'Shoes'),(958,'Sports'),(959,'Grocery'),(960,'Industrial'),(961,'Garden'),(962,'Tools'),(963,'Automotive'),(964,'Garden'),(965,'Movies'),(966,'Outdoors'),(967,'Tools'),(968,'Industrial'),(969,'Clothing'),(970,'Books'),(971,'Kids'),(972,'Outdoors'),(973,'Industrial'),(974,'Tools'),(975,'Music'),(976,'Movies'),(977,'Home'),(978,'Jewelery'),(979,'Outdoors'),(980,'Shoes'),(981,'Industrial'),(982,'Electronics'),(983,'Games'),(984,'Movies'),(985,'Grocery'),(986,'Games'),(987,'Garden'),(988,'Jewelery'),(989,'Garden'),(990,'Grocery'),(991,'Beauty'),(992,'Movies'),(993,'Electronics'),(994,'Clothing'),(995,'Computers'),(996,'Movies'),(997,'Music'),(998,'Electronics'),(999,'Outdoors'),(1000,'Sports');
/*!40000 ALTER TABLE `fin` ENABLE KEYS */;
UNLOCK TABLES;

--
-- Table structure for table `priority_ref`
--

DROP TABLE IF EXISTS `priority_ref`;
/*!40101 SET @saved_cs_client     = @@character_set_client */;
/*!40101 SET character_set_client = utf8 */;
CREATE TABLE `priority_ref` (
  `PRIORITY_ID` int(11) NOT NULL,
  `PRIORITY_DESC` varchar(10) DEFAULT NULL,
  `PRIORITY_COLOR` varchar(10) DEFAULT NULL,
  PRIMARY KEY (`PRIORITY_ID`)
) ENGINE=InnoDB DEFAULT CHARSET=utf8;
/*!40101 SET character_set_client = @saved_cs_client */;

--
-- Dumping data for table `priority_ref`
--

LOCK TABLES `priority_ref` WRITE;
/*!40000 ALTER TABLE `priority_ref` DISABLE KEYS */;
INSERT INTO `priority_ref` VALUES (1,'LOW','GREEN'),(2,'MEDIUM','YELLOW'),(3,'HIGH','RED');
/*!40000 ALTER TABLE `priority_ref` ENABLE KEYS */;
UNLOCK TABLES;

--
-- Table structure for table `roles_ref`
--

DROP TABLE IF EXISTS `roles_ref`;
/*!40101 SET @saved_cs_client     = @@character_set_client */;
/*!40101 SET character_set_client = utf8 */;
CREATE TABLE `roles_ref` (
  `ROLE_ID` int(11) NOT NULL,
  `ROLE_DESC` varchar(15) DEFAULT NULL,
  PRIMARY KEY (`ROLE_ID`)
) ENGINE=InnoDB DEFAULT CHARSET=utf8;
/*!40101 SET character_set_client = @saved_cs_client */;

--
-- Dumping data for table `roles_ref`
--

LOCK TABLES `roles_ref` WRITE;
/*!40000 ALTER TABLE `roles_ref` DISABLE KEYS */;
INSERT INTO `roles_ref` VALUES (1,'Administrator'),(2,'Common employee'),(3,'Manager');
/*!40000 ALTER TABLE `roles_ref` ENABLE KEYS */;
UNLOCK TABLES;

--
-- Table structure for table `task_status_ref`
--

DROP TABLE IF EXISTS `task_status_ref`;
/*!40101 SET @saved_cs_client     = @@character_set_client */;
/*!40101 SET character_set_client = utf8 */;
CREATE TABLE `task_status_ref` (
  `TASK_STATUS_ID` int(11) NOT NULL,
  `TASK_STAT_DESC` varchar(10) DEFAULT NULL,
  PRIMARY KEY (`TASK_STATUS_ID`)
) ENGINE=InnoDB DEFAULT CHARSET=utf8;
/*!40101 SET character_set_client = @saved_cs_client */;

--
-- Dumping data for table `task_status_ref`
--

LOCK TABLES `task_status_ref` WRITE;
/*!40000 ALTER TABLE `task_status_ref` DISABLE KEYS */;
INSERT INTO `task_status_ref` VALUES (1,'Open'),(2,'Completed'),(3,'Canceled');
/*!40000 ALTER TABLE `task_status_ref` ENABLE KEYS */;
UNLOCK TABLES;

--
-- Table structure for table `tasks`
--

DROP TABLE IF EXISTS `tasks`;
/*!40101 SET @saved_cs_client     = @@character_set_client */;
/*!40101 SET character_set_client = utf8 */;
CREATE TABLE `tasks` (
  `TASK_ID` int(11) NOT NULL AUTO_INCREMENT,
  `TODO_DESC_ID` int(11) DEFAULT NULL,
  `CONTRACT_ID` int(11) NOT NULL,
  `AUTHOR_ID` int(11) DEFAULT NULL,
  `EXECUTOR_ID` int(11) DEFAULT NULL,
  `TASK_STATUS_ID` int(11) NOT NULL,
  `PRIORITY_ID` int(11) NOT NULL,
  `DATE_START` date DEFAULT NULL,
  `DATE_END` date DEFAULT NULL,
  `COMMENT` varchar(300) DEFAULT NULL,
  PRIMARY KEY (`TASK_ID`),
  KEY `IXFK_TASKS_CONTRACTS` (`CONTRACT_ID`),
  KEY `IXFK_TASKS_EMPLOYEES` (`AUTHOR_ID`),
  KEY `IXFK_TASKS_EMPLOYEES_02` (`EXECUTOR_ID`),
  KEY `IXFK_TASKS_PRIORITY_REF` (`PRIORITY_ID`),
  KEY `IXFK_TASKS_TASK_STATUS_REF` (`TASK_STATUS_ID`),
  KEY `IXFK_TASKS_TODO_DESC_REF` (`TODO_DESC_ID`),
  CONSTRAINT `FK_TASKS_EMP_AUTH` FOREIGN KEY (`AUTHOR_ID`) REFERENCES `employees` (`USER_ID`) ON DELETE SET NULL ON UPDATE CASCADE,
  CONSTRAINT `FK_TASKS_EMP_EXEC` FOREIGN KEY (`EXECUTOR_ID`) REFERENCES `employees` (`USER_ID`) ON DELETE SET NULL ON UPDATE CASCADE,
  CONSTRAINT `FK_TASKS_PRIORITY_REF` FOREIGN KEY (`PRIORITY_ID`) REFERENCES `priority_ref` (`PRIORITY_ID`) ON UPDATE CASCADE,
  CONSTRAINT `FK_TASKS_TASK_STATUS_REF` FOREIGN KEY (`TASK_STATUS_ID`) REFERENCES `task_status_ref` (`TASK_STATUS_ID`) ON UPDATE CASCADE,
  CONSTRAINT `FK_TASKS_TODO_DESC_REF` FOREIGN KEY (`TODO_DESC_ID`) REFERENCES `todo_desc_ref` (`TODO_DESC_ID`) ON DELETE SET NULL ON UPDATE CASCADE,
  CONSTRAINT `tasks_ibfk_1` FOREIGN KEY (`CONTRACT_ID`) REFERENCES `contracts` (`CONTRACT_ID`) ON DELETE CASCADE ON UPDATE CASCADE
) ENGINE=InnoDB AUTO_INCREMENT=1001 DEFAULT CHARSET=utf8;
/*!40101 SET character_set_client = @saved_cs_client */;

--
-- Dumping data for table `tasks`
--

LOCK TABLES `tasks` WRITE;
/*!40000 ALTER TABLE `tasks` DISABLE KEYS */;
INSERT INTO `tasks` VALUES (1,20,679,71,285,2,3,'2017-12-18','2018-04-04','Change date end\n\n'),(2,10,304,121,120,1,1,'2016-12-26',NULL,'Duis ac nibh.'),(3,15,816,223,118,3,1,'2017-12-07','2017-12-21','Proin at turpis a pede posuere nonummy. Integer non velit.'),(4,15,966,178,79,2,2,'2016-04-13','2016-05-26','Pellentesque viverra pede ac diam. Cras pellentesque volutpat dui.'),(5,8,944,104,359,1,3,'2017-12-06',NULL,'Maecenas tincidunt lacus at velit. Vivamus vel nulla eget eros elementum pellentesque. Quisque porta volutpat erat.'),(6,10,874,372,369,1,1,'2015-10-08',NULL,'Fusce consequat.'),(7,15,393,297,174,2,1,'2016-11-07','2017-02-17','Cum sociis natoque penatibus et magnis dis parturient montes, nascetur ridiculus mus. Etiam vel augue.'),(8,18,417,170,120,1,1,'2015-04-25',NULL,'In est risus, auctor sed, tristique in, tempus sit amet, sem. Fusce consequat.'),(9,17,241,197,350,3,3,'2018-02-18','2018-05-07','Nulla ut erat id mauris vulputate elementum. Nullam varius. Nulla facilisi.'),(10,6,337,64,131,3,2,'2015-08-22','2015-08-25','Mauris enim leo, rhoncus sed, vestibulum sit amet, cursus id, turpis. Integer aliquet, massa id lobortis convallis, tortor risus dapibus augue, vel accumsan tellus nisi eu orci. Mauris lacinia sapien quis libero.'),(11,9,817,236,227,1,1,'2017-01-29',NULL,'Morbi quis tortor id nulla ultrices aliquet.'),(12,9,853,70,65,1,1,'2016-04-25',NULL,'Sed vel enim sit amet nunc viverra dapibus.'),(13,16,256,357,155,1,3,'2018-02-09',NULL,'Integer ac neque. Duis bibendum. Morbi non quam nec dui luctus rutrum.'),(14,10,660,146,285,1,3,'2016-06-06',NULL,'Proin leo odio, porttitor id, consequat in, consequat ut, nulla. Sed accumsan felis. Ut at dolor quis odio consequat varius.'),(15,13,271,181,142,3,1,'2016-03-15','2016-05-18','Aenean lectus.'),(16,16,648,7,264,3,3,'2017-09-29','2017-10-30','Nulla ut erat id mauris vulputate elementum. Nullam varius. Nulla facilisi.'),(17,7,107,157,377,1,1,'2015-09-26',NULL,'Nulla tellus.'),(18,1,370,203,226,2,1,'2015-12-18','2016-01-26','Fusce posuere felis sed lacus. Morbi sem mauris, laoreet ut, rhoncus aliquet, pulvinar sed, nisl.'),(19,6,89,251,205,1,3,'2018-09-26',NULL,'In sagittis dui vel nisl. Duis ac nibh. Fusce lacus purus, aliquet at, feugiat non, pretium quis, lectus.'),(20,1,89,279,384,1,3,'2018-09-23',NULL,'Etiam faucibus cursus urna. Ut tellus. Nulla ut erat id mauris vulputate elementum.'),(21,18,591,190,30,3,1,'2016-07-22','2016-11-06','Pellentesque eget nunc. Donec quis orci eget orci vehicula condimentum.'),(22,12,52,45,86,1,1,'2017-03-22',NULL,'Morbi quis tortor id nulla ultrices aliquet. Maecenas leo odio, condimentum id, luctus nec, molestie sed, justo. Pellentesque viverra pede ac diam.'),(23,6,319,159,152,3,3,'2016-10-25','2016-12-19','Maecenas ut massa quis augue luctus tincidunt. Nulla mollis molestie lorem.'),(24,9,451,67,134,1,1,'2017-09-15',NULL,'Cras in purus eu magna vulputate luctus.'),(25,4,949,245,350,2,2,'2016-07-05','2016-10-27','Quisque ut erat.'),(26,11,229,336,5,1,3,'2018-07-20',NULL,'Lorem ipsum dolor sit amet, consectetuer adipiscing elit. Proin interdum mauris non ligula pellentesque ultrices.'),(27,13,692,90,47,3,3,'2019-03-30','2019-04-30','Vestibulum sed magna at nunc commodo placerat. Praesent blandit. Nam nulla.'),(28,16,405,374,384,2,2,'2018-08-22','2018-11-21','Morbi vel lectus in quam fringilla rhoncus.'),(29,1,518,237,110,3,3,'2017-12-30','2018-05-04','Curabitur in libero ut massa volutpat convallis.'),(30,2,378,211,242,3,3,'2018-12-17','2019-05-02','Donec posuere metus vitae ipsum. Aliquam non mauris.'),(31,12,605,323,50,1,1,'2015-07-28',NULL,'Morbi quis tortor id nulla ultrices aliquet.'),(32,20,387,321,295,2,1,'2015-08-26','2015-10-31','Maecenas tincidunt lacus at velit. Vivamus vel nulla eget eros elementum pellentesque. Quisque porta volutpat erat.'),(33,18,72,261,315,1,1,'2015-04-29',NULL,'Maecenas pulvinar lobortis est.'),(34,5,346,144,163,1,3,'2018-11-07',NULL,'Proin risus.'),(35,2,687,252,163,3,1,'2017-05-24','2017-07-09','Vestibulum ante ipsum primis in faucibus orci luctus et ultrices posuere cubilia Curae; Duis faucibus accumsan odio.'),(36,15,809,310,193,2,3,'2016-05-09','2016-06-20','Lorem ipsum dolor sit amet, consectetuer adipiscing elit. Proin interdum mauris non ligula pellentesque ultrices.'),(37,13,916,105,205,3,2,'2015-11-28','2016-01-23','In hac habitasse platea dictumst. Aliquam augue quam, sollicitudin vitae, consectetuer eget, rutrum at, lorem.'),(38,15,926,308,265,1,3,'2016-01-30',NULL,'Curabitur gravida nisi at nibh. In hac habitasse platea dictumst.'),(39,17,64,178,9,3,3,'2015-12-07','2016-03-27','Phasellus sit amet erat. Nulla tempus. Vivamus in felis eu sapien cursus vestibulum.'),(40,5,272,252,123,1,3,'2016-07-26',NULL,'Proin at turpis a pede posuere nonummy. Integer non velit.'),(41,17,113,374,96,2,3,'2018-07-07','2018-08-12','Morbi non lectus. Aliquam sit amet diam in magna bibendum imperdiet. Nullam orci pede, venenatis non, sodales sed, tincidunt eu, felis.'),(42,4,756,26,87,1,1,'2015-12-12',NULL,'Duis bibendum, felis sed interdum venenatis, turpis enim blandit mi, in porttitor pede justo eu massa. Donec dapibus. Duis at velit eu est congue elementum.'),(43,11,560,208,294,3,3,'2018-04-02','2018-07-01','Nulla ac enim. In tempor, turpis nec euismod scelerisque, quam turpis adipiscing lorem, vitae mattis nibh ligula nec sem.'),(44,12,593,38,34,3,2,'2018-07-06','2018-10-27','Pellentesque eget nunc. Donec quis orci eget orci vehicula condimentum.'),(45,10,708,190,87,1,2,'2016-02-08',NULL,'Integer a nibh.'),(46,2,442,94,285,2,2,'2018-09-24','2018-10-25','Ut tellus. Nulla ut erat id mauris vulputate elementum.'),(47,17,826,38,359,2,3,'2016-03-22','2016-04-06','Quisque erat eros, viverra eget, congue eget, semper rutrum, nulla.'),(48,3,379,375,150,1,2,'2016-05-13',NULL,'Vivamus metus arcu, adipiscing molestie, hendrerit at, vulputate vitae, nisl. Aenean lectus.'),(49,5,240,78,293,2,2,'2017-05-01','2017-08-16','Nullam molestie nibh in lectus. Pellentesque at nulla. Suspendisse potenti.'),(50,20,550,4,183,2,1,'2018-07-04','2018-07-24','Fusce consequat. Nulla nisl.'),(51,1,274,287,135,1,1,'2018-04-22',NULL,'Morbi ut odio. Cras mi pede, malesuada in, imperdiet et, commodo vulputate, justo. In blandit ultrices enim.'),(52,15,83,147,129,3,1,'2016-08-08','2016-11-27','Donec odio justo, sollicitudin ut, suscipit a, feugiat et, eros. Vestibulum ac est lacinia nisi venenatis tristique. Fusce congue, diam id ornare imperdiet, sapien urna pretium nisl, ut volutpat sapien arcu sed augue.'),(53,13,379,246,56,1,3,'2016-05-08',NULL,'Vestibulum sed magna at nunc commodo placerat. Praesent blandit. Nam nulla.'),(54,13,9,136,98,1,3,'2016-06-24',NULL,'Nullam orci pede, venenatis non, sodales sed, tincidunt eu, felis. Fusce posuere felis sed lacus.'),(55,6,160,372,188,2,2,'2017-08-23','2018-01-08','Etiam pretium iaculis justo. In hac habitasse platea dictumst. Etiam faucibus cursus urna.'),(56,17,908,38,89,1,1,'2015-10-13',NULL,'Vestibulum ante ipsum primis in faucibus orci luctus et ultrices posuere cubilia Curae; Mauris viverra diam vitae quam.'),(57,6,848,76,360,3,3,'2016-01-26','2016-05-23','Proin leo odio, porttitor id, consequat in, consequat ut, nulla.'),(58,12,935,181,65,2,3,'2015-12-05','2015-12-29','Vestibulum ante ipsum primis in faucibus orci luctus et ultrices posuere cubilia Curae; Mauris viverra diam vitae quam. Suspendisse potenti. Nullam porttitor lacus at turpis.'),(59,11,852,381,233,1,1,'2016-10-29',NULL,'Integer non velit.'),(60,1,384,104,294,1,2,'2016-05-05',NULL,'Nullam porttitor lacus at turpis. Donec posuere metus vitae ipsum. Aliquam non mauris.'),(61,5,85,208,155,2,1,'2017-11-10','2017-11-18','Suspendisse accumsan tortor quis turpis. Sed ante. Vivamus tortor.'),(62,15,55,244,134,1,2,'2015-10-05',NULL,'Etiam justo.'),(63,3,347,216,100,1,1,'2017-10-07',NULL,'Morbi ut odio. Cras mi pede, malesuada in, imperdiet et, commodo vulputate, justo. In blandit ultrices enim.'),(64,1,970,39,59,2,1,'2015-05-17','2015-05-19','Curabitur in libero ut massa volutpat convallis.'),(65,9,127,298,360,1,3,'2017-02-20',NULL,'Aenean fermentum. Donec ut mauris eget massa tempor convallis.'),(66,17,798,237,41,2,1,'2016-07-18','2016-12-03','Integer ac neque.'),(67,18,621,297,135,1,1,'2018-10-30',NULL,'Nulla nisl.'),(68,11,340,53,217,3,1,'2017-05-01','2017-07-26','Duis consequat dui nec nisi volutpat eleifend.'),(69,19,508,18,294,1,1,'2015-05-12',NULL,'Integer aliquet, massa id lobortis convallis, tortor risus dapibus augue, vel accumsan tellus nisi eu orci.'),(70,11,316,276,360,1,3,'2019-01-28',NULL,'In tempor, turpis nec euismod scelerisque, quam turpis adipiscing lorem, vitae mattis nibh ligula nec sem. Duis aliquam convallis nunc. Proin at turpis a pede posuere nonummy.'),(71,1,824,14,41,1,3,'2017-07-13',NULL,'Praesent id massa id nisl venenatis lacinia. Aenean sit amet justo. Morbi ut odio.'),(72,12,781,67,65,3,3,'2017-12-23','2018-01-29','Integer tincidunt ante vel ipsum.'),(73,3,844,146,259,1,2,'2017-06-20',NULL,'Suspendisse ornare consequat lectus. In est risus, auctor sed, tristique in, tempus sit amet, sem.'),(74,2,14,286,294,3,2,'2017-05-22','2017-07-11','Aenean sit amet justo. Morbi ut odio. Cras mi pede, malesuada in, imperdiet et, commodo vulputate, justo.'),(75,19,199,310,112,2,1,'2016-09-25','2016-11-22','Nulla tellus. In sagittis dui vel nisl.'),(76,9,863,113,152,3,1,'2016-12-08','2017-01-31','Aenean sit amet justo. Morbi ut odio. Cras mi pede, malesuada in, imperdiet et, commodo vulputate, justo.'),(77,10,834,208,10,3,3,'2016-09-22','2016-11-17','Ut tellus. Nulla ut erat id mauris vulputate elementum. Nullam varius.'),(78,13,60,251,200,3,1,'2015-12-11','2015-12-14','Vivamus vestibulum sagittis sapien. Cum sociis natoque penatibus et magnis dis parturient montes, nascetur ridiculus mus.'),(79,3,123,258,99,1,2,'2016-10-04',NULL,'Nulla neque libero, convallis eget, eleifend luctus, ultricies eu, nibh. Quisque id justo sit amet sapien dignissim vestibulum.'),(80,11,325,220,41,1,1,'2015-10-25',NULL,'Donec posuere metus vitae ipsum.'),(81,15,556,113,226,3,3,'2017-09-17','2018-01-29','Nulla mollis molestie lorem.'),(82,15,465,323,179,2,1,'2017-04-22','2017-09-06','Integer aliquet, massa id lobortis convallis, tortor risus dapibus augue, vel accumsan tellus nisi eu orci.'),(83,20,990,251,69,3,3,'2016-04-16','2016-06-12','Nulla tellus. In sagittis dui vel nisl. Duis ac nibh.'),(84,2,581,375,129,2,1,'2018-07-27','2018-08-27','Nulla tempus. Vivamus in felis eu sapien cursus vestibulum. Proin eu mi.'),(85,17,364,146,259,1,1,'2017-05-03',NULL,'Quisque arcu libero, rutrum ac, lobortis vel, dapibus at, diam. Nam tristique tortor eu pede.'),(86,15,325,225,332,1,1,'2015-10-24',NULL,'Nulla tempus. Vivamus in felis eu sapien cursus vestibulum. Proin eu mi.'),(87,13,725,300,75,2,1,'2015-09-01','2015-12-24','Maecenas leo odio, condimentum id, luctus nec, molestie sed, justo. Pellentesque viverra pede ac diam.'),(88,19,244,261,350,3,1,'2015-09-01','2015-11-28','Donec ut dolor.'),(89,2,394,245,362,3,3,'2016-04-06','2016-06-03','Vestibulum ante ipsum primis in faucibus orci luctus et ultrices posuere cubilia Curae; Nulla dapibus dolor vel est. Donec odio justo, sollicitudin ut, suscipit a, feugiat et, eros. Vestibulum ac est lacinia nisi venenatis tristique.'),(90,5,919,216,16,2,3,'2017-06-04','2017-10-17','Vestibulum rutrum rutrum neque. Aenean auctor gravida sem.'),(91,5,839,6,290,1,3,'2017-07-21',NULL,'Curabitur in libero ut massa volutpat convallis. Morbi odio odio, elementum eu, interdum eu, tincidunt in, leo. Maecenas pulvinar lobortis est.'),(92,1,231,198,99,3,1,'2017-12-11','2018-03-21','Phasellus sit amet erat. Nulla tempus. Vivamus in felis eu sapien cursus vestibulum.'),(93,2,316,144,66,1,3,'2019-01-26',NULL,'Quisque id justo sit amet sapien dignissim vestibulum. Vestibulum ante ipsum primis in faucibus orci luctus et ultrices posuere cubilia Curae; Nulla dapibus dolor vel est. Donec odio justo, sollicitudin ut, suscipit a, feugiat et, eros.'),(94,15,307,361,327,2,2,'2017-11-02','2018-03-02','Aliquam sit amet diam in magna bibendum imperdiet.'),(95,5,459,280,241,2,2,'2018-10-09','2019-02-20','Nullam sit amet turpis elementum ligula vehicula consequat. Morbi a ipsum.'),(96,11,977,263,17,3,1,'2015-11-15','2016-03-17','Aliquam non mauris. Morbi non lectus.'),(97,1,603,170,155,1,1,'2017-05-08',NULL,'Nulla ac enim. In tempor, turpis nec euismod scelerisque, quam turpis adipiscing lorem, vitae mattis nibh ligula nec sem. Duis aliquam convallis nunc.'),(98,6,879,220,56,1,1,'2015-06-10',NULL,'Nam ultrices, libero non mattis pulvinar, nulla pede ullamcorper augue, a suscipit nulla elit ac nulla. Sed vel enim sit amet nunc viverra dapibus. Nulla suscipit ligula in lacus.'),(99,16,880,374,123,1,2,'2019-01-04',NULL,'Vestibulum sed magna at nunc commodo placerat.'),(100,20,428,178,110,1,2,'2018-01-07',NULL,'Duis consequat dui nec nisi volutpat eleifend. Donec ut dolor.'),(101,13,657,240,184,2,3,'2016-04-01','2016-07-20','Ut tellus. Nulla ut erat id mauris vulputate elementum.'),(102,19,369,27,131,1,1,'2016-10-29',NULL,'Nam dui. Proin leo odio, porttitor id, consequat in, consequat ut, nulla. Sed accumsan felis.'),(103,6,824,202,151,1,2,'2017-07-13',NULL,'Pellentesque at nulla.'),(104,11,482,375,101,1,3,'2015-11-19',NULL,'Quisque arcu libero, rutrum ac, lobortis vel, dapibus at, diam. Nam tristique tortor eu pede.'),(105,14,433,297,47,2,3,'2018-04-16','2018-07-04','Proin at turpis a pede posuere nonummy. Integer non velit.'),(106,17,887,170,301,2,1,'2017-05-25','2017-10-04','Nunc nisl.'),(107,11,17,302,131,1,1,'2017-12-03',NULL,'In hac habitasse platea dictumst.'),(108,19,66,310,155,2,1,'2017-09-27','2017-11-09','Duis consequat dui nec nisi volutpat eleifend. Donec ut dolor.'),(109,16,525,146,188,2,1,'2018-03-15','2018-08-04','Aliquam sit amet diam in magna bibendum imperdiet.'),(110,10,455,26,250,1,1,'2015-10-10',NULL,'Pellentesque ultrices mattis odio. Donec vitae nisi.'),(111,15,985,7,193,2,1,'2019-01-17','2019-04-22','Cras in purus eu magna vulputate luctus.'),(112,16,311,67,118,3,3,'2018-06-21','2018-10-06','Praesent lectus. Vestibulum quam sapien, varius ut, blandit non, interdum in, ante. Vestibulum ante ipsum primis in faucibus orci luctus et ultrices posuere cubilia Curae; Duis faucibus accumsan odio.'),(113,9,663,370,134,3,3,'2019-04-10','2019-06-26','Maecenas tincidunt lacus at velit. Vivamus vel nulla eget eros elementum pellentesque.'),(114,17,374,211,363,1,1,'2016-11-11',NULL,'Duis consequat dui nec nisi volutpat eleifend. Donec ut dolor.'),(115,12,110,262,183,2,3,'2015-07-28','2015-09-22','Morbi non quam nec dui luctus rutrum.'),(116,4,894,38,213,2,2,'2019-03-05','2019-07-02','Fusce consequat. Nulla nisl. Nunc nisl.'),(117,2,762,67,248,3,1,'2017-01-02','2017-03-26','Aliquam sit amet diam in magna bibendum imperdiet. Nullam orci pede, venenatis non, sodales sed, tincidunt eu, felis. Fusce posuere felis sed lacus.'),(118,5,473,361,369,2,3,'2017-07-17','2017-08-13','Proin interdum mauris non ligula pellentesque ultrices. Phasellus id sapien in sapien iaculis congue.'),(119,15,804,251,155,1,1,'2016-07-06',NULL,'In sagittis dui vel nisl.'),(120,8,211,108,332,2,1,'2018-07-31','2018-08-16','Sed accumsan felis. Ut at dolor quis odio consequat varius. Integer ac leo.'),(121,15,592,276,69,1,3,'2016-10-05',NULL,'In hac habitasse platea dictumst.'),(122,20,976,234,222,1,1,'2017-10-12',NULL,'Suspendisse ornare consequat lectus.'),(123,10,281,367,227,2,3,'2019-03-04','2019-06-09','Aliquam quis turpis eget elit sodales scelerisque.'),(124,6,268,53,347,1,1,'2015-05-22',NULL,'In sagittis dui vel nisl. Duis ac nibh.'),(125,17,874,147,106,1,1,'2015-10-09',NULL,'Nulla mollis molestie lorem. Quisque ut erat.'),(126,8,931,204,124,2,3,'2019-02-27','2019-05-16','Donec quis orci eget orci vehicula condimentum. Curabitur in libero ut massa volutpat convallis.'),(127,6,105,108,106,1,3,'2016-12-13',NULL,'Nullam orci pede, venenatis non, sodales sed, tincidunt eu, felis.'),(128,19,259,159,377,1,3,'2015-11-30',NULL,'Proin eu mi.'),(129,20,438,319,265,1,2,'2016-01-28',NULL,'Mauris ullamcorper purus sit amet nulla. Quisque arcu libero, rutrum ac, lobortis vel, dapibus at, diam. Nam tristique tortor eu pede.'),(130,15,267,300,227,1,1,'2015-05-20',NULL,'Lorem ipsum dolor sit amet, consectetuer adipiscing elit. Proin risus.'),(131,12,146,367,382,1,3,'2017-07-26',NULL,'Morbi quis tortor id nulla ultrices aliquet. Maecenas leo odio, condimentum id, luctus nec, molestie sed, justo.'),(132,16,8,321,58,2,1,'2018-07-15','2018-08-18','Nullam varius.'),(133,19,36,287,34,1,1,'2016-06-04',NULL,'Sed sagittis.'),(134,20,444,398,47,2,2,'2017-08-12','2017-12-28','Proin at turpis a pede posuere nonummy. Integer non velit. Donec diam neque, vestibulum eget, vulputate ut, ultrices vel, augue.'),(135,15,242,53,57,2,2,'2019-03-06','2019-04-30','Cras non velit nec nisi vulputate nonummy. Maecenas tincidunt lacus at velit. Vivamus vel nulla eget eros elementum pellentesque.'),(136,14,695,276,386,2,2,'2016-04-30','2016-07-27','Vivamus metus arcu, adipiscing molestie, hendrerit at, vulputate vitae, nisl.'),(137,19,83,234,134,3,1,'2016-08-05','2016-11-20','Duis mattis egestas metus.'),(138,7,246,373,365,1,3,'2016-05-17',NULL,'Curabitur convallis.'),(139,8,233,90,393,3,1,'2015-10-29','2015-12-22','Curabitur at ipsum ac tellus semper interdum.'),(140,12,392,165,174,3,3,'2019-03-28','2019-04-01','Suspendisse potenti. In eleifend quam a odio.'),(141,19,426,326,248,1,1,'2016-02-01',NULL,'Donec ut dolor. Morbi vel lectus in quam fringilla rhoncus.'),(142,19,1,94,89,1,1,'2017-01-12',NULL,'Nullam varius.'),(143,7,819,220,296,1,3,'2016-03-31',NULL,'Lorem ipsum dolor sit amet, consectetuer adipiscing elit. Proin interdum mauris non ligula pellentesque ultrices.'),(144,11,851,280,241,3,1,'2018-01-13','2018-03-21','Duis bibendum, felis sed interdum venenatis, turpis enim blandit mi, in porttitor pede justo eu massa. Donec dapibus.'),(145,12,276,103,30,1,2,'2015-10-03',NULL,'Morbi quis tortor id nulla ultrices aliquet.'),(146,18,417,195,16,1,3,'2015-04-25',NULL,'Nulla mollis molestie lorem.'),(147,3,387,211,41,3,1,'2015-08-21','2015-11-02','Donec diam neque, vestibulum eget, vulputate ut, ultrices vel, augue. Vestibulum ante ipsum primis in faucibus orci luctus et ultrices posuere cubilia Curae; Donec pharetra, magna vestibulum aliquet ultrices, erat tortor sollicitudin mi, sit amet lobortis sapien sapien non mi.'),(148,7,53,372,363,1,1,'2018-02-16',NULL,'Mauris sit amet eros.'),(149,15,235,39,233,2,2,'2016-08-12','2016-12-28','Pellentesque ultrices mattis odio. Donec vitae nisi.'),(150,3,120,284,265,2,1,'2015-07-26','2015-10-21','Maecenas tristique, est et tempus semper, est quam pharetra magna, ac consequat metus sapien ut nunc. Vestibulum ante ipsum primis in faucibus orci luctus et ultrices posuere cubilia Curae; Mauris viverra diam vitae quam.'),(151,11,701,279,264,2,1,'2017-03-29','2017-08-16','Nullam orci pede, venenatis non, sodales sed, tincidunt eu, felis.'),(152,14,234,204,348,2,3,'2016-08-19','2016-09-21','Vivamus metus arcu, adipiscing molestie, hendrerit at, vulputate vitae, nisl. Aenean lectus.'),(153,14,205,67,75,1,1,'2017-12-25',NULL,'Pellentesque at nulla. Suspendisse potenti.'),(154,16,603,53,149,1,2,'2017-05-07',NULL,'Nulla tellus. In sagittis dui vel nisl. Duis ac nibh.'),(155,6,1000,113,318,2,1,'2018-10-22','2019-02-11','Morbi porttitor lorem id ligula.'),(156,11,763,18,16,1,1,'2018-04-03',NULL,'Vestibulum ante ipsum primis in faucibus orci luctus et ultrices posuere cubilia Curae; Mauris viverra diam vitae quam.'),(157,5,67,211,167,2,2,'2016-04-07','2016-07-01','Donec vitae nisi.'),(158,2,42,4,163,3,1,'2017-04-28','2017-06-15','Maecenas ut massa quis augue luctus tincidunt.'),(159,4,612,208,167,1,2,'2015-05-31',NULL,'Integer aliquet, massa id lobortis convallis, tortor risus dapibus augue, vel accumsan tellus nisi eu orci.'),(160,7,572,246,73,2,1,'2015-08-18','2015-09-21','Aenean auctor gravida sem. Praesent id massa id nisl venenatis lacinia.'),(161,10,743,31,231,1,1,'2018-11-05',NULL,'Vivamus in felis eu sapien cursus vestibulum. Proin eu mi.'),(162,10,631,181,86,1,1,'2019-03-22',NULL,'Integer aliquet, massa id lobortis convallis, tortor risus dapibus augue, vel accumsan tellus nisi eu orci. Mauris lacinia sapien quis libero.'),(163,18,724,323,97,3,1,'2015-05-06','2015-09-26','Aliquam erat volutpat. In congue. Etiam justo.'),(164,7,779,372,151,3,3,'2016-03-23','2016-06-19','Praesent blandit lacinia erat. Vestibulum sed magna at nunc commodo placerat. Praesent blandit.'),(165,18,208,147,205,1,2,'2019-03-17',NULL,'Maecenas rhoncus aliquam lacus. Morbi quis tortor id nulla ultrices aliquet.'),(166,8,661,170,174,3,1,'2015-09-15','2015-10-13','In hac habitasse platea dictumst. Etiam faucibus cursus urna. Ut tellus.'),(167,8,765,2,98,2,3,'2019-01-18','2019-01-21','Vestibulum ante ipsum primis in faucibus orci luctus et ultrices posuere cubilia Curae; Mauris viverra diam vitae quam. Suspendisse potenti. Nullam porttitor lacus at turpis.'),(168,3,690,166,265,1,3,'2018-09-08',NULL,'Mauris sit amet eros. Suspendisse accumsan tortor quis turpis. Sed ante.'),(169,3,394,208,175,3,2,'2016-04-09','2016-06-05','Donec quis orci eget orci vehicula condimentum. Curabitur in libero ut massa volutpat convallis. Morbi odio odio, elementum eu, interdum eu, tincidunt in, leo.'),(170,4,136,286,281,1,2,'2019-02-26',NULL,'Sed vel enim sit amet nunc viverra dapibus.'),(171,11,724,45,306,2,1,'2015-05-06','2015-09-19','Aenean sit amet justo. Morbi ut odio. Cras mi pede, malesuada in, imperdiet et, commodo vulputate, justo.'),(172,19,637,107,87,3,2,'2017-04-11','2017-06-04','Nulla ac enim.'),(173,11,347,177,332,1,2,'2017-10-05',NULL,'Donec odio justo, sollicitudin ut, suscipit a, feugiat et, eros.'),(174,14,166,204,29,1,2,'2018-05-20',NULL,'Maecenas pulvinar lobortis est.'),(175,17,49,245,29,2,1,'2019-02-03','2019-01-30','Duis mattis egestas metus. Aenean fermentum. Donec ut mauris eget massa tempor convallis.'),(176,19,754,375,241,1,3,'2017-12-19',NULL,'Phasellus in felis.'),(177,13,441,190,227,2,2,'2016-01-29','2016-03-15','Donec posuere metus vitae ipsum. Aliquam non mauris. Morbi non lectus.'),(178,15,462,321,179,3,3,'2018-05-28','2018-09-01','Morbi sem mauris, laoreet ut, rhoncus aliquet, pulvinar sed, nisl. Nunc rhoncus dui vel sem.'),(179,2,281,308,377,2,1,'2019-03-05','2019-06-09','Morbi porttitor lorem id ligula.'),(180,3,114,355,259,1,2,'2016-08-12',NULL,'Aliquam sit amet diam in magna bibendum imperdiet. Nullam orci pede, venenatis non, sodales sed, tincidunt eu, felis. Fusce posuere felis sed lacus.'),(181,18,947,82,36,3,2,'2015-08-03','2015-11-07','Pellentesque at nulla.'),(182,16,509,138,248,3,3,'2019-04-04','2019-07-23','Praesent id massa id nisl venenatis lacinia.'),(183,6,152,223,120,1,1,'2016-01-12',NULL,'Curabitur in libero ut massa volutpat convallis. Morbi odio odio, elementum eu, interdum eu, tincidunt in, leo.'),(184,17,887,344,188,3,1,'2017-05-24','2017-10-05','Integer a nibh.'),(185,7,505,70,73,1,3,'2018-04-14',NULL,'Mauris ullamcorper purus sit amet nulla. Quisque arcu libero, rutrum ac, lobortis vel, dapibus at, diam.'),(186,3,174,367,16,1,3,'2017-10-31',NULL,'Nulla suscipit ligula in lacus. Curabitur at ipsum ac tellus semper interdum. Mauris ullamcorper purus sit amet nulla.'),(187,14,853,372,176,1,2,'2016-04-30',NULL,'Morbi vel lectus in quam fringilla rhoncus. Mauris enim leo, rhoncus sed, vestibulum sit amet, cursus id, turpis. Integer aliquet, massa id lobortis convallis, tortor risus dapibus augue, vel accumsan tellus nisi eu orci.'),(188,8,59,143,327,2,1,'2018-06-09','2018-06-13','Integer ac neque. Duis bibendum. Morbi non quam nec dui luctus rutrum.'),(189,17,965,257,10,2,1,'2017-06-26','2017-10-18','Pellentesque viverra pede ac diam. Cras pellentesque volutpat dui.'),(190,6,786,51,296,1,2,'2015-06-02',NULL,'Phasellus sit amet erat. Nulla tempus.'),(191,15,880,355,316,1,3,'2018-12-30',NULL,'Nam nulla. Integer pede justo, lacinia eget, tincidunt eget, tempus vel, pede.'),(192,19,667,385,293,1,3,'2017-09-25',NULL,'Praesent lectus. Vestibulum quam sapien, varius ut, blandit non, interdum in, ante. Vestibulum ante ipsum primis in faucibus orci luctus et ultrices posuere cubilia Curae; Duis faucibus accumsan odio.'),(193,20,643,357,123,1,2,'2015-08-14',NULL,'Morbi non quam nec dui luctus rutrum. Nulla tellus.'),(194,13,83,340,72,2,1,'2016-08-03','2016-11-22','Vestibulum rutrum rutrum neque. Aenean auctor gravida sem. Praesent id massa id nisl venenatis lacinia.'),(195,11,453,298,56,3,2,'2018-02-21','2018-03-10','Nulla ut erat id mauris vulputate elementum.'),(196,20,997,291,151,1,2,'2017-01-01',NULL,'Nulla tempus.'),(197,20,558,46,56,1,3,'2018-07-15',NULL,'Duis ac nibh. Fusce lacus purus, aliquet at, feugiat non, pretium quis, lectus.'),(198,11,568,255,205,3,1,'2017-04-03','2017-06-23','Proin leo odio, porttitor id, consequat in, consequat ut, nulla. Sed accumsan felis.'),(199,11,212,202,301,3,2,'2019-03-20','2019-05-21','Nullam sit amet turpis elementum ligula vehicula consequat. Morbi a ipsum.'),(200,20,916,395,167,3,2,'2015-11-26','2016-01-27','Mauris enim leo, rhoncus sed, vestibulum sit amet, cursus id, turpis. Integer aliquet, massa id lobortis convallis, tortor risus dapibus augue, vel accumsan tellus nisi eu orci. Mauris lacinia sapien quis libero.'),(201,18,586,305,87,2,1,'2018-05-09','2018-06-07','Morbi quis tortor id nulla ultrices aliquet. Maecenas leo odio, condimentum id, luctus nec, molestie sed, justo. Pellentesque viverra pede ac diam.'),(202,10,448,145,142,1,1,'2017-05-06',NULL,'Integer non velit.'),(203,8,224,283,365,1,2,'2017-01-25',NULL,'Ut tellus. Nulla ut erat id mauris vulputate elementum.'),(204,4,54,357,34,2,1,'2016-06-13','2016-07-18','Cras non velit nec nisi vulputate nonummy. Maecenas tincidunt lacus at velit.'),(205,17,246,379,365,1,1,'2016-05-19',NULL,'Etiam faucibus cursus urna. Ut tellus.'),(206,15,468,2,353,2,3,'2018-12-24','2019-02-07','Aenean lectus.'),(207,7,177,276,386,1,2,'2017-12-11',NULL,'Donec semper sapien a libero. Nam dui. Proin leo odio, porttitor id, consequat in, consequat ut, nulla.'),(208,18,244,331,30,3,1,'2015-09-02','2015-12-03','Duis ac nibh. Fusce lacus purus, aliquet at, feugiat non, pretium quis, lectus.'),(209,19,941,258,248,3,2,'2016-04-13','2016-05-16','Vestibulum ante ipsum primis in faucibus orci luctus et ultrices posuere cubilia Curae; Donec pharetra, magna vestibulum aliquet ultrices, erat tortor sollicitudin mi, sit amet lobortis sapien sapien non mi. Integer ac neque.'),(210,10,621,181,365,1,3,'2018-11-05',NULL,'Suspendisse potenti.'),(211,13,565,379,118,1,2,'2017-06-19',NULL,'Nulla tellus. In sagittis dui vel nisl. Duis ac nibh.'),(212,16,349,105,183,1,1,'2015-04-30',NULL,'Morbi ut odio. Cras mi pede, malesuada in, imperdiet et, commodo vulputate, justo.'),(213,5,876,136,242,2,2,'2016-11-23','2016-12-18','Pellentesque ultrices mattis odio.'),(214,11,546,25,66,2,1,'2016-05-12','2016-09-15','In hac habitasse platea dictumst. Morbi vestibulum, velit id pretium iaculis, diam erat fermentum justo, nec condimentum neque sapien placerat ante. Nulla justo.'),(215,11,646,225,285,1,2,'2019-01-03',NULL,'Morbi a ipsum. Integer a nibh.'),(216,9,260,245,41,2,2,'2018-08-02','2018-11-12','Morbi non lectus. Aliquam sit amet diam in magna bibendum imperdiet. Nullam orci pede, venenatis non, sodales sed, tincidunt eu, felis.'),(217,18,139,20,152,1,1,'2016-01-17',NULL,'Vestibulum rutrum rutrum neque.'),(218,2,975,31,17,2,2,'2016-12-04','2017-04-14','Nulla tellus. In sagittis dui vel nisl. Duis ac nibh.'),(219,1,734,178,360,3,1,'2018-05-12','2018-07-29','Donec dapibus. Duis at velit eu est congue elementum.'),(220,9,538,329,219,1,3,'2016-04-24',NULL,'In hac habitasse platea dictumst. Etiam faucibus cursus urna.'),(221,10,538,190,188,1,1,'2016-04-30',NULL,'Maecenas ut massa quis augue luctus tincidunt. Nulla mollis molestie lorem. Quisque ut erat.'),(222,10,635,105,88,2,2,'2015-07-05','2015-09-16','Phasellus id sapien in sapien iaculis congue.'),(223,14,886,14,217,3,3,'2016-06-14','2016-07-09','Vestibulum ante ipsum primis in faucibus orci luctus et ultrices posuere cubilia Curae; Nulla dapibus dolor vel est. Donec odio justo, sollicitudin ut, suscipit a, feugiat et, eros. Vestibulum ac est lacinia nisi venenatis tristique.'),(224,6,887,137,163,3,1,'2017-05-28','2017-10-01','Fusce lacus purus, aliquet at, feugiat non, pretium quis, lectus. Suspendisse potenti.'),(225,1,553,374,214,2,3,'2017-05-20','2017-07-02','Sed sagittis.'),(226,2,496,38,41,1,3,'2017-09-21',NULL,'Quisque erat eros, viverra eget, congue eget, semper rutrum, nulla. Nunc purus.'),(227,8,638,252,200,2,1,'2017-10-20','2017-12-22','Nam ultrices, libero non mattis pulvinar, nulla pede ullamcorper augue, a suscipit nulla elit ac nulla. Sed vel enim sit amet nunc viverra dapibus.'),(228,15,517,91,34,2,1,'2016-11-14','2017-01-16','Fusce lacus purus, aliquet at, feugiat non, pretium quis, lectus. Suspendisse potenti. In eleifend quam a odio.'),(229,12,590,20,365,2,2,'2015-11-16','2015-12-10','Morbi sem mauris, laoreet ut, rhoncus aliquet, pulvinar sed, nisl. Nunc rhoncus dui vel sem.'),(230,8,319,105,219,3,2,'2016-10-24','2016-12-22','In hac habitasse platea dictumst. Morbi vestibulum, velit id pretium iaculis, diam erat fermentum justo, nec condimentum neque sapien placerat ante.'),(231,13,399,308,306,1,2,'2016-03-18',NULL,'Vestibulum ante ipsum primis in faucibus orci luctus et ultrices posuere cubilia Curae; Mauris viverra diam vitae quam. Suspendisse potenti. Nullam porttitor lacus at turpis.'),(232,10,794,398,148,1,1,'2017-02-27',NULL,'Nullam sit amet turpis elementum ligula vehicula consequat. Morbi a ipsum. Integer a nibh.'),(233,15,510,169,101,1,3,'2017-05-20',NULL,'Integer ac leo.'),(234,9,976,159,301,1,1,'2017-10-16',NULL,'Nulla neque libero, convallis eget, eleifend luctus, ultricies eu, nibh. Quisque id justo sit amet sapien dignissim vestibulum.'),(235,4,349,43,188,1,2,'2015-05-04',NULL,'Aliquam erat volutpat. In congue. Etiam justo.'),(236,10,646,108,217,1,2,'2019-01-04',NULL,'Mauris sit amet eros. Suspendisse accumsan tortor quis turpis. Sed ante.'),(237,11,558,26,353,1,3,'2018-07-19',NULL,'Suspendisse ornare consequat lectus. In est risus, auctor sed, tristique in, tempus sit amet, sem.'),(238,1,605,372,362,1,1,'2015-07-30',NULL,'Donec semper sapien a libero. Nam dui. Proin leo odio, porttitor id, consequat in, consequat ut, nulla.'),(239,2,187,104,79,1,1,'2018-01-14',NULL,'Morbi vestibulum, velit id pretium iaculis, diam erat fermentum justo, nec condimentum neque sapien placerat ante.'),(240,19,41,364,212,1,3,'2017-10-31',NULL,'Sed sagittis.'),(241,9,136,45,219,1,1,'2019-02-23',NULL,'Curabitur gravida nisi at nibh. In hac habitasse platea dictumst. Aliquam augue quam, sollicitudin vitae, consectetuer eget, rutrum at, lorem.'),(242,19,605,252,135,1,3,'2015-07-26',NULL,'Integer ac neque.'),(243,19,786,329,119,1,3,'2015-06-01',NULL,'In tempor, turpis nec euismod scelerisque, quam turpis adipiscing lorem, vitae mattis nibh ligula nec sem.'),(244,11,205,343,188,1,2,'2017-12-23',NULL,'Vivamus metus arcu, adipiscing molestie, hendrerit at, vulputate vitae, nisl. Aenean lectus. Pellentesque eget nunc.'),(245,18,254,385,9,2,3,'2016-10-23','2016-12-23','Quisque porta volutpat erat.'),(246,12,194,18,228,1,3,'2017-11-06',NULL,'Donec diam neque, vestibulum eget, vulputate ut, ultrices vel, augue. Vestibulum ante ipsum primis in faucibus orci luctus et ultrices posuere cubilia Curae; Donec pharetra, magna vestibulum aliquet ultrices, erat tortor sollicitudin mi, sit amet lobortis sapien sapien non mi. Integer ac neque.'),(247,5,886,391,212,3,3,'2016-06-11','2016-07-07','Morbi odio odio, elementum eu, interdum eu, tincidunt in, leo.'),(248,3,416,170,57,3,2,'2018-02-26','2018-04-04','Vivamus vestibulum sagittis sapien. Cum sociis natoque penatibus et magnis dis parturient montes, nascetur ridiculus mus. Etiam vel augue.'),(249,17,960,223,200,2,1,'2016-04-04','2016-06-17','Etiam vel augue. Vestibulum rutrum rutrum neque.'),(250,14,886,137,264,2,1,'2016-06-11','2016-07-05','Vestibulum ante ipsum primis in faucibus orci luctus et ultrices posuere cubilia Curae; Nulla dapibus dolor vel est.'),(251,17,598,4,290,2,1,'2017-01-11','2017-04-11','Pellentesque eget nunc. Donec quis orci eget orci vehicula condimentum. Curabitur in libero ut massa volutpat convallis.'),(252,7,810,25,124,1,1,'2018-04-10',NULL,'Proin at turpis a pede posuere nonummy.'),(253,2,766,51,285,3,2,'2018-04-20','2018-07-10','Quisque id justo sit amet sapien dignissim vestibulum. Vestibulum ante ipsum primis in faucibus orci luctus et ultrices posuere cubilia Curae; Nulla dapibus dolor vel est. Donec odio justo, sollicitudin ut, suscipit a, feugiat et, eros.'),(254,10,101,251,314,2,1,'2016-11-28','2017-01-07','Nam dui.'),(255,14,479,391,175,3,3,'2017-05-20','2017-08-27','Ut tellus. Nulla ut erat id mauris vulputate elementum.'),(256,1,935,218,384,2,3,'2015-12-04','2016-01-01','Aenean auctor gravida sem.'),(257,11,295,6,256,1,1,'2015-07-03',NULL,'Duis consequat dui nec nisi volutpat eleifend. Donec ut dolor.'),(258,11,532,4,382,1,1,'2016-11-30',NULL,'Aliquam non mauris.'),(259,7,480,165,316,2,3,'2016-09-08','2017-01-21','Donec diam neque, vestibulum eget, vulputate ut, ultrices vel, augue.'),(260,5,735,7,66,3,3,'2019-02-23','2019-03-05','In congue. Etiam justo. Etiam pretium iaculis justo.'),(261,4,532,329,221,1,2,'2016-11-28',NULL,'Integer a nibh. In quis justo. Maecenas rhoncus aliquam lacus.'),(262,12,482,53,219,1,2,'2015-11-17',NULL,'Nulla ut erat id mauris vulputate elementum. Nullam varius.'),(263,12,531,237,16,2,2,'2016-10-06','2016-12-30','Etiam vel augue. Vestibulum rutrum rutrum neque. Aenean auctor gravida sem.'),(264,14,467,364,174,2,1,'2018-01-12','2018-04-15','Praesent lectus.'),(265,12,304,64,315,1,3,'2016-12-27',NULL,'Cras pellentesque volutpat dui. Maecenas tristique, est et tempus semper, est quam pharetra magna, ac consequat metus sapien ut nunc.'),(266,1,837,245,29,2,2,'2016-05-05','2016-06-11','Donec posuere metus vitae ipsum. Aliquam non mauris. Morbi non lectus.'),(267,16,900,165,213,3,2,'2016-09-07','2016-09-28','Donec diam neque, vestibulum eget, vulputate ut, ultrices vel, augue.'),(268,8,618,263,174,3,3,'2015-07-14','2015-09-15','Pellentesque at nulla. Suspendisse potenti.'),(269,7,806,305,86,1,1,'2017-12-25',NULL,'Morbi vel lectus in quam fringilla rhoncus. Mauris enim leo, rhoncus sed, vestibulum sit amet, cursus id, turpis. Integer aliquet, massa id lobortis convallis, tortor risus dapibus augue, vel accumsan tellus nisi eu orci.'),(270,18,358,203,296,2,1,'2017-10-13','2017-12-19','Curabitur gravida nisi at nibh. In hac habitasse platea dictumst. Aliquam augue quam, sollicitudin vitae, consectetuer eget, rutrum at, lorem.'),(271,6,755,12,205,2,1,'2015-12-10','2016-01-22','Pellentesque ultrices mattis odio.'),(272,11,684,177,316,1,1,'2018-08-31',NULL,'Duis aliquam convallis nunc.'),(273,6,582,158,382,2,3,'2017-04-10','2017-06-08','Nunc rhoncus dui vel sem.'),(274,18,795,225,327,2,1,'2018-02-20','2018-03-04','Morbi porttitor lorem id ligula.'),(275,20,544,105,265,3,3,'2016-09-02','2016-09-10','Maecenas leo odio, condimentum id, luctus nec, molestie sed, justo. Pellentesque viverra pede ac diam. Cras pellentesque volutpat dui.'),(276,4,590,45,334,3,1,'2015-11-21','2015-12-18','Integer aliquet, massa id lobortis convallis, tortor risus dapibus augue, vel accumsan tellus nisi eu orci.'),(277,16,957,370,134,1,1,'2017-06-27',NULL,'In sagittis dui vel nisl. Duis ac nibh.'),(278,16,724,195,73,3,2,'2015-05-07','2015-09-17','Morbi sem mauris, laoreet ut, rhoncus aliquet, pulvinar sed, nisl. Nunc rhoncus dui vel sem.'),(279,7,650,310,112,1,1,'2015-09-07',NULL,'Donec quis orci eget orci vehicula condimentum.'),(280,1,699,287,228,1,3,'2016-12-03',NULL,'Praesent blandit.'),(281,16,344,35,101,1,2,'2018-03-17',NULL,'Duis bibendum.'),(282,2,638,159,191,3,3,'2017-10-21','2017-12-20','Maecenas leo odio, condimentum id, luctus nec, molestie sed, justo.'),(283,9,854,286,227,1,2,'2015-09-25',NULL,'Proin at turpis a pede posuere nonummy. Integer non velit. Donec diam neque, vestibulum eget, vulputate ut, ultrices vel, augue.'),(284,7,518,346,290,2,3,'2017-12-29','2018-05-08','Nulla tellus. In sagittis dui vel nisl. Duis ac nibh.'),(285,6,119,279,248,3,1,'2018-11-12','2018-12-17','Morbi ut odio. Cras mi pede, malesuada in, imperdiet et, commodo vulputate, justo.'),(286,4,296,147,231,1,2,'2016-11-22',NULL,'In hac habitasse platea dictumst.'),(287,19,183,374,110,3,1,'2017-01-28','2017-02-10','Morbi vestibulum, velit id pretium iaculis, diam erat fermentum justo, nec condimentum neque sapien placerat ante. Nulla justo.'),(288,17,10,90,217,1,1,'2018-03-05',NULL,'Nam dui. Proin leo odio, porttitor id, consequat in, consequat ut, nulla. Sed accumsan felis.'),(289,2,701,14,148,2,2,'2017-03-27','2017-08-12','Fusce lacus purus, aliquet at, feugiat non, pretium quis, lectus.'),(290,7,551,224,161,2,1,'2018-02-28','2018-03-12','Curabitur convallis.'),(291,11,82,158,9,3,2,'2015-05-08','2015-05-27','Suspendisse potenti. Cras in purus eu magna vulputate luctus.'),(292,7,550,252,231,2,1,'2018-07-03','2018-07-28','Morbi non quam nec dui luctus rutrum.'),(293,10,834,198,382,2,3,'2016-09-20','2016-11-13','Maecenas leo odio, condimentum id, luctus nec, molestie sed, justo. Pellentesque viverra pede ac diam. Cras pellentesque volutpat dui.'),(294,8,261,357,72,1,2,'2017-10-09',NULL,'Duis consequat dui nec nisi volutpat eleifend. Donec ut dolor.'),(295,18,290,67,360,1,2,'2017-11-07',NULL,'Morbi a ipsum.'),(296,3,214,218,243,1,3,'2015-11-13',NULL,'Cras non velit nec nisi vulputate nonummy. Maecenas tincidunt lacus at velit.'),(297,10,743,261,151,1,2,'2018-11-09',NULL,'Pellentesque eget nunc. Donec quis orci eget orci vehicula condimentum.'),(298,8,826,367,112,2,1,'2016-03-20','2016-04-05','In est risus, auctor sed, tristique in, tempus sit amet, sem.'),(299,5,491,385,212,1,2,'2015-11-23',NULL,'Integer ac neque. Duis bibendum. Morbi non quam nec dui luctus rutrum.'),(300,3,920,169,101,1,1,'2016-07-22',NULL,'Etiam justo. Etiam pretium iaculis justo. In hac habitasse platea dictumst.'),(301,16,745,319,119,1,3,'2018-09-30',NULL,'Sed ante. Vivamus tortor. Duis mattis egestas metus.'),(302,2,418,177,369,1,1,'2016-02-24',NULL,'Proin interdum mauris non ligula pellentesque ultrices.'),(303,12,43,361,9,2,3,'2016-04-26','2016-07-07','Etiam faucibus cursus urna. Ut tellus. Nulla ut erat id mauris vulputate elementum.'),(304,14,693,107,100,1,1,'2016-03-19',NULL,'Praesent id massa id nisl venenatis lacinia. Aenean sit amet justo.'),(305,4,81,379,36,2,2,'2016-10-19','2017-03-12','Nulla nisl.'),(306,11,534,385,365,3,3,'2017-02-20','2017-03-01','In sagittis dui vel nisl.'),(307,2,349,237,382,1,2,'2015-05-04',NULL,'Proin at turpis a pede posuere nonummy. Integer non velit. Donec diam neque, vestibulum eget, vulputate ut, ultrices vel, augue.'),(308,10,802,240,392,3,1,'2017-07-16','2017-10-03','Integer pede justo, lacinia eget, tincidunt eget, tempus vel, pede. Morbi porttitor lorem id ligula. Suspendisse ornare consequat lectus.'),(309,11,849,82,110,3,2,'2016-09-07','2016-11-17','Quisque arcu libero, rutrum ac, lobortis vel, dapibus at, diam. Nam tristique tortor eu pede.'),(310,16,12,276,10,1,3,'2015-09-04',NULL,'In eleifend quam a odio. In hac habitasse platea dictumst.'),(311,12,981,346,366,2,1,'2018-04-18','2018-05-18','Nullam sit amet turpis elementum ligula vehicula consequat.'),(312,8,814,181,290,1,3,'2017-12-10',NULL,'Etiam faucibus cursus urna.'),(313,5,892,181,75,3,3,'2017-11-25','2018-03-09','Integer non velit.'),(314,9,608,297,79,2,3,'2018-08-28','2018-11-30','Vivamus vel nulla eget eros elementum pellentesque.'),(315,14,948,280,176,3,3,'2016-01-05','2016-03-29','Etiam pretium iaculis justo. In hac habitasse platea dictumst.'),(316,19,876,267,327,3,1,'2016-11-21','2016-12-19','Vestibulum ante ipsum primis in faucibus orci luctus et ultrices posuere cubilia Curae; Donec pharetra, magna vestibulum aliquet ultrices, erat tortor sollicitudin mi, sit amet lobortis sapien sapien non mi.'),(317,6,775,143,58,1,3,'2017-11-20',NULL,'Vestibulum ac est lacinia nisi venenatis tristique. Fusce congue, diam id ornare imperdiet, sapien urna pretium nisl, ut volutpat sapien arcu sed augue. Aliquam erat volutpat.'),(318,19,551,300,306,3,3,'2018-03-01','2018-03-13','Sed sagittis. Nam congue, risus semper porta volutpat, quam pede lobortis ligula, sit amet eleifend pede libero quis orci.'),(319,14,693,300,318,1,1,'2016-03-23',NULL,'Nullam molestie nibh in lectus.'),(320,11,724,39,148,3,1,'2015-05-08','2015-09-17','Aenean auctor gravida sem. Praesent id massa id nisl venenatis lacinia.'),(321,17,479,336,318,3,3,'2017-05-18','2017-08-28','Etiam pretium iaculis justo. In hac habitasse platea dictumst.'),(322,12,253,202,386,1,2,'2017-06-21',NULL,'Curabitur gravida nisi at nibh. In hac habitasse platea dictumst.'),(323,7,299,245,16,3,1,'2017-10-20','2017-12-22','Vestibulum ante ipsum primis in faucibus orci luctus et ultrices posuere cubilia Curae; Duis faucibus accumsan odio. Curabitur convallis. Duis consequat dui nec nisi volutpat eleifend.'),(324,7,732,344,250,2,2,'2016-11-11','2016-12-23','Vestibulum ante ipsum primis in faucibus orci luctus et ultrices posuere cubilia Curae; Donec pharetra, magna vestibulum aliquet ultrices, erat tortor sollicitudin mi, sit amet lobortis sapien sapien non mi. Integer ac neque. Duis bibendum.'),(325,5,696,45,191,3,3,'2016-10-14','2017-02-10','Vestibulum ante ipsum primis in faucibus orci luctus et ultrices posuere cubilia Curae; Duis faucibus accumsan odio. Curabitur convallis.'),(326,10,525,375,327,2,1,'2018-03-21','2018-08-01','In eleifend quam a odio. In hac habitasse platea dictumst.'),(327,1,708,374,293,1,1,'2016-02-08',NULL,'Nullam varius. Nulla facilisi.'),(328,7,825,284,184,2,1,'2015-08-16','2015-08-24','Donec quis orci eget orci vehicula condimentum. Curabitur in libero ut massa volutpat convallis.'),(329,10,548,104,163,1,3,'2017-11-06',NULL,'Maecenas ut massa quis augue luctus tincidunt. Nulla mollis molestie lorem. Quisque ut erat.'),(330,15,378,170,215,2,1,'2018-12-14','2019-05-05','Proin interdum mauris non ligula pellentesque ultrices. Phasellus id sapien in sapien iaculis congue. Vivamus metus arcu, adipiscing molestie, hendrerit at, vulputate vitae, nisl.'),(331,15,495,216,69,3,1,'2017-12-16','2018-05-01','Vestibulum ac est lacinia nisi venenatis tristique.'),(332,20,605,198,363,1,1,'2015-07-24',NULL,'Cras pellentesque volutpat dui. Maecenas tristique, est et tempus semper, est quam pharetra magna, ac consequat metus sapien ut nunc.'),(333,10,602,14,41,1,1,'2016-10-23',NULL,'Nulla suscipit ligula in lacus. Curabitur at ipsum ac tellus semper interdum. Mauris ullamcorper purus sit amet nulla.'),(334,5,315,276,87,2,2,'2015-05-05','2015-05-12','Proin interdum mauris non ligula pellentesque ultrices.'),(335,4,232,357,155,1,2,'2017-07-18',NULL,'Aenean sit amet justo.'),(336,13,468,103,265,2,3,'2018-12-20','2019-02-12','Curabitur convallis. Duis consequat dui nec nisi volutpat eleifend. Donec ut dolor.'),(337,4,823,262,119,1,3,'2016-09-18',NULL,'Integer aliquet, massa id lobortis convallis, tortor risus dapibus augue, vel accumsan tellus nisi eu orci. Mauris lacinia sapien quis libero. Nullam sit amet turpis elementum ligula vehicula consequat.'),(338,15,774,220,30,3,3,'2018-05-15','2018-09-27','Aliquam sit amet diam in magna bibendum imperdiet. Nullam orci pede, venenatis non, sodales sed, tincidunt eu, felis. Fusce posuere felis sed lacus.'),(339,13,721,169,337,1,1,'2016-11-12',NULL,'Nullam porttitor lacus at turpis. Donec posuere metus vitae ipsum. Aliquam non mauris.'),(340,18,633,396,36,1,2,'2015-05-15',NULL,'Lorem ipsum dolor sit amet, consectetuer adipiscing elit. Proin interdum mauris non ligula pellentesque ultrices. Phasellus id sapien in sapien iaculis congue.'),(341,13,809,12,369,3,3,'2016-05-10','2016-06-26','Vivamus vel nulla eget eros elementum pellentesque. Quisque porta volutpat erat.'),(342,16,924,234,131,2,2,'2017-01-19','2017-05-03','Nulla suscipit ligula in lacus. Curabitur at ipsum ac tellus semper interdum.'),(343,20,104,147,366,1,2,'2017-04-12',NULL,'Sed vel enim sit amet nunc viverra dapibus. Nulla suscipit ligula in lacus. Curabitur at ipsum ac tellus semper interdum.'),(344,20,192,297,337,3,3,'2017-03-02','2017-06-20','Mauris enim leo, rhoncus sed, vestibulum sit amet, cursus id, turpis.'),(345,2,269,262,384,1,2,'2016-11-06',NULL,'Mauris lacinia sapien quis libero. Nullam sit amet turpis elementum ligula vehicula consequat. Morbi a ipsum.'),(346,12,87,396,10,1,2,'2017-03-17',NULL,'Nam nulla. Integer pede justo, lacinia eget, tincidunt eget, tempus vel, pede. Morbi porttitor lorem id ligula.'),(347,2,648,20,50,2,1,'2017-09-28','2017-10-28','Donec dapibus. Duis at velit eu est congue elementum. In hac habitasse platea dictumst.'),(348,6,478,267,73,3,3,'2016-03-10','2016-07-11','Duis aliquam convallis nunc. Proin at turpis a pede posuere nonummy.'),(349,3,762,276,296,3,1,'2017-01-06','2017-03-26','Phasellus in felis.'),(350,16,744,6,73,1,1,'2015-11-22',NULL,'Pellentesque eget nunc. Donec quis orci eget orci vehicula condimentum.'),(351,16,719,136,353,2,2,'2016-03-30','2016-06-25','Fusce consequat. Nulla nisl.'),(352,5,205,138,386,1,3,'2017-12-20',NULL,'Morbi non quam nec dui luctus rutrum.'),(353,8,200,323,9,3,3,'2018-05-02','2018-09-04','Nullam orci pede, venenatis non, sodales sed, tincidunt eu, felis. Fusce posuere felis sed lacus. Morbi sem mauris, laoreet ut, rhoncus aliquet, pulvinar sed, nisl.'),(354,9,838,375,222,2,1,'2016-11-08','2017-01-16','Etiam pretium iaculis justo. In hac habitasse platea dictumst.'),(355,20,628,375,353,1,2,'2018-01-24',NULL,'Nulla neque libero, convallis eget, eleifend luctus, ultricies eu, nibh. Quisque id justo sit amet sapien dignissim vestibulum. Vestibulum ante ipsum primis in faucibus orci luctus et ultrices posuere cubilia Curae; Nulla dapibus dolor vel est.'),(356,13,940,349,265,3,2,'2017-09-17','2017-11-29','Quisque porta volutpat erat. Quisque erat eros, viverra eget, congue eget, semper rutrum, nulla. Nunc purus.'),(357,16,945,303,277,1,2,'2018-01-13',NULL,'Suspendisse ornare consequat lectus. In est risus, auctor sed, tristique in, tempus sit amet, sem. Fusce consequat.'),(358,15,377,224,248,2,2,'2017-06-07','2017-07-03','In eleifend quam a odio. In hac habitasse platea dictumst. Maecenas ut massa quis augue luctus tincidunt.'),(359,6,823,238,362,1,2,'2016-09-13',NULL,'Maecenas leo odio, condimentum id, luctus nec, molestie sed, justo.'),(360,10,678,326,277,1,3,'2018-05-20',NULL,'Lorem ipsum dolor sit amet, consectetuer adipiscing elit. Proin interdum mauris non ligula pellentesque ultrices.'),(361,8,161,138,167,2,3,'2018-05-31','2018-06-24','Suspendisse potenti.'),(362,5,222,262,281,3,3,'2017-12-15','2018-04-20','Phasellus in felis.'),(363,4,57,321,366,1,3,'2017-08-29',NULL,'Curabitur in libero ut massa volutpat convallis. Morbi odio odio, elementum eu, interdum eu, tincidunt in, leo.'),(364,5,799,138,88,3,2,'2017-07-17','2017-09-25','Proin leo odio, porttitor id, consequat in, consequat ut, nulla. Sed accumsan felis.'),(365,19,807,305,47,3,1,'2015-11-23','2015-12-27','Nunc purus.'),(366,10,813,287,88,3,3,'2016-08-06','2016-10-31','In sagittis dui vel nisl. Duis ac nibh.'),(367,15,10,284,315,1,2,'2018-03-03',NULL,'Morbi non lectus.'),(368,8,464,234,248,1,3,'2017-12-06',NULL,'Duis aliquam convallis nunc.'),(369,11,529,202,365,1,1,'2017-09-04',NULL,'Maecenas tincidunt lacus at velit. Vivamus vel nulla eget eros elementum pellentesque. Quisque porta volutpat erat.'),(370,1,171,143,152,3,3,'2017-07-25','2017-11-03','Aenean sit amet justo. Morbi ut odio.'),(371,17,455,144,142,1,1,'2015-10-14',NULL,'Duis aliquam convallis nunc. Proin at turpis a pede posuere nonummy. Integer non velit.'),(372,6,350,211,393,3,1,'2015-09-29','2016-01-13','Nullam varius.'),(373,11,586,103,306,2,3,'2018-05-05','2018-06-10','Praesent blandit. Nam nulla.'),(374,5,814,198,217,1,1,'2017-12-07',NULL,'Pellentesque at nulla.'),(375,8,445,262,334,1,1,'2017-12-14',NULL,'Aliquam quis turpis eget elit sodales scelerisque. Mauris sit amet eros. Suspendisse accumsan tortor quis turpis.'),(376,9,850,236,382,3,3,'2016-11-07','2017-01-15','Proin eu mi.'),(377,8,425,55,176,1,2,'2017-04-23',NULL,'Fusce posuere felis sed lacus.'),(378,7,453,336,176,2,2,'2018-02-24','2018-03-09','Aliquam sit amet diam in magna bibendum imperdiet. Nullam orci pede, venenatis non, sodales sed, tincidunt eu, felis.'),(379,14,462,166,69,2,2,'2018-05-25','2018-09-01','Praesent id massa id nisl venenatis lacinia. Aenean sit amet justo.'),(380,16,680,349,99,3,3,'2018-07-14','2018-11-12','Maecenas rhoncus aliquam lacus.'),(381,3,112,367,318,1,2,'2017-04-21',NULL,'Morbi quis tortor id nulla ultrices aliquet. Maecenas leo odio, condimentum id, luctus nec, molestie sed, justo.'),(382,6,422,78,89,1,1,'2017-03-01',NULL,'Morbi ut odio.'),(383,19,192,178,306,2,3,'2017-03-03','2017-06-16','Fusce consequat. Nulla nisl.'),(384,19,332,258,17,1,1,'2016-10-15',NULL,'Donec ut mauris eget massa tempor convallis.'),(385,11,126,178,88,1,3,'2016-03-28',NULL,'Vivamus metus arcu, adipiscing molestie, hendrerit at, vulputate vitae, nisl. Aenean lectus. Pellentesque eget nunc.'),(386,15,703,218,191,3,3,'2018-04-04','2018-07-12','Nunc purus. Phasellus in felis. Donec semper sapien a libero.'),(387,1,304,343,135,1,1,'2016-12-26',NULL,'Integer tincidunt ante vel ipsum. Praesent blandit lacinia erat.'),(388,11,271,223,353,3,1,'2016-03-16','2016-05-23','Nulla facilisi.'),(389,18,32,76,327,1,2,'2016-11-29',NULL,'Praesent lectus. Vestibulum quam sapien, varius ut, blandit non, interdum in, ante. Vestibulum ante ipsum primis in faucibus orci luctus et ultrices posuere cubilia Curae; Duis faucibus accumsan odio.'),(390,17,86,326,176,3,2,'2015-10-02','2015-11-06','Curabitur at ipsum ac tellus semper interdum. Mauris ullamcorper purus sit amet nulla.'),(391,3,68,43,34,2,2,'2017-05-27','2017-06-06','Integer pede justo, lacinia eget, tincidunt eget, tempus vel, pede. Morbi porttitor lorem id ligula. Suspendisse ornare consequat lectus.'),(392,19,816,310,242,3,1,'2017-12-13','2017-12-27','Lorem ipsum dolor sit amet, consectetuer adipiscing elit.'),(393,3,932,103,57,3,1,'2018-11-28','2019-01-22','Morbi non quam nec dui luctus rutrum. Nulla tellus.'),(394,15,290,64,75,1,3,'2017-11-07',NULL,'Nulla suscipit ligula in lacus. Curabitur at ipsum ac tellus semper interdum.'),(395,10,952,202,167,3,1,'2017-06-15','2017-10-10','Lorem ipsum dolor sit amet, consectetuer adipiscing elit. Proin interdum mauris non ligula pellentesque ultrices.'),(396,18,547,27,227,3,2,'2017-10-24','2017-11-07','Pellentesque eget nunc.'),(397,20,255,396,193,2,2,'2017-04-29','2017-06-14','Cras pellentesque volutpat dui. Maecenas tristique, est et tempus semper, est quam pharetra magna, ac consequat metus sapien ut nunc. Vestibulum ante ipsum primis in faucibus orci luctus et ultrices posuere cubilia Curae; Mauris viverra diam vitae quam.'),(398,4,424,64,98,2,3,'2018-02-06','2018-06-21','Maecenas ut massa quis augue luctus tincidunt. Nulla mollis molestie lorem. Quisque ut erat.'),(399,14,91,103,72,3,3,'2018-11-11','2019-01-14','Proin risus.'),(400,11,73,240,277,1,1,'2017-11-01',NULL,'Vestibulum ante ipsum primis in faucibus orci luctus et ultrices posuere cubilia Curae; Duis faucibus accumsan odio. Curabitur convallis.'),(401,20,240,329,376,2,1,'2017-05-02','2017-08-12','Etiam justo.'),(402,14,663,331,214,2,1,'2019-04-09','2019-06-30','Morbi porttitor lorem id ligula. Suspendisse ornare consequat lectus.'),(403,6,34,319,179,2,3,'2017-06-25','2017-08-31','Pellentesque viverra pede ac diam.'),(404,6,186,91,16,3,3,'2015-07-14','2015-07-22','Aenean auctor gravida sem.'),(405,2,514,391,17,3,3,'2018-02-08','2018-03-04','Aenean sit amet justo.'),(406,9,212,367,191,3,1,'2019-03-21','2019-05-25','Integer ac neque. Duis bibendum.'),(407,18,771,234,386,1,1,'2016-10-13',NULL,'Nunc rhoncus dui vel sem. Sed sagittis.'),(408,1,785,25,106,3,3,'2018-12-15','2019-02-09','Nulla mollis molestie lorem. Quisque ut erat.'),(409,5,222,379,227,2,1,'2017-12-11','2018-04-22','Aliquam augue quam, sollicitudin vitae, consectetuer eget, rutrum at, lorem. Integer tincidunt ante vel ipsum. Praesent blandit lacinia erat.'),(410,2,359,177,228,2,2,'2017-11-20','2018-03-04','Fusce posuere felis sed lacus.'),(411,4,7,64,102,3,2,'2015-07-29','2015-08-07','Praesent blandit lacinia erat.'),(412,2,594,143,318,1,3,'2018-01-25',NULL,'Nam nulla. Integer pede justo, lacinia eget, tincidunt eget, tempus vel, pede.'),(413,18,887,302,135,2,1,'2017-05-26','2017-10-05','Donec odio justo, sollicitudin ut, suscipit a, feugiat et, eros. Vestibulum ac est lacinia nisi venenatis tristique.'),(414,12,879,381,353,1,2,'2015-06-13',NULL,'Duis ac nibh. Fusce lacus purus, aliquet at, feugiat non, pretium quis, lectus.'),(415,7,412,237,134,1,3,'2017-02-07',NULL,'In hac habitasse platea dictumst. Etiam faucibus cursus urna. Ut tellus.'),(416,4,649,374,360,2,1,'2017-12-03','2017-12-14','Vestibulum ante ipsum primis in faucibus orci luctus et ultrices posuere cubilia Curae; Donec pharetra, magna vestibulum aliquet ultrices, erat tortor sollicitudin mi, sit amet lobortis sapien sapien non mi.'),(417,3,255,378,294,2,2,'2017-04-28','2017-06-07','Ut tellus. Nulla ut erat id mauris vulputate elementum. Nullam varius.'),(418,11,215,267,290,2,1,'2018-05-23','2018-08-17','Nulla mollis molestie lorem. Quisque ut erat.'),(419,15,943,279,184,1,2,'2018-08-06',NULL,'Proin at turpis a pede posuere nonummy.'),(420,15,235,291,362,2,2,'2016-08-10','2016-12-25','Maecenas leo odio, condimentum id, luctus nec, molestie sed, justo. Pellentesque viverra pede ac diam.'),(421,6,769,146,149,1,1,'2016-04-07',NULL,'Suspendisse potenti. Cras in purus eu magna vulputate luctus.'),(422,2,159,216,150,3,1,'2016-01-11','2016-05-18','Nam ultrices, libero non mattis pulvinar, nulla pede ullamcorper augue, a suscipit nulla elit ac nulla. Sed vel enim sit amet nunc viverra dapibus.'),(423,16,353,379,221,1,1,'2018-05-23',NULL,'Maecenas ut massa quis augue luctus tincidunt.'),(424,12,447,223,97,3,3,'2016-11-03','2016-12-30','Nam ultrices, libero non mattis pulvinar, nulla pede ullamcorper augue, a suscipit nulla elit ac nulla.'),(425,14,777,43,363,1,3,'2016-12-27',NULL,'Morbi odio odio, elementum eu, interdum eu, tincidunt in, leo. Maecenas pulvinar lobortis est. Phasellus sit amet erat.'),(426,18,361,2,119,3,1,'2019-04-03','2019-05-18','Nullam sit amet turpis elementum ligula vehicula consequat. Morbi a ipsum. Integer a nibh.'),(427,15,28,361,99,2,1,'2018-05-28','2018-07-17','Donec quis orci eget orci vehicula condimentum. Curabitur in libero ut massa volutpat convallis.'),(428,9,885,136,47,2,2,'2017-11-25','2018-02-20','Etiam vel augue. Vestibulum rutrum rutrum neque. Aenean auctor gravida sem.'),(429,14,574,147,362,1,1,'2017-11-13',NULL,'Integer aliquet, massa id lobortis convallis, tortor risus dapibus augue, vel accumsan tellus nisi eu orci. Mauris lacinia sapien quis libero. Nullam sit amet turpis elementum ligula vehicula consequat.'),(430,1,379,319,242,1,3,'2016-05-07',NULL,'Curabitur gravida nisi at nibh. In hac habitasse platea dictumst.'),(431,18,701,224,386,3,2,'2017-04-01','2017-08-20','Vestibulum ante ipsum primis in faucibus orci luctus et ultrices posuere cubilia Curae; Mauris viverra diam vitae quam. Suspendisse potenti.'),(432,20,332,302,228,1,3,'2016-10-12',NULL,'Curabitur at ipsum ac tellus semper interdum. Mauris ullamcorper purus sit amet nulla.'),(433,10,780,181,79,3,1,'2016-08-21','2016-11-13','Cras mi pede, malesuada in, imperdiet et, commodo vulputate, justo. In blandit ultrices enim.'),(434,20,765,203,337,2,3,'2019-01-13','2019-01-18','Cras mi pede, malesuada in, imperdiet et, commodo vulputate, justo.'),(435,7,628,381,5,1,2,'2018-01-26',NULL,'Nullam varius. Nulla facilisi.'),(436,8,79,280,296,1,2,'2018-12-01',NULL,'Vivamus in felis eu sapien cursus vestibulum.'),(437,7,418,108,306,1,3,'2016-02-24',NULL,'Morbi odio odio, elementum eu, interdum eu, tincidunt in, leo. Maecenas pulvinar lobortis est.'),(438,1,449,94,265,1,3,'2018-07-18',NULL,'Fusce congue, diam id ornare imperdiet, sapien urna pretium nisl, ut volutpat sapien arcu sed augue. Aliquam erat volutpat. In congue.'),(439,19,527,202,86,1,1,'2015-11-06',NULL,'Curabitur convallis. Duis consequat dui nec nisi volutpat eleifend. Donec ut dolor.'),(440,12,397,375,369,1,3,'2018-04-10',NULL,'Cum sociis natoque penatibus et magnis dis parturient montes, nascetur ridiculus mus. Vivamus vestibulum sagittis sapien. Cum sociis natoque penatibus et magnis dis parturient montes, nascetur ridiculus mus.'),(441,9,711,258,161,1,3,'2015-11-26',NULL,'Integer a nibh. In quis justo. Maecenas rhoncus aliquam lacus.'),(442,16,859,361,66,1,2,'2018-02-13',NULL,'Suspendisse potenti.'),(443,13,541,244,317,3,3,'2016-05-18','2016-08-25','Mauris lacinia sapien quis libero.'),(444,5,606,104,382,3,3,'2017-06-10','2017-10-24','Vivamus metus arcu, adipiscing molestie, hendrerit at, vulputate vitae, nisl.'),(445,2,781,280,360,2,3,'2017-12-27','2018-02-04','Mauris enim leo, rhoncus sed, vestibulum sit amet, cursus id, turpis.'),(446,18,776,297,366,1,2,'2018-05-11',NULL,'Cras non velit nec nisi vulputate nonummy. Maecenas tincidunt lacus at velit.'),(447,14,856,287,86,1,2,'2018-11-30',NULL,'Curabitur in libero ut massa volutpat convallis. Morbi odio odio, elementum eu, interdum eu, tincidunt in, leo. Maecenas pulvinar lobortis est.'),(448,10,623,24,102,1,2,'2018-10-21',NULL,'Aenean fermentum.'),(449,11,603,385,149,1,2,'2017-05-12',NULL,'Morbi a ipsum. Integer a nibh.'),(450,1,488,76,5,1,2,'2019-03-08',NULL,'Suspendisse accumsan tortor quis turpis. Sed ante.'),(451,8,86,12,112,3,3,'2015-10-01','2015-11-08','Nulla tellus. In sagittis dui vel nisl. Duis ac nibh.'),(452,14,86,255,228,2,1,'2015-10-01','2015-11-03','Nulla nisl. Nunc nisl. Duis bibendum, felis sed interdum venenatis, turpis enim blandit mi, in porttitor pede justo eu massa.'),(453,17,993,154,10,1,2,'2015-12-15',NULL,'In hac habitasse platea dictumst. Maecenas ut massa quis augue luctus tincidunt.'),(454,16,825,43,318,2,2,'2015-08-16','2015-08-24','Vivamus metus arcu, adipiscing molestie, hendrerit at, vulputate vitae, nisl.'),(455,12,405,108,347,2,1,'2018-08-22','2018-11-20','Vestibulum ante ipsum primis in faucibus orci luctus et ultrices posuere cubilia Curae; Duis faucibus accumsan odio. Curabitur convallis. Duis consequat dui nec nisi volutpat eleifend.'),(456,1,78,218,101,2,2,'2019-03-24','2019-06-18','Cras mi pede, malesuada in, imperdiet et, commodo vulputate, justo.'),(457,18,265,261,301,3,3,'2018-07-22','2018-11-08','Integer non velit. Donec diam neque, vestibulum eget, vulputate ut, ultrices vel, augue.'),(458,1,627,287,337,2,1,'2018-10-20','2019-02-12','Nulla facilisi. Cras non velit nec nisi vulputate nonummy.'),(459,10,988,154,29,1,2,'2017-08-16',NULL,'Praesent blandit lacinia erat. Vestibulum sed magna at nunc commodo placerat.'),(460,4,866,25,122,1,1,'2015-10-06',NULL,'Quisque id justo sit amet sapien dignissim vestibulum.'),(461,4,639,287,277,3,1,'2017-01-30','2017-05-05','Sed ante. Vivamus tortor. Duis mattis egestas metus.'),(462,4,527,331,163,1,1,'2015-11-10',NULL,'Pellentesque eget nunc.'),(463,1,256,43,219,1,1,'2018-02-09',NULL,'Vestibulum ante ipsum primis in faucibus orci luctus et ultrices posuere cubilia Curae; Mauris viverra diam vitae quam.'),(464,8,259,283,314,1,2,'2015-11-24',NULL,'Fusce posuere felis sed lacus.'),(465,5,60,202,296,3,3,'2015-12-17','2015-12-15','Nunc nisl.'),(466,5,290,133,34,1,2,'2017-11-07',NULL,'Nullam sit amet turpis elementum ligula vehicula consequat. Morbi a ipsum. Integer a nibh.'),(467,4,513,244,98,1,2,'2015-11-02',NULL,'In sagittis dui vel nisl.'),(468,13,793,355,102,2,3,'2017-12-11','2018-01-15','Nullam orci pede, venenatis non, sodales sed, tincidunt eu, felis. Fusce posuere felis sed lacus. Morbi sem mauris, laoreet ut, rhoncus aliquet, pulvinar sed, nisl.'),(469,5,390,46,199,3,1,'2016-02-17','2016-03-12','Maecenas rhoncus aliquam lacus.'),(470,7,805,284,99,1,2,'2016-05-06',NULL,'Morbi odio odio, elementum eu, interdum eu, tincidunt in, leo.'),(471,18,943,147,347,1,2,'2018-08-10',NULL,'Suspendisse ornare consequat lectus.'),(472,17,949,24,179,3,3,'2016-07-01','2016-10-23','Maecenas leo odio, condimentum id, luctus nec, molestie sed, justo.'),(473,7,923,319,317,2,2,'2016-06-15','2016-10-31','Aliquam non mauris. Morbi non lectus.'),(474,6,34,234,386,3,1,'2017-06-28','2017-08-30','Vestibulum ante ipsum primis in faucibus orci luctus et ultrices posuere cubilia Curae; Duis faucibus accumsan odio. Curabitur convallis. Duis consequat dui nec nisi volutpat eleifend.'),(475,15,422,379,47,1,2,'2017-02-26',NULL,'Integer pede justo, lacinia eget, tincidunt eget, tempus vel, pede. Morbi porttitor lorem id ligula. Suspendisse ornare consequat lectus.'),(476,4,106,133,221,1,1,'2015-11-28',NULL,'Pellentesque viverra pede ac diam. Cras pellentesque volutpat dui.'),(477,12,43,326,179,2,3,'2016-04-26','2016-07-03','Etiam pretium iaculis justo. In hac habitasse platea dictumst.'),(478,13,448,303,58,1,1,'2017-05-05',NULL,'Morbi porttitor lorem id ligula. Suspendisse ornare consequat lectus.'),(479,19,561,146,359,3,2,'2016-03-23','2016-03-27','Integer tincidunt ante vel ipsum. Praesent blandit lacinia erat.'),(480,1,243,2,306,3,3,'2017-09-21','2018-01-02','Ut tellus. Nulla ut erat id mauris vulputate elementum. Nullam varius.'),(481,4,735,45,174,2,1,'2019-02-26','2019-03-01','Morbi vestibulum, velit id pretium iaculis, diam erat fermentum justo, nec condimentum neque sapien placerat ante.'),(482,6,429,391,50,3,3,'2017-01-20','2017-05-06','Nulla ut erat id mauris vulputate elementum. Nullam varius. Nulla facilisi.'),(483,6,486,198,86,1,2,'2016-06-24',NULL,'Nunc rhoncus dui vel sem. Sed sagittis. Nam congue, risus semper porta volutpat, quam pede lobortis ligula, sit amet eleifend pede libero quis orci.'),(484,10,666,53,151,3,1,'2016-03-26','2016-06-25','Suspendisse potenti. In eleifend quam a odio. In hac habitasse platea dictumst.'),(485,9,632,305,295,1,2,'2019-02-15',NULL,'Aenean sit amet justo. Morbi ut odio. Cras mi pede, malesuada in, imperdiet et, commodo vulputate, justo.'),(486,14,956,177,30,3,1,'2018-06-18','2018-08-30','Maecenas tristique, est et tempus semper, est quam pharetra magna, ac consequat metus sapien ut nunc.'),(487,9,172,319,75,3,3,'2015-10-12','2016-02-11','Duis mattis egestas metus.'),(488,20,34,223,86,3,2,'2017-06-27','2017-08-25','Quisque ut erat. Curabitur gravida nisi at nibh. In hac habitasse platea dictumst.'),(489,9,127,138,256,1,3,'2017-02-16',NULL,'Vivamus metus arcu, adipiscing molestie, hendrerit at, vulputate vitae, nisl. Aenean lectus.'),(490,1,604,288,58,3,3,'2016-04-08','2016-07-25','Cras non velit nec nisi vulputate nonummy.'),(491,12,451,7,233,1,2,'2017-09-14',NULL,'Duis bibendum, felis sed interdum venenatis, turpis enim blandit mi, in porttitor pede justo eu massa.'),(492,6,897,166,119,2,1,'2017-09-12','2017-11-02','Aliquam sit amet diam in magna bibendum imperdiet. Nullam orci pede, venenatis non, sodales sed, tincidunt eu, felis. Fusce posuere felis sed lacus.'),(493,8,678,211,386,1,3,'2018-05-18',NULL,'Integer aliquet, massa id lobortis convallis, tortor risus dapibus augue, vel accumsan tellus nisi eu orci. Mauris lacinia sapien quis libero. Nullam sit amet turpis elementum ligula vehicula consequat.'),(494,15,159,64,175,2,1,'2016-01-08','2016-05-17','Suspendisse potenti.'),(495,15,538,67,327,1,1,'2016-04-29',NULL,'In congue. Etiam justo. Etiam pretium iaculis justo.'),(496,19,518,190,179,2,1,'2018-01-02','2018-05-04','Sed ante.'),(497,6,166,300,314,1,3,'2018-05-22',NULL,'Integer non velit.'),(498,12,818,378,34,2,2,'2016-01-09','2016-04-12','Nunc purus.'),(499,16,831,225,72,2,3,'2016-08-12','2016-09-29','Maecenas pulvinar lobortis est.'),(500,13,150,14,243,2,3,'2017-10-31','2017-11-25','Quisque arcu libero, rutrum ac, lobortis vel, dapibus at, diam.'),(501,14,165,391,129,3,3,'2015-06-22','2015-09-19','Etiam vel augue. Vestibulum rutrum rutrum neque. Aenean auctor gravida sem.'),(502,4,585,198,233,1,1,'2015-05-03',NULL,'Maecenas tristique, est et tempus semper, est quam pharetra magna, ac consequat metus sapien ut nunc.'),(503,9,155,198,174,3,1,'2016-08-15','2016-09-24','Vestibulum ante ipsum primis in faucibus orci luctus et ultrices posuere cubilia Curae; Duis faucibus accumsan odio.'),(504,8,405,55,119,3,2,'2018-08-21','2018-11-20','Integer a nibh.'),(505,7,84,145,33,2,2,'2017-12-31','2018-05-13','Duis bibendum, felis sed interdum venenatis, turpis enim blandit mi, in porttitor pede justo eu massa.'),(506,6,19,113,233,3,2,'2018-04-11','2018-09-02','In hac habitasse platea dictumst. Etiam faucibus cursus urna.'),(507,7,57,103,193,1,1,'2017-09-02',NULL,'Praesent blandit lacinia erat.'),(508,19,288,190,65,2,2,'2016-03-15','2016-06-14','Maecenas ut massa quis augue luctus tincidunt. Nulla mollis molestie lorem.'),(509,14,831,336,227,3,3,'2016-08-13','2016-09-29','Vivamus in felis eu sapien cursus vestibulum. Proin eu mi. Nulla ac enim.'),(510,4,348,310,335,1,2,'2017-04-20',NULL,'Nam nulla. Integer pede justo, lacinia eget, tincidunt eget, tempus vel, pede. Morbi porttitor lorem id ligula.'),(511,2,138,288,327,2,3,'2016-02-18','2016-04-05','Suspendisse ornare consequat lectus. In est risus, auctor sed, tristique in, tempus sit amet, sem.'),(512,4,515,288,384,3,2,'2017-02-03','2017-04-25','Cras in purus eu magna vulputate luctus.'),(513,9,864,181,294,2,3,'2017-02-17','2017-03-14','Mauris lacinia sapien quis libero. Nullam sit amet turpis elementum ligula vehicula consequat.'),(514,14,617,313,131,3,3,'2015-09-11','2015-09-23','Aenean sit amet justo.'),(515,6,605,346,155,1,1,'2015-07-26',NULL,'Praesent blandit lacinia erat.'),(516,8,33,82,233,1,2,'2018-04-14',NULL,'Donec vitae nisi. Nam ultrices, libero non mattis pulvinar, nulla pede ullamcorper augue, a suscipit nulla elit ac nulla.'),(517,10,580,261,101,1,1,'2016-05-13',NULL,'Maecenas ut massa quis augue luctus tincidunt. Nulla mollis molestie lorem. Quisque ut erat.'),(518,14,885,329,120,2,1,'2017-11-23','2018-02-23','Suspendisse ornare consequat lectus. In est risus, auctor sed, tristique in, tempus sit amet, sem.'),(519,2,228,113,360,1,1,'2019-01-01',NULL,'Morbi a ipsum.'),(520,6,636,107,306,2,2,'2017-05-19','2017-07-16','Morbi non quam nec dui luctus rutrum. Nulla tellus. In sagittis dui vel nisl.'),(521,10,345,331,227,1,3,'2016-12-24',NULL,'Pellentesque at nulla. Suspendisse potenti.'),(522,4,626,198,221,3,3,'2017-02-20','2017-05-29','Morbi vel lectus in quam fringilla rhoncus.'),(523,10,731,257,148,2,1,'2016-08-01','2016-10-19','Curabitur gravida nisi at nibh.'),(524,8,14,385,327,3,2,'2017-05-23','2017-07-15','Phasellus id sapien in sapien iaculis congue.'),(525,1,951,344,362,1,1,'2017-04-11',NULL,'In eleifend quam a odio.'),(526,20,638,178,155,2,2,'2017-10-17','2017-12-22','Cras non velit nec nisi vulputate nonummy. Maecenas tincidunt lacus at velit. Vivamus vel nulla eget eros elementum pellentesque.'),(527,8,819,279,217,1,1,'2016-03-29',NULL,'Vivamus vestibulum sagittis sapien. Cum sociis natoque penatibus et magnis dis parturient montes, nascetur ridiculus mus.'),(528,8,889,70,119,1,1,'2017-08-21',NULL,'Duis bibendum, felis sed interdum venenatis, turpis enim blandit mi, in porttitor pede justo eu massa. Donec dapibus.'),(529,2,171,76,205,3,2,'2017-07-25','2017-11-09','Nullam sit amet turpis elementum ligula vehicula consequat. Morbi a ipsum. Integer a nibh.'),(530,15,858,331,393,1,3,'2016-06-13',NULL,'Ut at dolor quis odio consequat varius. Integer ac leo.'),(531,9,166,344,392,1,1,'2018-05-23',NULL,'Proin interdum mauris non ligula pellentesque ultrices.'),(532,5,128,12,73,2,2,'2018-09-05','2018-09-30','In hac habitasse platea dictumst. Etiam faucibus cursus urna. Ut tellus.'),(533,16,445,166,212,1,3,'2017-12-14',NULL,'Cras mi pede, malesuada in, imperdiet et, commodo vulputate, justo. In blandit ultrices enim. Lorem ipsum dolor sit amet, consectetuer adipiscing elit.'),(534,6,955,385,199,1,2,'2018-12-09',NULL,'Aliquam non mauris.'),(535,11,659,170,112,1,1,'2017-02-26',NULL,'Nullam sit amet turpis elementum ligula vehicula consequat. Morbi a ipsum. Integer a nibh.'),(536,10,236,361,259,3,3,'2018-11-16','2019-02-12','Morbi porttitor lorem id ligula. Suspendisse ornare consequat lectus.'),(537,19,985,25,36,3,2,'2019-01-20','2019-04-23','Donec dapibus. Duis at velit eu est congue elementum. In hac habitasse platea dictumst.'),(538,7,970,381,228,2,1,'2015-05-15','2015-05-26','Quisque arcu libero, rutrum ac, lobortis vel, dapibus at, diam.'),(539,2,959,190,250,3,2,'2019-03-23','2019-05-18','Ut tellus. Nulla ut erat id mauris vulputate elementum.'),(540,9,98,357,101,2,1,'2017-10-04','2017-12-29','Quisque porta volutpat erat.'),(541,8,221,237,58,2,1,'2018-05-23','2018-06-19','Cras in purus eu magna vulputate luctus. Cum sociis natoque penatibus et magnis dis parturient montes, nascetur ridiculus mus. Vivamus vestibulum sagittis sapien.'),(542,18,707,154,215,2,3,'2018-10-23','2018-12-12','Nullam porttitor lacus at turpis. Donec posuere metus vitae ipsum. Aliquam non mauris.'),(543,3,629,2,217,2,2,'2017-05-30','2017-08-13','Integer non velit.'),(544,13,206,14,228,1,1,'2018-11-16',NULL,'Pellentesque viverra pede ac diam. Cras pellentesque volutpat dui. Maecenas tristique, est et tempus semper, est quam pharetra magna, ac consequat metus sapien ut nunc.'),(545,3,114,298,316,1,3,'2016-08-13',NULL,'Curabitur convallis.'),(546,16,812,27,359,2,2,'2018-10-26','2019-02-01','Morbi quis tortor id nulla ultrices aliquet. Maecenas leo odio, condimentum id, luctus nec, molestie sed, justo. Pellentesque viverra pede ac diam.'),(547,2,320,51,9,3,1,'2016-10-03','2017-01-10','Pellentesque eget nunc. Donec quis orci eget orci vehicula condimentum. Curabitur in libero ut massa volutpat convallis.'),(548,4,379,38,296,1,3,'2016-05-07',NULL,'Vivamus metus arcu, adipiscing molestie, hendrerit at, vulputate vitae, nisl.'),(549,13,33,355,345,1,3,'2018-04-13',NULL,'Proin leo odio, porttitor id, consequat in, consequat ut, nulla. Sed accumsan felis.'),(550,13,973,283,327,2,2,'2016-07-07','2016-10-30','Vestibulum quam sapien, varius ut, blandit non, interdum in, ante. Vestibulum ante ipsum primis in faucibus orci luctus et ultrices posuere cubilia Curae; Duis faucibus accumsan odio. Curabitur convallis.'),(551,19,302,308,36,3,1,'2018-01-08','2018-02-15','Curabitur gravida nisi at nibh.'),(552,6,703,279,337,2,3,'2018-04-06','2018-07-11','Cras in purus eu magna vulputate luctus.'),(553,15,760,43,176,1,3,'2017-07-25',NULL,'Vestibulum ante ipsum primis in faucibus orci luctus et ultrices posuere cubilia Curae; Mauris viverra diam vitae quam.'),(554,20,176,11,290,3,2,'2018-05-01','2018-09-04','Integer a nibh. In quis justo.'),(555,2,151,144,155,3,3,'2018-09-17','2018-11-29','Morbi sem mauris, laoreet ut, rhoncus aliquet, pulvinar sed, nisl. Nunc rhoncus dui vel sem.'),(556,15,887,198,134,3,2,'2017-05-26','2017-10-05','Morbi vel lectus in quam fringilla rhoncus. Mauris enim leo, rhoncus sed, vestibulum sit amet, cursus id, turpis. Integer aliquet, massa id lobortis convallis, tortor risus dapibus augue, vel accumsan tellus nisi eu orci.'),(557,7,782,11,191,2,1,'2015-10-25','2015-12-29','Cum sociis natoque penatibus et magnis dis parturient montes, nascetur ridiculus mus. Vivamus vestibulum sagittis sapien. Cum sociis natoque penatibus et magnis dis parturient montes, nascetur ridiculus mus.'),(558,8,211,349,5,2,3,'2018-07-31','2018-08-11','Nullam varius.'),(559,16,262,90,233,1,1,'2017-10-01',NULL,'Suspendisse potenti. In eleifend quam a odio.'),(560,17,88,4,334,3,3,'2019-03-16','2019-06-14','Vestibulum rutrum rutrum neque.'),(561,15,647,154,118,3,2,'2017-07-18','2017-11-05','Pellentesque viverra pede ac diam. Cras pellentesque volutpat dui. Maecenas tristique, est et tempus semper, est quam pharetra magna, ac consequat metus sapien ut nunc.'),(562,1,569,136,29,2,1,'2017-10-25','2018-01-27','Praesent id massa id nisl venenatis lacinia.'),(563,4,362,181,301,3,1,'2017-06-18','2017-09-09','Lorem ipsum dolor sit amet, consectetuer adipiscing elit. Proin interdum mauris non ligula pellentesque ultrices. Phasellus id sapien in sapien iaculis congue.'),(564,3,959,105,69,3,1,'2019-03-25','2019-05-25','Suspendisse accumsan tortor quis turpis. Sed ante. Vivamus tortor.'),(565,11,616,25,277,1,3,'2015-06-18',NULL,'Nunc nisl. Duis bibendum, felis sed interdum venenatis, turpis enim blandit mi, in porttitor pede justo eu massa.'),(566,13,709,223,16,2,1,'2018-11-20','2019-01-14','Donec ut mauris eget massa tempor convallis.'),(567,9,102,169,161,3,1,'2019-03-16','2019-05-10','Cras pellentesque volutpat dui.'),(568,15,632,336,99,1,2,'2019-02-15',NULL,'Praesent id massa id nisl venenatis lacinia. Aenean sit amet justo.'),(569,14,229,133,149,1,3,'2018-07-20',NULL,'Curabitur convallis. Duis consequat dui nec nisi volutpat eleifend.'),(570,5,657,178,226,3,1,'2016-04-03','2016-07-28','Quisque ut erat.'),(571,17,333,53,110,1,3,'2017-04-09',NULL,'Praesent id massa id nisl venenatis lacinia. Aenean sit amet justo. Morbi ut odio.'),(572,17,508,283,161,1,3,'2015-05-11',NULL,'Suspendisse potenti. Nullam porttitor lacus at turpis.'),(573,6,800,374,30,1,2,'2016-04-30',NULL,'Morbi sem mauris, laoreet ut, rhoncus aliquet, pulvinar sed, nisl.'),(574,19,833,159,281,3,3,'2016-03-26','2016-05-24','Maecenas rhoncus aliquam lacus. Morbi quis tortor id nulla ultrices aliquet.'),(575,13,730,166,314,3,1,'2015-10-11','2016-01-30','Maecenas tristique, est et tempus semper, est quam pharetra magna, ac consequat metus sapien ut nunc. Vestibulum ante ipsum primis in faucibus orci luctus et ultrices posuere cubilia Curae; Mauris viverra diam vitae quam.'),(576,20,457,35,386,1,3,'2016-04-10',NULL,'Morbi non quam nec dui luctus rutrum. Nulla tellus. In sagittis dui vel nisl.'),(577,4,616,177,122,1,3,'2015-06-14',NULL,'Nulla mollis molestie lorem. Quisque ut erat.'),(578,9,604,244,174,3,1,'2016-04-11','2016-07-26','Integer ac neque. Duis bibendum. Morbi non quam nec dui luctus rutrum.'),(579,16,464,94,277,1,1,'2017-12-04',NULL,'Aliquam erat volutpat. In congue.'),(580,16,836,357,248,1,1,'2016-02-20',NULL,'Proin eu mi. Nulla ac enim. In tempor, turpis nec euismod scelerisque, quam turpis adipiscing lorem, vitae mattis nibh ligula nec sem.'),(581,3,752,107,167,3,3,'2017-11-12','2017-11-22','Vestibulum ante ipsum primis in faucibus orci luctus et ultrices posuere cubilia Curae; Donec pharetra, magna vestibulum aliquet ultrices, erat tortor sollicitudin mi, sit amet lobortis sapien sapien non mi. Integer ac neque. Duis bibendum.'),(582,9,936,178,131,2,1,'2016-09-12','2016-10-02','Fusce posuere felis sed lacus.'),(583,1,142,178,365,2,1,'2018-09-17','2019-01-08','Quisque arcu libero, rutrum ac, lobortis vel, dapibus at, diam. Nam tristique tortor eu pede.'),(584,3,951,204,99,1,3,'2017-04-16',NULL,'Vestibulum quam sapien, varius ut, blandit non, interdum in, ante.'),(585,7,111,170,392,2,2,'2018-05-14','2018-09-06','Proin interdum mauris non ligula pellentesque ultrices.'),(586,9,857,2,101,2,2,'2019-01-17','2019-05-02','TASK COMPLETED'),(587,18,718,45,376,2,2,'2017-05-03','2017-09-04','Mauris sit amet eros. Suspendisse accumsan tortor quis turpis.'),(588,17,811,25,72,3,2,'2018-01-15','2018-03-08','Phasellus sit amet erat. Nulla tempus.'),(589,13,762,220,226,3,1,'2017-01-02','2017-03-25','Vestibulum ac est lacinia nisi venenatis tristique. Fusce congue, diam id ornare imperdiet, sapien urna pretium nisl, ut volutpat sapien arcu sed augue.'),(590,3,180,4,134,3,2,'2018-01-18','2018-05-11','Duis consequat dui nec nisi volutpat eleifend. Donec ut dolor. Morbi vel lectus in quam fringilla rhoncus.'),(591,3,256,267,221,1,1,'2018-02-11',NULL,'Aenean fermentum.'),(592,13,19,14,221,2,3,'2018-04-09','2018-08-29','Duis consequat dui nec nisi volutpat eleifend. Donec ut dolor.'),(593,19,740,374,296,2,3,'2015-07-28','2015-08-13','In eleifend quam a odio. In hac habitasse platea dictumst.'),(594,12,698,310,176,2,2,'2015-12-26','2016-05-12','Vestibulum rutrum rutrum neque. Aenean auctor gravida sem. Praesent id massa id nisl venenatis lacinia.'),(595,17,720,283,10,3,2,'2017-04-23','2017-07-28','Aliquam erat volutpat.'),(596,14,319,298,176,2,2,'2016-10-29','2016-12-20','Etiam vel augue. Vestibulum rutrum rutrum neque. Aenean auctor gravida sem.'),(597,20,187,14,200,1,2,'2018-01-13',NULL,'Sed ante. Vivamus tortor. Duis mattis egestas metus.'),(598,19,120,287,10,3,3,'2015-07-24','2015-10-23','Duis at velit eu est congue elementum. In hac habitasse platea dictumst.'),(599,7,524,321,148,1,3,'2015-06-20',NULL,'Etiam pretium iaculis justo. In hac habitasse platea dictumst.'),(600,3,246,64,199,1,2,'2016-05-14',NULL,'Vestibulum quam sapien, varius ut, blandit non, interdum in, ante. Vestibulum ante ipsum primis in faucibus orci luctus et ultrices posuere cubilia Curae; Duis faucibus accumsan odio.'),(601,15,63,70,100,3,2,'2016-12-26','2017-02-02','Integer a nibh. In quis justo. Maecenas rhoncus aliquam lacus.'),(602,2,977,216,377,3,2,'2015-11-10','2016-03-17','Curabitur gravida nisi at nibh.'),(603,14,325,204,214,1,1,'2015-10-22',NULL,'Suspendisse accumsan tortor quis turpis. Sed ante. Vivamus tortor.'),(604,1,878,143,259,2,3,'2015-12-17','2016-01-25','Duis aliquam convallis nunc.'),(605,17,683,107,148,1,1,'2017-12-07',NULL,'Nulla ac enim.'),(606,18,575,283,327,3,2,'2018-12-29','2019-03-26','Phasellus sit amet erat. Nulla tempus. Vivamus in felis eu sapien cursus vestibulum.'),(607,11,563,91,150,3,1,'2015-08-31','2015-10-20','Vestibulum sed magna at nunc commodo placerat. Praesent blandit. Nam nulla.'),(608,17,76,203,231,1,3,'2017-01-12',NULL,'Nam ultrices, libero non mattis pulvinar, nulla pede ullamcorper augue, a suscipit nulla elit ac nulla. Sed vel enim sit amet nunc viverra dapibus. Nulla suscipit ligula in lacus.'),(609,18,42,55,34,3,2,'2017-05-03','2017-06-11','Nullam molestie nibh in lectus. Pellentesque at nulla.'),(610,5,120,170,112,3,2,'2015-07-23','2015-10-22','Aenean lectus. Pellentesque eget nunc. Donec quis orci eget orci vehicula condimentum.'),(611,15,163,2,335,1,2,'2017-04-27',NULL,'Vestibulum ac est lacinia nisi venenatis tristique.'),(612,1,179,104,65,3,2,'2015-04-20','2015-06-26','Vivamus in felis eu sapien cursus vestibulum.'),(613,18,191,45,213,3,3,'2016-02-20','2016-03-02','Cras mi pede, malesuada in, imperdiet et, commodo vulputate, justo. In blandit ultrices enim.'),(614,8,711,166,149,1,2,'2015-11-29',NULL,'Maecenas leo odio, condimentum id, luctus nec, molestie sed, justo. Pellentesque viverra pede ac diam.'),(615,5,549,288,118,1,3,'2016-03-10',NULL,'Suspendisse potenti. In eleifend quam a odio. In hac habitasse platea dictumst.'),(616,18,466,381,219,2,3,'2018-02-09','2018-04-10','Aliquam quis turpis eget elit sodales scelerisque. Mauris sit amet eros. Suspendisse accumsan tortor quis turpis.'),(617,18,168,26,332,3,2,'2018-07-12','2018-11-24','Morbi porttitor lorem id ligula. Suspendisse ornare consequat lectus.'),(618,6,600,238,293,1,3,'2015-07-21',NULL,'Vestibulum ante ipsum primis in faucibus orci luctus et ultrices posuere cubilia Curae; Duis faucibus accumsan odio. Curabitur convallis.'),(619,2,90,286,66,3,1,'2016-07-08','2016-11-04','Curabitur gravida nisi at nibh.'),(620,18,536,267,161,2,3,'2016-08-14','2016-12-25','Fusce lacus purus, aliquet at, feugiat non, pretium quis, lectus.'),(621,10,94,24,345,2,3,'2016-06-05','2016-08-08','Nunc rhoncus dui vel sem.'),(622,9,302,288,214,2,3,'2018-01-10','2018-02-18','Nam nulla.'),(623,7,219,104,377,1,3,'2016-01-06',NULL,'Aliquam non mauris. Morbi non lectus.'),(624,8,328,113,295,1,2,'2017-09-25',NULL,'Duis ac nibh.'),(625,9,301,138,59,1,3,'2016-11-17',NULL,'Morbi sem mauris, laoreet ut, rhoncus aliquet, pulvinar sed, nisl. Nunc rhoncus dui vel sem.'),(626,13,923,308,10,3,2,'2016-06-10','2016-10-31','In quis justo. Maecenas rhoncus aliquam lacus.'),(627,16,132,82,131,2,2,'2017-02-13','2017-03-18','Quisque porta volutpat erat. Quisque erat eros, viverra eget, congue eget, semper rutrum, nulla.'),(628,7,464,280,41,1,1,'2017-12-04',NULL,'Donec diam neque, vestibulum eget, vulputate ut, ultrices vel, augue.'),(629,3,761,24,101,3,2,'2016-08-15','2016-10-23','Nulla nisl.'),(630,15,542,240,199,3,2,'2018-03-29','2018-06-21','Quisque porta volutpat erat. Quisque erat eros, viverra eget, congue eget, semper rutrum, nulla. Nunc purus.'),(631,7,800,263,360,1,2,'2016-04-27',NULL,'Fusce congue, diam id ornare imperdiet, sapien urna pretium nisl, ut volutpat sapien arcu sed augue. Aliquam erat volutpat.'),(632,15,26,144,33,3,2,'2016-10-20','2017-01-24','Nulla ut erat id mauris vulputate elementum.'),(633,10,888,284,17,2,2,'2018-01-11','2018-02-25','Fusce lacus purus, aliquet at, feugiat non, pretium quis, lectus. Suspendisse potenti. In eleifend quam a odio.'),(634,19,712,373,366,1,1,'2018-01-11',NULL,'Nulla neque libero, convallis eget, eleifend luctus, ultricies eu, nibh.'),(635,5,416,177,227,3,1,'2018-02-24','2018-04-04','Maecenas ut massa quis augue luctus tincidunt. Nulla mollis molestie lorem.'),(636,10,404,133,213,1,3,'2018-08-07',NULL,'Pellentesque eget nunc.'),(637,2,865,300,96,1,1,'2016-02-25',NULL,'Integer ac neque. Duis bibendum. Morbi non quam nec dui luctus rutrum.'),(638,6,539,78,332,1,2,'2017-05-29',NULL,'Donec ut dolor. Morbi vel lectus in quam fringilla rhoncus. Mauris enim leo, rhoncus sed, vestibulum sit amet, cursus id, turpis.'),(639,10,527,51,350,1,1,'2015-11-11',NULL,'Nulla ut erat id mauris vulputate elementum. Nullam varius.'),(640,5,375,6,365,1,1,'2015-06-15',NULL,'Proin eu mi. Nulla ac enim.'),(641,9,825,138,10,2,2,'2015-08-21','2015-08-23','Mauris sit amet eros.'),(642,7,247,286,184,3,1,'2019-02-20','2019-05-26','Proin at turpis a pede posuere nonummy.'),(643,13,450,367,360,2,1,'2016-02-04','2016-03-17','Quisque erat eros, viverra eget, congue eget, semper rutrum, nulla. Nunc purus.'),(644,6,859,114,96,1,2,'2018-02-12',NULL,'Mauris ullamcorper purus sit amet nulla.'),(645,17,796,291,219,1,2,'2016-03-24',NULL,'Duis bibendum.'),(646,10,346,364,188,1,1,'2018-11-06',NULL,'Nulla mollis molestie lorem. Quisque ut erat.'),(647,7,362,302,124,2,3,'2017-06-21','2017-09-09','Nulla mollis molestie lorem.'),(648,15,954,372,183,3,1,'2015-12-10','2016-02-08','Morbi porttitor lorem id ligula.'),(649,17,824,143,222,1,1,'2017-07-14',NULL,'Sed ante. Vivamus tortor. Duis mattis egestas metus.'),(650,20,390,331,118,2,1,'2016-02-18','2016-03-09','Vestibulum ante ipsum primis in faucibus orci luctus et ultrices posuere cubilia Curae; Duis faucibus accumsan odio.'),(651,4,530,147,277,2,3,'2018-10-13','2019-02-20','Suspendisse potenti.'),(652,7,768,216,243,2,1,'2016-03-08','2016-05-14','Fusce congue, diam id ornare imperdiet, sapien urna pretium nisl, ut volutpat sapien arcu sed augue. Aliquam erat volutpat. In congue.'),(653,18,338,313,393,3,3,'2016-05-04','2016-08-08','Integer tincidunt ante vel ipsum. Praesent blandit lacinia erat. Vestibulum sed magna at nunc commodo placerat.'),(654,1,89,38,96,1,1,'2018-09-23',NULL,'Aliquam sit amet diam in magna bibendum imperdiet. Nullam orci pede, venenatis non, sodales sed, tincidunt eu, felis.'),(655,10,7,158,131,2,1,'2015-07-28','2015-08-04','Nunc purus.'),(656,12,163,43,277,1,3,'2017-04-27',NULL,'Curabitur gravida nisi at nibh. In hac habitasse platea dictumst. Aliquam augue quam, sollicitudin vitae, consectetuer eget, rutrum at, lorem.'),(657,3,646,27,334,1,3,'2019-01-07',NULL,'Vivamus metus arcu, adipiscing molestie, hendrerit at, vulputate vitae, nisl. Aenean lectus.'),(658,17,624,90,290,1,2,'2017-11-27',NULL,'Maecenas tristique, est et tempus semper, est quam pharetra magna, ac consequat metus sapien ut nunc.'),(659,15,459,284,30,2,3,'2018-10-08','2019-02-20','Proin eu mi.'),(660,7,208,372,75,1,2,'2019-03-19',NULL,'Morbi vestibulum, velit id pretium iaculis, diam erat fermentum justo, nec condimentum neque sapien placerat ante. Nulla justo. Aliquam quis turpis eget elit sodales scelerisque.'),(661,14,596,11,72,2,2,'2019-03-21','2019-03-23','Vivamus metus arcu, adipiscing molestie, hendrerit at, vulputate vitae, nisl. Aenean lectus.'),(662,10,541,24,290,2,2,'2016-05-12','2016-08-29','In congue. Etiam justo.'),(663,8,193,38,219,1,2,'2016-02-11',NULL,'Proin risus. Praesent lectus. Vestibulum quam sapien, varius ut, blandit non, interdum in, ante.'),(664,7,803,244,293,1,3,'2016-07-03',NULL,'Vestibulum ac est lacinia nisi venenatis tristique. Fusce congue, diam id ornare imperdiet, sapien urna pretium nisl, ut volutpat sapien arcu sed augue. Aliquam erat volutpat.'),(665,4,284,261,30,2,2,'2019-03-23','2019-08-14','Cras non velit nec nisi vulputate nonummy. Maecenas tincidunt lacus at velit.'),(666,4,858,305,118,1,2,'2016-06-13',NULL,'Aenean auctor gravida sem. Praesent id massa id nisl venenatis lacinia.'),(667,1,881,287,30,1,3,'2019-03-18',NULL,'Vivamus metus arcu, adipiscing molestie, hendrerit at, vulputate vitae, nisl.'),(668,15,826,284,290,2,1,'2016-03-22','2016-04-04','Nulla facilisi. Cras non velit nec nisi vulputate nonummy.'),(669,2,536,143,183,3,3,'2016-08-19','2016-12-26','Donec diam neque, vestibulum eget, vulputate ut, ultrices vel, augue.'),(670,5,883,262,149,2,1,'2016-09-15','2016-12-12','Nunc purus.'),(671,15,430,2,348,1,3,'2017-11-24',NULL,'In sagittis dui vel nisl. Duis ac nibh. Fusce lacus purus, aliquet at, feugiat non, pretium quis, lectus.'),(672,14,758,329,151,1,3,'2015-09-10',NULL,'Ut at dolor quis odio consequat varius. Integer ac leo.'),(673,12,473,166,215,3,3,'2017-07-19','2017-08-08','Nulla facilisi. Cras non velit nec nisi vulputate nonummy. Maecenas tincidunt lacus at velit.'),(674,6,834,18,199,3,3,'2016-09-18','2016-11-14','Etiam pretium iaculis justo. In hac habitasse platea dictumst.'),(675,3,554,234,345,1,2,'2018-12-21',NULL,'Integer aliquet, massa id lobortis convallis, tortor risus dapibus augue, vel accumsan tellus nisi eu orci. Mauris lacinia sapien quis libero.'),(676,13,584,252,295,3,3,'2018-03-07','2018-04-12','Nulla mollis molestie lorem. Quisque ut erat. Curabitur gravida nisi at nibh.'),(677,14,415,121,248,3,1,'2018-12-05','2018-12-26','Morbi porttitor lorem id ligula.'),(678,5,521,305,75,3,3,'2018-05-10','2018-08-04','Nulla mollis molestie lorem. Quisque ut erat. Curabitur gravida nisi at nibh.'),(679,1,100,108,30,1,2,'2016-10-04',NULL,'Sed accumsan felis. Ut at dolor quis odio consequat varius.'),(680,9,832,267,256,2,1,'2018-02-12','2018-04-02','Nam ultrices, libero non mattis pulvinar, nulla pede ullamcorper augue, a suscipit nulla elit ac nulla.'),(681,3,678,374,301,1,2,'2018-05-22',NULL,'Duis at velit eu est congue elementum. In hac habitasse platea dictumst.'),(682,7,415,236,386,3,2,'2018-12-02','2018-12-22','In est risus, auctor sed, tristique in, tempus sit amet, sem. Fusce consequat.'),(683,16,851,246,335,2,3,'2018-01-08','2018-03-20','Vivamus in felis eu sapien cursus vestibulum.'),(684,1,642,361,384,1,3,'2019-01-16',NULL,'Nullam orci pede, venenatis non, sodales sed, tincidunt eu, felis.'),(685,19,342,145,129,2,3,'2015-04-30','2015-05-15','Cum sociis natoque penatibus et magnis dis parturient montes, nascetur ridiculus mus. Etiam vel augue.'),(686,9,996,147,199,3,3,'2015-11-26','2016-04-12','Vestibulum ante ipsum primis in faucibus orci luctus et ultrices posuere cubilia Curae; Nulla dapibus dolor vel est. Donec odio justo, sollicitudin ut, suscipit a, feugiat et, eros. Vestibulum ac est lacinia nisi venenatis tristique.'),(687,9,678,262,241,1,2,'2018-05-18',NULL,'Nullam molestie nibh in lectus.'),(688,3,620,258,56,3,2,'2018-01-06','2018-01-16','Vestibulum ante ipsum primis in faucibus orci luctus et ultrices posuere cubilia Curae; Donec pharetra, magna vestibulum aliquet ultrices, erat tortor sollicitudin mi, sit amet lobortis sapien sapien non mi.'),(689,1,452,165,316,1,3,'2016-04-10',NULL,'Quisque porta volutpat erat. Quisque erat eros, viverra eget, congue eget, semper rutrum, nulla. Nunc purus.'),(690,14,388,143,163,2,2,'2017-02-28','2017-05-31','Fusce consequat. Nulla nisl. Nunc nisl.'),(691,9,117,373,87,3,2,'2016-06-07','2016-07-27','Vivamus metus arcu, adipiscing molestie, hendrerit at, vulputate vitae, nisl. Aenean lectus.'),(692,20,787,374,175,3,3,'2017-08-20','2017-08-20','In blandit ultrices enim. Lorem ipsum dolor sit amet, consectetuer adipiscing elit.'),(693,19,723,364,65,3,2,'2018-06-12','2018-08-01','Sed accumsan felis. Ut at dolor quis odio consequat varius.'),(694,17,83,379,277,3,2,'2016-08-03','2016-11-20','In congue. Etiam justo.'),(695,19,207,144,106,3,1,'2016-08-05','2016-11-22','Phasellus in felis. Donec semper sapien a libero. Nam dui.'),(696,17,177,379,226,1,1,'2017-12-13',NULL,'Integer tincidunt ante vel ipsum. Praesent blandit lacinia erat.'),(697,10,519,27,106,3,2,'2019-03-10','2019-04-12','Nam congue, risus semper porta volutpat, quam pede lobortis ligula, sit amet eleifend pede libero quis orci. Nullam molestie nibh in lectus. Pellentesque at nulla.'),(698,6,723,202,233,2,2,'2018-06-09','2018-07-28','Aliquam sit amet diam in magna bibendum imperdiet.'),(699,14,367,6,176,2,1,'2017-10-18','2017-12-14','Proin leo odio, porttitor id, consequat in, consequat ut, nulla. Sed accumsan felis. Ut at dolor quis odio consequat varius.'),(700,20,292,375,248,1,3,'2017-09-30',NULL,'Praesent id massa id nisl venenatis lacinia. Aenean sit amet justo. Morbi ut odio.'),(701,5,157,157,29,3,3,'2016-01-26','2016-06-09','Cras mi pede, malesuada in, imperdiet et, commodo vulputate, justo. In blandit ultrices enim. Lorem ipsum dolor sit amet, consectetuer adipiscing elit.'),(702,12,728,346,205,1,2,'2017-06-25',NULL,'Vestibulum ante ipsum primis in faucibus orci luctus et ultrices posuere cubilia Curae; Mauris viverra diam vitae quam. Suspendisse potenti. Nullam porttitor lacus at turpis.'),(703,3,377,240,228,3,1,'2017-06-06','2017-07-06','Vestibulum ante ipsum primis in faucibus orci luctus et ultrices posuere cubilia Curae; Duis faucibus accumsan odio.'),(704,13,528,45,315,2,1,'2018-11-02','2019-03-05','Nam ultrices, libero non mattis pulvinar, nulla pede ullamcorper augue, a suscipit nulla elit ac nulla. Sed vel enim sit amet nunc viverra dapibus. Nulla suscipit ligula in lacus.'),(705,13,758,27,41,1,2,'2015-09-14',NULL,'Cras pellentesque volutpat dui. Maecenas tristique, est et tempus semper, est quam pharetra magna, ac consequat metus sapien ut nunc.'),(706,20,710,133,135,2,1,'2016-08-03','2016-08-15','Curabitur gravida nisi at nibh.'),(707,14,937,105,152,2,2,'2017-09-01','2017-12-17','Proin interdum mauris non ligula pellentesque ultrices. Phasellus id sapien in sapien iaculis congue. Vivamus metus arcu, adipiscing molestie, hendrerit at, vulputate vitae, nisl.'),(708,1,531,372,264,2,1,'2016-10-04','2017-01-01','Pellentesque ultrices mattis odio.'),(709,17,385,70,65,2,2,'2016-09-05','2016-09-04','Proin leo odio, porttitor id, consequat in, consequat ut, nulla.'),(710,1,85,300,315,3,2,'2017-11-11','2017-11-16','Integer pede justo, lacinia eget, tincidunt eget, tempus vel, pede. Morbi porttitor lorem id ligula.'),(711,8,915,11,318,2,1,'2016-02-17','2016-04-11','Donec posuere metus vitae ipsum. Aliquam non mauris.'),(712,4,213,326,318,2,3,'2016-06-17','2016-10-08','Nulla suscipit ligula in lacus. Curabitur at ipsum ac tellus semper interdum. Mauris ullamcorper purus sit amet nulla.'),(713,18,920,177,34,1,2,'2016-07-21',NULL,'Nullam orci pede, venenatis non, sodales sed, tincidunt eu, felis. Fusce posuere felis sed lacus.'),(714,10,982,223,167,2,3,'2018-01-06','2018-01-25','Aliquam augue quam, sollicitudin vitae, consectetuer eget, rutrum at, lorem. Integer tincidunt ante vel ipsum.'),(715,9,685,38,118,3,1,'2015-07-16','2015-10-17','Cras non velit nec nisi vulputate nonummy. Maecenas tincidunt lacus at velit. Vivamus vel nulla eget eros elementum pellentesque.'),(716,2,943,144,384,1,1,'2018-08-07',NULL,'Nam tristique tortor eu pede.'),(717,8,390,220,175,3,1,'2016-02-19','2016-03-13','Maecenas rhoncus aliquam lacus. Morbi quis tortor id nulla ultrices aliquet. Maecenas leo odio, condimentum id, luctus nec, molestie sed, justo.'),(718,8,678,195,212,1,2,'2018-05-23',NULL,'In hac habitasse platea dictumst.'),(719,1,825,4,256,3,3,'2015-08-21','2015-08-31','Morbi odio odio, elementum eu, interdum eu, tincidunt in, leo. Maecenas pulvinar lobortis est.'),(720,15,819,349,222,1,3,'2016-03-28',NULL,'Sed accumsan felis. Ut at dolor quis odio consequat varius.'),(721,8,821,257,30,1,2,'2017-05-15',NULL,'Nam congue, risus semper porta volutpat, quam pede lobortis ligula, sit amet eleifend pede libero quis orci. Nullam molestie nibh in lectus. Pellentesque at nulla.'),(722,20,73,143,233,1,1,'2017-10-30',NULL,'Suspendisse accumsan tortor quis turpis.'),(723,14,225,27,242,1,1,'2018-09-23',NULL,'Vivamus tortor. Duis mattis egestas metus. Aenean fermentum.'),(724,20,246,169,219,1,2,'2016-05-20',NULL,'Fusce consequat. Nulla nisl.'),(725,3,189,53,306,3,3,'2015-12-08','2015-12-31','In blandit ultrices enim. Lorem ipsum dolor sit amet, consectetuer adipiscing elit. Proin interdum mauris non ligula pellentesque ultrices.'),(726,14,427,55,30,1,2,'2019-03-16',NULL,'Fusce consequat.'),(727,16,689,137,243,2,3,'2017-05-20','2017-09-09','Etiam pretium iaculis justo.'),(728,5,332,31,30,1,1,'2016-10-14',NULL,'Vestibulum ante ipsum primis in faucibus orci luctus et ultrices posuere cubilia Curae; Nulla dapibus dolor vel est. Donec odio justo, sollicitudin ut, suscipit a, feugiat et, eros.'),(729,17,28,387,101,3,2,'2018-05-29','2018-07-16','Morbi ut odio.'),(730,15,729,245,315,2,3,'2015-09-28','2015-12-02','Aliquam erat volutpat. In congue.'),(731,2,95,234,161,3,3,'2018-10-10','2018-12-04','Nam tristique tortor eu pede.'),(732,13,354,91,176,2,3,'2015-12-19','2016-03-18','Nulla facilisi. Cras non velit nec nisi vulputate nonummy. Maecenas tincidunt lacus at velit.'),(733,7,307,90,363,2,2,'2017-11-01','2018-03-02','Aenean sit amet justo. Morbi ut odio. Cras mi pede, malesuada in, imperdiet et, commodo vulputate, justo.'),(734,12,221,45,382,3,2,'2018-05-24','2018-06-22','Vivamus vel nulla eget eros elementum pellentesque. Quisque porta volutpat erat. Quisque erat eros, viverra eget, congue eget, semper rutrum, nulla.'),(735,17,554,374,59,1,1,'2018-12-17',NULL,'Nam dui. Proin leo odio, porttitor id, consequat in, consequat ut, nulla. Sed accumsan felis.'),(736,2,121,103,285,3,2,'2016-10-07','2017-01-18','Aliquam erat volutpat. In congue. Etiam justo.'),(737,2,846,375,149,3,2,'2017-06-07','2017-06-18','Aenean lectus. Pellentesque eget nunc.'),(738,7,406,326,281,1,2,'2015-08-31',NULL,'Suspendisse ornare consequat lectus. In est risus, auctor sed, tristique in, tempus sit amet, sem.'),(739,20,419,165,86,1,3,'2016-11-21',NULL,'Morbi porttitor lorem id ligula.'),(740,4,954,204,318,2,3,'2015-12-11','2016-02-05','Quisque id justo sit amet sapien dignissim vestibulum. Vestibulum ante ipsum primis in faucibus orci luctus et ultrices posuere cubilia Curae; Nulla dapibus dolor vel est. Donec odio justo, sollicitudin ut, suscipit a, feugiat et, eros.'),(741,9,304,55,301,1,1,'2016-12-29',NULL,'Donec posuere metus vitae ipsum. Aliquam non mauris. Morbi non lectus.'),(742,6,242,157,363,2,1,'2019-03-08','2019-05-04','Nulla tempus. Vivamus in felis eu sapien cursus vestibulum. Proin eu mi.'),(743,7,848,137,167,2,1,'2016-01-23','2016-05-21','Aliquam sit amet diam in magna bibendum imperdiet. Nullam orci pede, venenatis non, sodales sed, tincidunt eu, felis. Fusce posuere felis sed lacus.'),(744,9,324,385,41,1,2,'2018-06-10',NULL,'Mauris enim leo, rhoncus sed, vestibulum sit amet, cursus id, turpis. Integer aliquet, massa id lobortis convallis, tortor risus dapibus augue, vel accumsan tellus nisi eu orci.'),(745,16,755,6,106,2,1,'2015-12-16','2016-01-26','Cum sociis natoque penatibus et magnis dis parturient montes, nascetur ridiculus mus. Vivamus vestibulum sagittis sapien. Cum sociis natoque penatibus et magnis dis parturient montes, nascetur ridiculus mus.'),(746,2,33,38,327,1,3,'2018-04-15',NULL,'Vivamus metus arcu, adipiscing molestie, hendrerit at, vulputate vitae, nisl.'),(747,3,519,375,152,3,1,'2019-03-13','2019-04-12','Donec vitae nisi. Nam ultrices, libero non mattis pulvinar, nulla pede ullamcorper augue, a suscipit nulla elit ac nulla. Sed vel enim sit amet nunc viverra dapibus.'),(748,13,253,90,393,1,1,'2017-06-18',NULL,'Nunc purus. Phasellus in felis.'),(749,13,666,357,212,2,1,'2016-03-23','2016-06-28','In est risus, auctor sed, tristique in, tempus sit amet, sem. Fusce consequat. Nulla nisl.'),(750,13,559,313,376,3,2,'2015-12-31','2016-01-01','Mauris ullamcorper purus sit amet nulla.'),(751,20,781,2,175,2,1,'2017-12-28','2018-02-01','Vestibulum rutrum rutrum neque. Aenean auctor gravida sem. Praesent id massa id nisl venenatis lacinia.'),(752,10,612,145,96,1,2,'2015-06-01',NULL,'Aliquam non mauris. Morbi non lectus.'),(753,16,483,286,97,1,3,'2015-11-10',NULL,'Donec diam neque, vestibulum eget, vulputate ut, ultrices vel, augue. Vestibulum ante ipsum primis in faucibus orci luctus et ultrices posuere cubilia Curae; Donec pharetra, magna vestibulum aliquet ultrices, erat tortor sollicitudin mi, sit amet lobortis sapien sapien non mi. Integer ac neque.'),(754,11,511,310,167,2,3,'2018-05-14','2018-08-07','Quisque porta volutpat erat. Quisque erat eros, viverra eget, congue eget, semper rutrum, nulla. Nunc purus.'),(755,15,806,246,366,1,3,'2017-12-26',NULL,'Fusce posuere felis sed lacus. Morbi sem mauris, laoreet ut, rhoncus aliquet, pulvinar sed, nisl.'),(756,19,77,113,163,1,1,'2017-05-28',NULL,'In blandit ultrices enim.'),(757,19,826,373,122,3,2,'2016-03-20','2016-04-01','In est risus, auctor sed, tristique in, tempus sit amet, sem. Fusce consequat. Nulla nisl.'),(758,18,588,45,214,2,3,'2016-05-09','2016-09-23','Ut tellus. Nulla ut erat id mauris vulputate elementum.'),(759,5,727,361,265,2,2,'2015-11-27','2016-03-03','In hac habitasse platea dictumst. Etiam faucibus cursus urna.'),(760,4,137,284,30,3,2,'2019-03-18','2019-07-26','In tempor, turpis nec euismod scelerisque, quam turpis adipiscing lorem, vitae mattis nibh ligula nec sem.'),(761,20,565,244,191,1,2,'2017-06-23',NULL,'Mauris enim leo, rhoncus sed, vestibulum sit amet, cursus id, turpis. Integer aliquet, massa id lobortis convallis, tortor risus dapibus augue, vel accumsan tellus nisi eu orci. Mauris lacinia sapien quis libero.'),(762,12,483,70,134,1,2,'2015-11-14',NULL,'Lorem ipsum dolor sit amet, consectetuer adipiscing elit. Proin risus. Praesent lectus.'),(763,3,313,310,120,2,2,'2016-08-17','2016-09-19','Quisque erat eros, viverra eget, congue eget, semper rutrum, nulla.'),(764,13,909,246,307,1,3,'2016-10-02',NULL,'Vestibulum sed magna at nunc commodo placerat. Praesent blandit. Nam nulla.'),(765,18,941,329,59,2,2,'2016-04-18','2016-05-13','Curabitur convallis. Duis consequat dui nec nisi volutpat eleifend.'),(766,5,691,198,295,3,1,'2017-07-04','2017-07-28','Fusce congue, diam id ornare imperdiet, sapien urna pretium nisl, ut volutpat sapien arcu sed augue. Aliquam erat volutpat.'),(767,6,195,340,242,3,2,'2017-12-16','2018-03-23','In eleifend quam a odio. In hac habitasse platea dictumst. Maecenas ut massa quis augue luctus tincidunt.'),(768,12,411,329,99,1,3,'2016-10-27',NULL,'Nullam sit amet turpis elementum ligula vehicula consequat. Morbi a ipsum.'),(769,3,158,329,241,2,2,'2015-08-25','2016-01-08','Curabitur in libero ut massa volutpat convallis. Morbi odio odio, elementum eu, interdum eu, tincidunt in, leo. Maecenas pulvinar lobortis est.'),(770,14,559,43,34,3,1,'2015-12-27','2016-01-03','Nam dui.'),(771,7,934,343,250,2,1,'2015-08-30','2015-11-04','Duis consequat dui nec nisi volutpat eleifend.'),(772,9,821,308,66,1,2,'2017-05-15',NULL,'Duis bibendum, felis sed interdum venenatis, turpis enim blandit mi, in porttitor pede justo eu massa.'),(773,8,746,11,41,3,2,'2017-02-08','2017-02-16','Praesent lectus. Vestibulum quam sapien, varius ut, blandit non, interdum in, ante. Vestibulum ante ipsum primis in faucibus orci luctus et ultrices posuere cubilia Curae; Duis faucibus accumsan odio.'),(774,10,129,346,17,1,2,'2017-06-02',NULL,'Vestibulum quam sapien, varius ut, blandit non, interdum in, ante. Vestibulum ante ipsum primis in faucibus orci luctus et ultrices posuere cubilia Curae; Duis faucibus accumsan odio.'),(775,2,300,211,163,1,1,'2017-01-06',NULL,'Curabitur convallis.'),(776,2,870,385,120,1,3,'2016-12-22',NULL,'Vivamus tortor.'),(777,4,194,291,33,1,2,'2017-11-10',NULL,'In eleifend quam a odio.'),(778,8,968,11,293,2,1,'2018-12-18','2019-04-28','Vestibulum sed magna at nunc commodo placerat. Praesent blandit.'),(779,10,615,305,56,3,2,'2016-05-28','2016-06-29','Morbi quis tortor id nulla ultrices aliquet. Maecenas leo odio, condimentum id, luctus nec, molestie sed, justo.'),(780,14,331,169,41,1,1,'2019-01-27',NULL,'Integer ac leo. Pellentesque ultrices mattis odio.'),(781,5,610,305,72,1,2,'2017-07-22',NULL,'Integer non velit.'),(782,17,515,145,200,2,2,'2017-02-06','2017-04-28','Morbi ut odio.'),(783,10,683,240,151,1,1,'2017-12-08',NULL,'Vestibulum ac est lacinia nisi venenatis tristique. Fusce congue, diam id ornare imperdiet, sapien urna pretium nisl, ut volutpat sapien arcu sed augue. Aliquam erat volutpat.'),(784,1,202,381,191,2,1,'2018-06-05','2018-06-23','In hac habitasse platea dictumst. Maecenas ut massa quis augue luctus tincidunt. Nulla mollis molestie lorem.'),(785,18,197,252,285,2,1,'2016-11-16','2017-01-03','Vestibulum quam sapien, varius ut, blandit non, interdum in, ante. Vestibulum ante ipsum primis in faucibus orci luctus et ultrices posuere cubilia Curae; Duis faucibus accumsan odio. Curabitur convallis.'),(786,12,763,170,243,1,3,'2018-04-05',NULL,'Nulla facilisi. Cras non velit nec nisi vulputate nonummy. Maecenas tincidunt lacus at velit.'),(787,13,807,39,101,3,1,'2015-11-20','2015-12-30','Fusce posuere felis sed lacus. Morbi sem mauris, laoreet ut, rhoncus aliquet, pulvinar sed, nisl. Nunc rhoncus dui vel sem.'),(788,18,329,4,69,3,3,'2017-01-03','2017-05-14','Maecenas ut massa quis augue luctus tincidunt.'),(789,9,962,190,264,3,1,'2016-01-06','2016-02-14','Nulla tellus.'),(790,7,616,195,79,1,1,'2015-06-19',NULL,'Duis aliquam convallis nunc. Proin at turpis a pede posuere nonummy.'),(791,9,417,398,66,1,2,'2015-04-30',NULL,'Etiam pretium iaculis justo.'),(792,13,814,105,176,1,1,'2017-12-07',NULL,'Suspendisse accumsan tortor quis turpis. Sed ante.'),(793,19,686,208,5,1,2,'2015-08-05',NULL,'Vestibulum quam sapien, varius ut, blandit non, interdum in, ante.'),(794,15,891,319,29,3,3,'2017-04-01','2017-06-14','Nulla ut erat id mauris vulputate elementum. Nullam varius.'),(795,11,188,105,122,3,1,'2016-12-05','2017-01-04','Etiam pretium iaculis justo. In hac habitasse platea dictumst.'),(796,18,195,336,264,3,2,'2017-12-15','2018-03-27','In est risus, auctor sed, tristique in, tempus sit amet, sem. Fusce consequat.'),(797,6,609,76,5,2,1,'2019-03-05','2019-03-19','Morbi non quam nec dui luctus rutrum. Nulla tellus. In sagittis dui vel nisl.'),(798,12,566,133,350,3,2,'2017-09-06','2017-12-11','Integer non velit.'),(799,4,97,114,119,2,1,'2017-09-29','2017-12-17','Sed sagittis.'),(800,1,661,157,10,2,2,'2015-09-18','2015-10-13','Quisque porta volutpat erat. Quisque erat eros, viverra eget, congue eget, semper rutrum, nulla. Nunc purus.'),(801,18,211,177,212,2,1,'2018-07-25','2018-08-13','In blandit ultrices enim. Lorem ipsum dolor sit amet, consectetuer adipiscing elit. Proin interdum mauris non ligula pellentesque ultrices.'),(802,18,141,147,97,1,1,'2016-01-22',NULL,'Nulla ut erat id mauris vulputate elementum. Nullam varius.'),(803,2,562,344,123,3,3,'2017-08-18','2017-08-21','Nulla facilisi.'),(804,19,304,234,33,1,1,'2016-12-29',NULL,'Suspendisse potenti.'),(805,15,206,210,86,1,3,'2018-11-15',NULL,'Maecenas rhoncus aliquam lacus. Morbi quis tortor id nulla ultrices aliquet.'),(806,1,837,208,264,3,3,'2016-05-01','2016-06-06','Proin at turpis a pede posuere nonummy. Integer non velit. Donec diam neque, vestibulum eget, vulputate ut, ultrices vel, augue.'),(807,17,79,203,241,1,1,'2018-11-29',NULL,'Nulla suscipit ligula in lacus. Curabitur at ipsum ac tellus semper interdum.'),(808,13,333,177,317,1,1,'2017-04-08',NULL,'Morbi ut odio. Cras mi pede, malesuada in, imperdiet et, commodo vulputate, justo. In blandit ultrices enim.'),(809,14,158,236,345,3,3,'2015-08-25','2016-01-09','Sed sagittis. Nam congue, risus semper porta volutpat, quam pede lobortis ligula, sit amet eleifend pede libero quis orci.'),(810,17,943,38,101,1,2,'2018-08-10',NULL,'Donec semper sapien a libero. Nam dui. Proin leo odio, porttitor id, consequat in, consequat ut, nulla.'),(811,3,156,378,393,2,3,'2018-05-31','2018-07-11','Curabitur in libero ut massa volutpat convallis. Morbi odio odio, elementum eu, interdum eu, tincidunt in, leo. Maecenas pulvinar lobortis est.'),(812,14,180,137,265,3,3,'2018-01-12','2018-05-11','Donec odio justo, sollicitudin ut, suscipit a, feugiat et, eros. Vestibulum ac est lacinia nisi venenatis tristique.'),(813,10,735,286,100,2,1,'2019-02-24','2019-03-06','Mauris sit amet eros. Suspendisse accumsan tortor quis turpis.'),(814,17,380,157,120,3,3,'2017-04-11','2017-06-25','Nam congue, risus semper porta volutpat, quam pede lobortis ligula, sit amet eleifend pede libero quis orci. Nullam molestie nibh in lectus.'),(815,11,983,283,392,3,2,'2017-10-13','2017-11-09','Donec dapibus.'),(816,10,851,283,332,3,1,'2018-01-11','2018-03-21','Aliquam augue quam, sollicitudin vitae, consectetuer eget, rutrum at, lorem.'),(817,6,962,82,226,2,3,'2016-01-04','2016-02-12','In quis justo. Maecenas rhoncus aliquam lacus. Morbi quis tortor id nulla ultrices aliquet.'),(818,6,408,35,175,3,2,'2016-03-15','2016-06-22','Vivamus in felis eu sapien cursus vestibulum.'),(819,5,182,263,193,1,3,'2015-06-02',NULL,'Phasellus sit amet erat. Nulla tempus. Vivamus in felis eu sapien cursus vestibulum.'),(820,4,317,381,167,2,1,'2016-06-12','2016-06-30','Fusce posuere felis sed lacus. Morbi sem mauris, laoreet ut, rhoncus aliquet, pulvinar sed, nisl. Nunc rhoncus dui vel sem.'),(821,12,160,225,294,3,3,'2017-08-19','2018-01-02','Nam nulla.'),(822,15,678,245,134,1,1,'2018-05-20',NULL,'Praesent id massa id nisl venenatis lacinia. Aenean sit amet justo.'),(823,15,972,158,59,2,3,'2016-01-03','2016-04-01','Aliquam augue quam, sollicitudin vitae, consectetuer eget, rutrum at, lorem. Integer tincidunt ante vel ipsum.'),(824,10,814,166,155,1,3,'2017-12-07',NULL,'Duis mattis egestas metus. Aenean fermentum.'),(825,19,833,357,112,2,3,'2016-03-23','2016-05-23','Duis bibendum, felis sed interdum venenatis, turpis enim blandit mi, in porttitor pede justo eu massa. Donec dapibus. Duis at velit eu est congue elementum.'),(826,14,574,113,362,1,3,'2017-11-12',NULL,'Integer tincidunt ante vel ipsum. Praesent blandit lacinia erat. Vestibulum sed magna at nunc commodo placerat.'),(827,13,473,208,265,3,3,'2017-07-18','2017-08-15','Curabitur gravida nisi at nibh. In hac habitasse platea dictumst.'),(828,6,498,121,66,1,3,'2015-08-22',NULL,'Nulla tellus. In sagittis dui vel nisl. Duis ac nibh.'),(829,5,768,267,148,2,2,'2016-03-08','2016-05-13','Ut tellus. Nulla ut erat id mauris vulputate elementum. Nullam varius.'),(830,2,688,157,89,3,1,'2018-11-19','2018-12-10','Ut tellus. Nulla ut erat id mauris vulputate elementum.'),(831,4,538,321,290,1,2,'2016-04-27',NULL,'Nam tristique tortor eu pede.'),(832,14,216,64,316,2,2,'2016-10-06','2016-11-06','Pellentesque ultrices mattis odio. Donec vitae nisi.'),(833,8,140,24,188,1,2,'2015-05-05',NULL,'Cras mi pede, malesuada in, imperdiet et, commodo vulputate, justo. In blandit ultrices enim.'),(834,19,917,78,345,2,3,'2017-09-13','2018-01-20','Proin risus.'),(835,11,248,319,58,3,3,'2016-05-05','2016-06-20','Praesent id massa id nisl venenatis lacinia.'),(836,10,424,237,301,2,3,'2018-02-01','2018-06-25','Integer ac leo. Pellentesque ultrices mattis odio. Donec vitae nisi.'),(837,7,223,35,151,1,3,'2016-07-12',NULL,'Proin interdum mauris non ligula pellentesque ultrices. Phasellus id sapien in sapien iaculis congue. Vivamus metus arcu, adipiscing molestie, hendrerit at, vulputate vitae, nisl.'),(838,14,187,364,123,1,1,'2018-01-17',NULL,'Fusce congue, diam id ornare imperdiet, sapien urna pretium nisl, ut volutpat sapien arcu sed augue.'),(839,3,724,165,124,3,1,'2015-05-05','2015-09-25','Ut tellus. Nulla ut erat id mauris vulputate elementum.'),(840,4,300,262,217,1,3,'2017-01-08',NULL,'Nulla tellus.'),(841,15,178,395,175,3,2,'2018-07-04','2018-08-08','Nunc purus. Phasellus in felis.'),(842,13,903,138,306,3,3,'2015-11-19','2015-12-29','Proin interdum mauris non ligula pellentesque ultrices.'),(843,14,844,91,33,1,3,'2017-06-15',NULL,'Lorem ipsum dolor sit amet, consectetuer adipiscing elit.'),(844,12,395,398,317,3,2,'2016-01-14','2016-01-23','Donec odio justo, sollicitudin ut, suscipit a, feugiat et, eros. Vestibulum ac est lacinia nisi venenatis tristique.'),(845,3,888,387,294,2,2,'2018-01-10','2018-02-27','Ut at dolor quis odio consequat varius. Integer ac leo.'),(846,10,674,202,65,2,1,'2016-12-07','2017-02-04','Morbi odio odio, elementum eu, interdum eu, tincidunt in, leo.'),(847,11,668,257,384,2,3,'2019-01-12','2019-05-20','Aenean lectus. Pellentesque eget nunc. Donec quis orci eget orci vehicula condimentum.'),(848,17,982,344,347,3,1,'2018-01-08','2018-01-16','Morbi porttitor lorem id ligula. Suspendisse ornare consequat lectus.'),(849,17,865,2,345,1,1,'2016-02-21',NULL,'Nulla suscipit ligula in lacus. Curabitur at ipsum ac tellus semper interdum. Mauris ullamcorper purus sit amet nulla.'),(850,18,45,181,316,3,2,'2017-07-13','2017-09-09','Aenean fermentum.'),(851,12,648,4,205,2,3,'2017-10-01','2017-11-03','Pellentesque viverra pede ac diam. Cras pellentesque volutpat dui. Maecenas tristique, est et tempus semper, est quam pharetra magna, ac consequat metus sapien ut nunc.'),(852,2,566,82,9,3,2,'2017-09-04','2017-12-08','Lorem ipsum dolor sit amet, consectetuer adipiscing elit. Proin risus.'),(853,7,701,211,123,3,1,'2017-03-30','2017-08-20','Praesent blandit lacinia erat.'),(854,18,948,82,205,3,1,'2016-01-07','2016-03-25','Aenean auctor gravida sem. Praesent id massa id nisl venenatis lacinia.'),(855,2,104,357,98,1,3,'2017-04-18',NULL,'Suspendisse ornare consequat lectus. In est risus, auctor sed, tristique in, tempus sit amet, sem. Fusce consequat.'),(856,20,397,76,259,1,3,'2018-04-13',NULL,'Aliquam quis turpis eget elit sodales scelerisque. Mauris sit amet eros. Suspendisse accumsan tortor quis turpis.'),(857,9,736,297,176,2,3,'2018-09-16','2018-11-12','Morbi non quam nec dui luctus rutrum. Nulla tellus. In sagittis dui vel nisl.'),(858,17,730,319,33,3,2,'2015-10-09','2016-02-03','Quisque erat eros, viverra eget, congue eget, semper rutrum, nulla.'),(859,16,987,251,152,3,3,'2015-11-05','2015-12-02','Integer non velit. Donec diam neque, vestibulum eget, vulputate ut, ultrices vel, augue.'),(860,14,881,202,112,1,2,'2019-03-17',NULL,'Suspendisse accumsan tortor quis turpis. Sed ante. Vivamus tortor.'),(861,4,615,323,183,3,1,'2016-06-02','2016-06-27','Aliquam erat volutpat. In congue. Etiam justo.'),(862,19,280,375,175,2,3,'2019-03-08','2019-06-25','Duis bibendum. Morbi non quam nec dui luctus rutrum.'),(863,16,584,396,100,3,3,'2018-03-11','2018-04-08','In quis justo. Maecenas rhoncus aliquam lacus. Morbi quis tortor id nulla ultrices aliquet.'),(864,9,601,220,377,1,3,'2016-06-16',NULL,'Aliquam non mauris.'),(865,20,939,252,142,3,1,'2015-06-10','2015-10-19','In est risus, auctor sed, tristique in, tempus sit amet, sem.'),(866,15,490,284,87,2,1,'2015-12-07','2016-02-06','In tempor, turpis nec euismod scelerisque, quam turpis adipiscing lorem, vitae mattis nibh ligula nec sem. Duis aliquam convallis nunc.'),(867,8,816,252,152,3,1,'2017-12-07','2017-12-24','Nam congue, risus semper porta volutpat, quam pede lobortis ligula, sit amet eleifend pede libero quis orci. Nullam molestie nibh in lectus.'),(868,20,575,25,174,2,3,'2018-12-30','2019-03-27','Nullam varius. Nulla facilisi. Cras non velit nec nisi vulputate nonummy.'),(869,19,264,190,256,3,3,'2018-11-01','2019-01-16','Nulla nisl. Nunc nisl.'),(870,17,537,43,106,3,2,'2018-04-27','2018-08-12','Maecenas ut massa quis augue luctus tincidunt. Nulla mollis molestie lorem.'),(871,17,142,305,101,2,3,'2018-09-17','2019-01-13','Curabitur at ipsum ac tellus semper interdum.'),(872,8,42,12,41,3,3,'2017-04-30','2017-06-14','Cras pellentesque volutpat dui.'),(873,20,385,94,365,2,2,'2016-09-05','2016-09-06','In sagittis dui vel nisl. Duis ac nibh.'),(874,3,949,78,264,2,3,'2016-06-30','2016-10-31','Nulla justo. Aliquam quis turpis eget elit sodales scelerisque. Mauris sit amet eros.'),(875,2,857,197,97,1,1,'2019-01-20',NULL,'Morbi vestibulum, velit id pretium iaculis, diam erat fermentum justo, nec condimentum neque sapien placerat ante. Nulla justo.'),(876,5,191,166,184,3,2,'2016-02-19','2016-03-04','Aliquam quis turpis eget elit sodales scelerisque. Mauris sit amet eros.'),(877,10,565,190,353,1,1,'2017-06-18',NULL,'Sed vel enim sit amet nunc viverra dapibus. Nulla suscipit ligula in lacus. Curabitur at ipsum ac tellus semper interdum.'),(878,1,280,364,131,3,2,'2019-03-02','2019-06-23','Nunc rhoncus dui vel sem. Sed sagittis.'),(879,6,610,157,335,1,2,'2017-07-24',NULL,'Nullam orci pede, venenatis non, sodales sed, tincidunt eu, felis. Fusce posuere felis sed lacus. Morbi sem mauris, laoreet ut, rhoncus aliquet, pulvinar sed, nisl.'),(880,16,289,395,149,2,2,'2016-01-26','2016-05-28','Fusce posuere felis sed lacus. Morbi sem mauris, laoreet ut, rhoncus aliquet, pulvinar sed, nisl. Nunc rhoncus dui vel sem.'),(881,19,275,208,9,1,2,'2017-02-02',NULL,'Quisque ut erat. Curabitur gravida nisi at nibh. In hac habitasse platea dictumst.'),(882,15,167,70,69,2,1,'2017-07-04','2017-09-30','Nulla tellus. In sagittis dui vel nisl.'),(883,8,137,310,79,2,2,'2019-03-22','2019-07-31','Cum sociis natoque penatibus et magnis dis parturient montes, nascetur ridiculus mus. Vivamus vestibulum sagittis sapien.'),(884,8,725,76,222,2,3,'2015-08-26','2015-12-18','Nullam molestie nibh in lectus.'),(885,13,387,169,149,3,2,'2015-08-22','2015-11-05','Duis mattis egestas metus. Aenean fermentum.'),(886,18,883,25,155,2,3,'2016-09-13','2016-12-20','Integer aliquet, massa id lobortis convallis, tortor risus dapibus augue, vel accumsan tellus nisi eu orci.'),(887,15,829,78,248,2,3,'2018-04-16','2018-08-15','Pellentesque viverra pede ac diam. Cras pellentesque volutpat dui.'),(888,2,178,177,212,3,1,'2018-07-05','2018-08-04','Morbi quis tortor id nulla ultrices aliquet. Maecenas leo odio, condimentum id, luctus nec, molestie sed, justo. Pellentesque viverra pede ac diam.'),(889,5,116,326,222,1,3,'2015-07-21',NULL,'Pellentesque viverra pede ac diam. Cras pellentesque volutpat dui. Maecenas tristique, est et tempus semper, est quam pharetra magna, ac consequat metus sapien ut nunc.'),(890,10,137,261,215,3,1,'2019-03-19','2019-07-28','Donec ut mauris eget massa tempor convallis.'),(891,4,691,280,118,3,1,'2017-07-05','2017-07-23','Integer aliquet, massa id lobortis convallis, tortor risus dapibus augue, vel accumsan tellus nisi eu orci.'),(892,9,42,169,119,3,2,'2017-04-30','2017-06-14','Vestibulum ante ipsum primis in faucibus orci luctus et ultrices posuere cubilia Curae; Donec pharetra, magna vestibulum aliquet ultrices, erat tortor sollicitudin mi, sit amet lobortis sapien sapien non mi. Integer ac neque.'),(893,9,814,319,179,1,1,'2017-12-06',NULL,'Suspendisse potenti. Nullam porttitor lacus at turpis. Donec posuere metus vitae ipsum.'),(894,7,909,27,227,1,1,'2016-10-07',NULL,'Vestibulum rutrum rutrum neque. Aenean auctor gravida sem.'),(895,8,84,323,151,2,2,'2017-12-27','2018-05-09','Donec ut dolor. Morbi vel lectus in quam fringilla rhoncus.'),(896,16,203,344,277,1,3,'2016-09-10',NULL,'Etiam faucibus cursus urna. Ut tellus. Nulla ut erat id mauris vulputate elementum.'),(897,4,611,53,242,1,1,'2016-07-24',NULL,'Nam ultrices, libero non mattis pulvinar, nulla pede ullamcorper augue, a suscipit nulla elit ac nulla. Sed vel enim sit amet nunc viverra dapibus. Nulla suscipit ligula in lacus.'),(898,14,234,261,110,2,2,'2016-08-20','2016-09-22','Fusce posuere felis sed lacus. Morbi sem mauris, laoreet ut, rhoncus aliquet, pulvinar sed, nisl. Nunc rhoncus dui vel sem.'),(899,4,948,370,57,3,2,'2016-01-06','2016-03-29','Fusce consequat. Nulla nisl.'),(900,15,312,195,315,2,2,'2018-11-30','2019-01-04','Nulla facilisi. Cras non velit nec nisi vulputate nonummy.'),(901,6,270,374,334,1,1,'2016-07-16',NULL,'Curabitur in libero ut massa volutpat convallis.'),(902,11,705,67,161,3,3,'2018-07-13','2018-10-28','Cum sociis natoque penatibus et magnis dis parturient montes, nascetur ridiculus mus.'),(903,16,386,224,66,3,1,'2017-08-20','2017-11-20','Maecenas ut massa quis augue luctus tincidunt. Nulla mollis molestie lorem. Quisque ut erat.'),(904,18,655,203,315,2,1,'2017-05-15','2017-06-28','Curabitur convallis. Duis consequat dui nec nisi volutpat eleifend.'),(905,1,804,287,317,1,2,'2016-07-08',NULL,'Integer tincidunt ante vel ipsum. Praesent blandit lacinia erat.'),(906,11,587,257,222,1,2,'2015-10-06',NULL,'Integer non velit. Donec diam neque, vestibulum eget, vulputate ut, ultrices vel, augue. Vestibulum ante ipsum primis in faucibus orci luctus et ultrices posuere cubilia Curae; Donec pharetra, magna vestibulum aliquet ultrices, erat tortor sollicitudin mi, sit amet lobortis sapien sapien non mi.'),(907,16,155,204,163,2,1,'2016-08-13','2016-09-21','Proin risus.'),(908,18,329,372,88,2,1,'2017-01-02','2017-05-07','Nulla mollis molestie lorem. Quisque ut erat. Curabitur gravida nisi at nibh.'),(909,3,542,372,215,3,1,'2018-03-29','2018-06-25','Quisque erat eros, viverra eget, congue eget, semper rutrum, nulla.'),(910,17,780,287,112,2,1,'2016-08-22','2016-11-17','Vestibulum sed magna at nunc commodo placerat.'),(911,16,347,364,101,1,2,'2017-10-01',NULL,'Aliquam non mauris. Morbi non lectus. Aliquam sit amet diam in magna bibendum imperdiet.'),(912,3,900,53,118,3,3,'2016-09-12','2016-09-21','Cras in purus eu magna vulputate luctus.'),(913,7,926,202,123,1,2,'2016-01-31',NULL,'Curabitur convallis. Duis consequat dui nec nisi volutpat eleifend.'),(914,1,847,218,150,2,1,'2016-07-07','2016-09-09','Mauris enim leo, rhoncus sed, vestibulum sit amet, cursus id, turpis. Integer aliquet, massa id lobortis convallis, tortor risus dapibus augue, vel accumsan tellus nisi eu orci.'),(915,3,354,136,119,3,1,'2015-12-21','2016-03-13','Fusce congue, diam id ornare imperdiet, sapien urna pretium nisl, ut volutpat sapien arcu sed augue. Aliquam erat volutpat. In congue.'),(916,7,771,244,199,1,2,'2016-10-10',NULL,'Vestibulum ac est lacinia nisi venenatis tristique. Fusce congue, diam id ornare imperdiet, sapien urna pretium nisl, ut volutpat sapien arcu sed augue. Aliquam erat volutpat.'),(917,18,805,190,363,1,1,'2016-05-02',NULL,'Etiam vel augue.'),(918,1,169,288,376,1,2,'2015-10-18',NULL,'Phasellus sit amet erat.'),(919,18,707,346,88,2,2,'2018-10-18','2018-12-12','Vestibulum ante ipsum primis in faucibus orci luctus et ultrices posuere cubilia Curae; Donec pharetra, magna vestibulum aliquet ultrices, erat tortor sollicitudin mi, sit amet lobortis sapien sapien non mi. Integer ac neque.'),(920,17,73,6,129,1,3,'2017-11-03',NULL,'Mauris sit amet eros. Suspendisse accumsan tortor quis turpis. Sed ante.'),(921,15,683,26,200,1,1,'2017-12-09',NULL,'Suspendisse accumsan tortor quis turpis. Sed ante.'),(922,8,338,138,293,2,1,'2016-04-30','2016-08-05','Integer ac neque. Duis bibendum. Morbi non quam nec dui luctus rutrum.'),(923,9,635,344,231,3,2,'2015-07-02','2015-09-21','Donec dapibus. Duis at velit eu est congue elementum. In hac habitasse platea dictumst.'),(924,18,810,284,75,1,3,'2018-04-11',NULL,'Mauris sit amet eros. Suspendisse accumsan tortor quis turpis.'),(925,13,647,25,295,2,2,'2017-07-17','2017-11-07','Sed accumsan felis. Ut at dolor quis odio consequat varius. Integer ac leo.'),(926,15,483,267,362,1,3,'2015-11-12',NULL,'Morbi non lectus.'),(927,18,353,146,59,1,3,'2018-05-22',NULL,'Nullam molestie nibh in lectus. Pellentesque at nulla.'),(928,10,385,145,215,3,3,'2016-09-01','2016-09-06','Nulla tellus. In sagittis dui vel nisl.'),(929,17,98,331,112,2,1,'2017-10-08','2017-12-25','Vivamus in felis eu sapien cursus vestibulum. Proin eu mi. Nulla ac enim.'),(930,8,449,51,222,1,1,'2018-07-21',NULL,'Nunc nisl.'),(931,10,800,104,124,1,2,'2016-05-02',NULL,'Morbi non lectus. Aliquam sit amet diam in magna bibendum imperdiet.'),(932,7,672,138,382,1,1,'2015-09-25',NULL,'Nullam sit amet turpis elementum ligula vehicula consequat. Morbi a ipsum. Integer a nibh.'),(933,11,656,178,29,1,3,'2015-10-09',NULL,'Maecenas ut massa quis augue luctus tincidunt.'),(934,12,78,344,120,2,3,'2019-03-19','2019-06-20','Aliquam augue quam, sollicitudin vitae, consectetuer eget, rutrum at, lorem.'),(935,15,590,203,112,3,3,'2015-11-20','2015-12-17','Praesent blandit. Nam nulla. Integer pede justo, lacinia eget, tincidunt eget, tempus vel, pede.'),(936,11,919,53,259,2,1,'2017-06-04','2017-10-15','Vestibulum sed magna at nunc commodo placerat. Praesent blandit.'),(937,19,749,216,50,2,2,'2016-11-11','2016-11-21','Pellentesque viverra pede ac diam. Cras pellentesque volutpat dui.'),(938,1,56,18,337,1,2,'2016-11-05',NULL,'Nunc purus. Phasellus in felis.'),(939,3,540,103,119,2,3,'2017-02-18','2017-04-08','Curabitur convallis. Duis consequat dui nec nisi volutpat eleifend. Donec ut dolor.'),(940,15,763,379,87,1,3,'2018-04-02',NULL,'Aliquam erat volutpat.'),(941,5,457,255,231,1,3,'2016-04-10',NULL,'Proin eu mi. Nulla ac enim. In tempor, turpis nec euismod scelerisque, quam turpis adipiscing lorem, vitae mattis nibh ligula nec sem.'),(942,2,144,39,131,1,2,'2015-08-18',NULL,'Integer ac leo.'),(943,5,282,181,176,1,3,'2016-11-25',NULL,'In hac habitasse platea dictumst. Aliquam augue quam, sollicitudin vitae, consectetuer eget, rutrum at, lorem.'),(944,18,901,210,102,1,2,'2016-05-23',NULL,'Ut tellus. Nulla ut erat id mauris vulputate elementum. Nullam varius.'),(945,15,697,237,242,2,1,'2018-04-29','2018-08-20','Vestibulum ante ipsum primis in faucibus orci luctus et ultrices posuere cubilia Curae; Mauris viverra diam vitae quam.'),(946,7,299,236,69,3,3,'2017-10-18','2017-12-27','Integer aliquet, massa id lobortis convallis, tortor risus dapibus augue, vel accumsan tellus nisi eu orci. Mauris lacinia sapien quis libero. Nullam sit amet turpis elementum ligula vehicula consequat.'),(947,18,648,340,36,3,3,'2017-09-28','2017-11-02','Donec diam neque, vestibulum eget, vulputate ut, ultrices vel, augue.'),(948,13,402,240,301,2,3,'2019-03-25','2019-06-24','Quisque arcu libero, rutrum ac, lobortis vel, dapibus at, diam. Nam tristique tortor eu pede.'),(949,17,168,82,72,2,2,'2018-07-10','2018-11-28','Integer ac leo. Pellentesque ultrices mattis odio. Donec vitae nisi.'),(950,11,358,91,135,2,1,'2017-10-10','2017-12-19','Nulla mollis molestie lorem.'),(951,6,923,220,248,3,2,'2016-06-09','2016-10-24','Maecenas rhoncus aliquam lacus. Morbi quis tortor id nulla ultrices aliquet.'),(952,8,969,181,265,2,1,'2018-08-10','2018-12-15','Proin at turpis a pede posuere nonummy.'),(953,9,317,246,362,3,3,'2016-06-09','2016-07-04','Nulla facilisi. Cras non velit nec nisi vulputate nonummy. Maecenas tincidunt lacus at velit.'),(954,16,91,170,59,3,2,'2018-11-11','2019-01-11','Maecenas tristique, est et tempus semper, est quam pharetra magna, ac consequat metus sapien ut nunc.'),(955,2,214,346,317,1,1,'2015-11-16',NULL,'Maecenas tristique, est et tempus semper, est quam pharetra magna, ac consequat metus sapien ut nunc.'),(956,4,818,280,348,2,3,'2016-01-06','2016-04-09','Integer ac neque. Duis bibendum.'),(957,9,387,78,163,2,2,'2015-08-22','2015-11-06','Nulla tellus. In sagittis dui vel nisl. Duis ac nibh.'),(958,4,926,190,212,1,2,'2016-02-04',NULL,'In est risus, auctor sed, tristique in, tempus sit amet, sem. Fusce consequat. Nulla nisl.'),(959,3,319,262,122,3,1,'2016-10-29','2016-12-26','In hac habitasse platea dictumst.'),(960,6,483,216,118,1,3,'2015-11-09',NULL,'Vestibulum ante ipsum primis in faucibus orci luctus et ultrices posuere cubilia Curae; Mauris viverra diam vitae quam.'),(961,9,864,136,362,3,1,'2017-02-15','2017-03-10','Donec diam neque, vestibulum eget, vulputate ut, ultrices vel, augue. Vestibulum ante ipsum primis in faucibus orci luctus et ultrices posuere cubilia Curae; Donec pharetra, magna vestibulum aliquet ultrices, erat tortor sollicitudin mi, sit amet lobortis sapien sapien non mi.'),(962,14,700,202,376,3,3,'2016-06-06','2016-08-16','Donec diam neque, vestibulum eget, vulputate ut, ultrices vel, augue.'),(963,19,613,2,110,2,1,'2016-02-04','2016-06-02','Integer a nibh. In quis justo.'),(964,11,54,391,167,2,1,'2016-06-12','2016-07-22','Nulla nisl.'),(965,16,36,108,97,1,1,'2016-06-06',NULL,'Lorem ipsum dolor sit amet, consectetuer adipiscing elit. Proin interdum mauris non ligula pellentesque ultrices.'),(966,18,548,246,307,1,3,'2017-11-07',NULL,'In hac habitasse platea dictumst. Morbi vestibulum, velit id pretium iaculis, diam erat fermentum justo, nec condimentum neque sapien placerat ante. Nulla justo.'),(967,6,730,12,47,3,2,'2015-10-12','2016-01-31','Vestibulum ante ipsum primis in faucibus orci luctus et ultrices posuere cubilia Curae; Duis faucibus accumsan odio.'),(968,20,235,198,118,3,3,'2016-08-10','2016-12-25','Cras in purus eu magna vulputate luctus. Cum sociis natoque penatibus et magnis dis parturient montes, nascetur ridiculus mus.'),(969,10,398,113,306,1,1,'2015-09-07',NULL,'Cum sociis natoque penatibus et magnis dis parturient montes, nascetur ridiculus mus. Vivamus vestibulum sagittis sapien. Cum sociis natoque penatibus et magnis dis parturient montes, nascetur ridiculus mus.'),(970,8,324,76,129,1,3,'2018-06-08',NULL,'Donec vitae nisi.'),(971,12,831,211,41,2,1,'2016-08-11','2016-09-23','Suspendisse ornare consequat lectus. In est risus, auctor sed, tristique in, tempus sit amet, sem.'),(972,20,683,223,376,1,3,'2017-12-06',NULL,'Etiam pretium iaculis justo. In hac habitasse platea dictumst.'),(973,6,119,391,72,2,3,'2018-11-11','2018-12-14','Integer a nibh.'),(974,17,984,103,123,3,3,'2017-01-03','2017-03-18','Nullam molestie nibh in lectus.'),(975,20,642,284,250,1,1,'2019-01-18',NULL,'Mauris enim leo, rhoncus sed, vestibulum sit amet, cursus id, turpis.'),(976,17,217,340,233,1,3,'2018-03-17',NULL,'Morbi vestibulum, velit id pretium iaculis, diam erat fermentum justo, nec condimentum neque sapien placerat ante. Nulla justo.'),(977,4,241,381,359,2,2,'2018-02-19','2018-05-09','Duis bibendum, felis sed interdum venenatis, turpis enim blandit mi, in porttitor pede justo eu massa. Donec dapibus. Duis at velit eu est congue elementum.'),(978,15,69,267,393,3,3,'2016-10-01','2016-12-18','Nullam porttitor lacus at turpis. Donec posuere metus vitae ipsum. Aliquam non mauris.'),(979,16,490,319,350,3,3,'2015-12-06','2016-02-03','Curabitur in libero ut massa volutpat convallis. Morbi odio odio, elementum eu, interdum eu, tincidunt in, leo.'),(980,9,179,326,36,3,3,'2015-04-18','2015-06-27','Nulla facilisi. Cras non velit nec nisi vulputate nonummy. Maecenas tincidunt lacus at velit.'),(981,3,899,373,337,2,2,'2017-04-04','2017-04-21','Proin eu mi. Nulla ac enim.'),(982,13,803,7,102,1,1,'2016-07-05',NULL,'Ut at dolor quis odio consequat varius. Integer ac leo.'),(983,7,229,308,241,1,2,'2018-07-26',NULL,'Vestibulum ante ipsum primis in faucibus orci luctus et ultrices posuere cubilia Curae; Mauris viverra diam vitae quam. Suspendisse potenti. Nullam porttitor lacus at turpis.'),(984,8,809,39,294,3,2,'2016-05-09','2016-06-20','Aenean auctor gravida sem.'),(985,14,157,283,75,3,3,'2016-01-29','2016-06-01','Vivamus vel nulla eget eros elementum pellentesque.'),(986,8,85,313,29,2,2,'2017-11-10','2017-11-14','Duis bibendum, felis sed interdum venenatis, turpis enim blandit mi, in porttitor pede justo eu massa.'),(987,10,653,276,50,2,2,'2016-04-24','2016-07-20','Fusce posuere felis sed lacus.'),(988,15,399,138,101,1,3,'2016-03-15',NULL,'Aenean lectus. Pellentesque eget nunc.'),(989,1,678,35,65,1,2,'2018-05-19',NULL,'Duis at velit eu est congue elementum. In hac habitasse platea dictumst. Morbi vestibulum, velit id pretium iaculis, diam erat fermentum justo, nec condimentum neque sapien placerat ante.'),(990,17,444,329,294,3,2,'2017-08-15','2017-12-27','In est risus, auctor sed, tristique in, tempus sit amet, sem. Fusce consequat. Nulla nisl.'),(991,13,706,381,353,2,3,'2018-05-04','2018-06-17','Pellentesque viverra pede ac diam.'),(992,4,898,355,73,2,2,'2019-03-18','2019-04-02','Morbi non lectus. Aliquam sit amet diam in magna bibendum imperdiet.'),(993,2,955,45,215,1,3,'2018-12-13',NULL,'Cum sociis natoque penatibus et magnis dis parturient montes, nascetur ridiculus mus. Etiam vel augue.'),(994,12,64,240,350,3,1,'2015-12-11','2016-04-03','Quisque erat eros, viverra eget, congue eget, semper rutrum, nulla.'),(995,9,844,94,307,1,1,'2017-06-20',NULL,'Phasellus sit amet erat.'),(996,7,36,90,365,1,2,'2016-06-09',NULL,'Lorem ipsum dolor sit amet, consectetuer adipiscing elit.'),(997,16,475,398,125,3,1,'2018-05-29','2018-10-13','Nulla nisl. Nunc nisl. Duis bibendum, felis sed interdum venenatis, turpis enim blandit mi, in porttitor pede justo eu massa.'),(998,2,1,319,89,1,3,'2017-01-08',NULL,'In eleifend quam a odio. In hac habitasse platea dictumst.'),(999,17,359,364,318,2,2,'2017-11-19','2018-03-04','Nunc purus.'),(1000,9,970,147,150,3,3,'2015-05-15','2015-05-20','Nullam orci pede, venenatis non, sodales sed, tincidunt eu, felis. Fusce posuere felis sed lacus.');
/*!40000 ALTER TABLE `tasks` ENABLE KEYS */;
UNLOCK TABLES;

--
-- Table structure for table `todo_desc_ref`
--

DROP TABLE IF EXISTS `todo_desc_ref`;
/*!40101 SET @saved_cs_client     = @@character_set_client */;
/*!40101 SET character_set_client = utf8 */;
CREATE TABLE `todo_desc_ref` (
  `TODO_DESC_ID` int(11) NOT NULL,
  `TODO_DESC` varchar(100) DEFAULT NULL,
  PRIMARY KEY (`TODO_DESC_ID`)
) ENGINE=InnoDB DEFAULT CHARSET=utf8;
/*!40101 SET character_set_client = @saved_cs_client */;

--
-- Dumping data for table `todo_desc_ref`
--

LOCK TABLES `todo_desc_ref` WRITE;
/*!40000 ALTER TABLE `todo_desc_ref` DISABLE KEYS */;
INSERT INTO `todo_desc_ref` VALUES (1,'Send e-mail'),(2,'Phone call'),(3,'Meeting'),(4,'Documents'),(5,'Presentation'),(6,'Reading'),(7,'Documentation'),(8,'Trip'),(9,'Planning'),(10,'Mail'),(11,'Make an order'),(12,'Delivery'),(13,'Search for information'),(14,'Customer research'),(15,'Take photos'),(16,'Make a decision'),(17,'Write an article'),(18,'Contract'),(19,'Oher'),(20,'Working hard');
/*!40000 ALTER TABLE `todo_desc_ref` ENABLE KEYS */;
UNLOCK TABLES;

--
-- Table structure for table `user_inform`
--

DROP TABLE IF EXISTS `user_inform`;
/*!40101 SET @saved_cs_client     = @@character_set_client */;
/*!40101 SET character_set_client = utf8 */;
CREATE TABLE `user_inform` (
  `ID` int(11) NOT NULL AUTO_INCREMENT,
  `EMP_ID` int(11) NOT NULL,
  `LOGIN` varchar(50) NOT NULL,
  `PASSWORD` varchar(50) NOT NULL,
  PRIMARY KEY (`ID`),
  KEY `EMP_ID` (`EMP_ID`)
) ENGINE=InnoDB AUTO_INCREMENT=414 DEFAULT CHARSET=utf8;
/*!40101 SET character_set_client = @saved_cs_client */;

--
-- Dumping data for table `user_inform`
--

LOCK TABLES `user_inform` WRITE;
/*!40000 ALTER TABLE `user_inform` DISABLE KEYS */;
INSERT INTO `user_inform` VALUES (1,1,'aniela','Qwerty123'),(2,2,'mngr','123'),(5,5,'emp_t','123'),(6,6,'lstrange5','R8iar0'),(7,7,'srummin6','ZrTcKXQmNh'),(8,8,'mgurling7','CcToEOf'),(10,10,'ikermeen9','V5HuSb36j5d7'),(11,11,'kgatelya','ZI4B5J'),(12,12,'jglewb','4pXQvdEDll21'),(13,13,'amougeot710','qwe123RTY'),(14,14,'cvictoriad','VTJmyq'),(15,15,'arymoure','XJSWSPyEB'),(16,16,'gfairbridgef','fU0vFs7u'),(17,17,'bharmestong','hKt9aki5'),(18,18,'gcorretth','6Um7qo1y3pfy'),(19,19,'lsiviteri','t89pJ81OIef'),(20,20,'ssilwoodj','PdNl8BTR0'),(21,21,'psinghk','4I2SaoVmeFGJ'),(22,22,'knorvillel','kT7pYEmzek'),(23,23,'jaxworthym','qpDzerJS5Y'),(24,24,'gbartolicn','1casW9Yt1Hc'),(25,25,'bnewcomeno','lSgnSpyg'),(26,26,'pkrausep','J9UaocvmpG'),(27,27,'osutworthq','rF3WgErquUT'),(28,28,'igasonr','qMFIFqMXr'),(29,29,'cgowmans','rl0p0z7p'),(30,30,'kgillisont','VCI5xGerPTus'),(31,31,'gjannequinu','5PaNcO'),(32,32,'aperigov','2uTN8a4'),(33,33,'kcastletonw','KjWdBX5J0'),(34,34,'smaccaugheyx','0iUJcN4wJEOt'),(35,35,'sstelley','0a65nOc'),(36,36,'jburwellz','m8lVyx9'),(37,37,'dmeaden10','YRqD2Lk'),(38,38,'fswafield11','ohctBYFyw6'),(39,39,'dbuckles12','ErIATHT5C'),(40,40,'rbowhay13','cNw3tA6mAciD'),(41,41,'qpyke14','nauq46r'),(42,42,'pkenninghan15','5XWw7705qhiD'),(43,43,'shousaman16','9XncWJs'),(44,44,'fcaisley17','Bphoe4'),(45,45,'lzamorrano18','wq2UiVTfhx1'),(46,46,'kcaudwell19','mXfUxXN52'),(47,47,'mrollo1a','G0hCiwHJyABe'),(48,48,'eboscher1b','Mj5BeteQ8P'),(49,49,'nholtaway1c','eqhkpU7qF'),(50,50,'sclout1d','mKEm2wXKw6qC'),(51,51,'mmahaffey1e','gtjx6TgZ'),(52,52,'sgautrey1f','vD8OtApPO'),(53,53,'npinor1g','qHSJavm3A'),(54,54,'wbrydell1h','arrWnOle0W'),(55,55,'gespinho1i','M18zocTfzo6'),(56,56,'ipett1j','V66OFW71S5'),(57,57,'cbatterson1k','kl77VX'),(58,58,'mrushbury1l','DQiw2sx'),(59,59,'bdryburgh1m','TM4uqY9okHO'),(60,60,'ybottrill1n','tTbBvGZ'),(61,61,'mspavins1o','Aez8GuvP9'),(62,62,'cfuge1p','IQojItkHY'),(63,63,'kcasaro1q','LuNXe1LlX27Z'),(64,64,'rwillis1r','qZc03Gdx'),(65,65,'fmulliner1s','P5j4ly'),(66,66,'jmanston1t','bbf42L08fg'),(67,67,'gbungey1u','qMSyvB2vPD'),(68,68,'wbartocci1v','ip7xz4U7z8Bq'),(69,69,'kbeane1w','dvFF1EndqMs'),(70,70,'bgrowcott1x','AlrZopiOD'),(71,71,'drodders1y','V0SrTr6'),(72,72,'scopson1z','68NzNvX39jB'),(73,73,'tmayfield20','IjzaH9cmVnk6'),(74,74,'tromao21','XRY4ovrcq'),(75,75,'wkhilkov22','UsvmhwlGk6hQ'),(76,76,'tdeans23','NxOvLeXhmgaN'),(77,77,'troffey24','Y5UQ6aT'),(78,78,'tfoxworthy25','M42lTKsWjGEL'),(79,79,'cmaceur26','7enpEt3e7'),(80,80,'mlawrie27','vBPrqEmgRYdw'),(81,81,'vpourvoieur28','Te5dBU1cTN'),(82,82,'asandwick29','VNR4mz1'),(83,83,'abenjafield2a','9hh9duA'),(84,84,'imcgunley2b','sPClxGgm85H'),(85,85,'stopp2c','SypLuW'),(86,86,'bhunn2d','cm3FZ3'),(87,87,'jlarkins2e','m2E6twH0'),(88,88,'jrojel2f','PTnvf98se'),(89,89,'jsantostefano2g','oeI2gK'),(90,90,'cstegel2h','OdxWth7Ijv'),(91,91,'qgosdin2i','Anjkffoe'),(92,92,'rmahony2j','A2990SpbhWr'),(93,93,'mleece2k','cvR4rZ'),(94,94,'amozzini2l','zJJrrIIhHx'),(95,95,'hhowsley2m','nH8sPq9KZu'),(96,96,'cpenhall2n','PgRODaFxG0R'),(97,97,'maron2o','OCqYtJGFle'),(98,98,'vramelot2p','N2ZxdmKw'),(99,99,'sbrundle2q','eVwPFCp'),(100,100,'mnehlsen2r','qyFq4KJ80'),(101,101,'svertigan2s','iIZc7jz'),(102,102,'mstanners2t','ZIqlUH'),(103,103,'lokuddyhy2u','v2k8TBs7'),(104,104,'estracey2v','5Qj3X9Ka6tw'),(105,105,'gmulqueen2w','PIgMCBNl'),(106,106,'sbidgood2x','4GiSMx16iPfb'),(107,107,'fritzman2y','cA5l1B7sT'),(108,108,'jsnazle2z','DKtYYNc0E7m'),(109,109,'hmayler30','9tqSvJ6812b'),(110,110,'atulloch31','HhCBa9'),(111,111,'hdavoren32','Vo7nQTc3ZM'),(112,112,'ljaffra33','zscHWOQt'),(113,113,'bmacvagh34','i8K6yyWoh'),(114,114,'tkhomishin35','KFwNum'),(115,115,'ddolohunty36','aT1OvJkNP'),(116,116,'mdubique37','SfmQfd1eEX'),(117,117,'cheskin38','jB5T7BYX'),(118,118,'adeeprose39','9EiKFDIF'),(119,119,'gvanyashkin3a','sVTHC2'),(120,120,'edowngate3b','pjrJa8gl'),(121,121,'jraith3c','KXAQtaYlAnqf'),(122,122,'mgoning3d','YOilDSF1'),(123,123,'klivingston3e','YAKBiIBgzKbg'),(124,124,'ddepka3f','rKhxgE'),(125,125,'cpol3g','NOL35K'),(126,126,'nhowford3h','hxCTRvp'),(127,127,'geliesco3i','jfBdqBMQs'),(128,128,'mmacmearty3j','lvcDx0lnM'),(129,129,'loehme3k','nU90J0'),(130,130,'lbirkenhead3l','mjEqFdV1nTi'),(131,131,'cjessope3m','v7oOjr2L'),(132,132,'stook3n','dxDu1r'),(133,133,'leggers3o','QKasIgos03'),(134,134,'cmackean3p','6eTnK5csBc'),(135,135,'bfranzini3q','t0g2sWIAJ'),(136,136,'lcoats3r','d2kMXWK'),(137,137,'msprey3s','EhbRNWKE'),(138,138,'mmelville3t','tfkROKtX0p'),(139,139,'blowthorpe3u','d6X7PcDtIl'),(140,140,'adrayson3v','cXm0AYAUJDmJ'),(141,141,'fbiggar3w','4IB0v2J9KqT'),(142,142,'mlambird3x','FKpPMMr'),(143,143,'bcallis3y','pAdmcZX'),(144,144,'nscardafield3z','52M3UJl47D'),(145,145,'wricks40','NnfZ8yA5'),(146,146,'pstanistrete41','pLmKh1Bng'),(147,147,'cmardle42','2dyA5uTI'),(148,148,'dkinchington43','nj3wC70'),(149,149,'pharrismith44','9KMJvnG'),(150,150,'fdulany45','cxroRbLm3'),(151,151,'hlowthorpe46','9TrRLtDB4v7V'),(152,152,'ppautot47','Lrh7fHK'),(153,153,'gpickvance48','xttjWXw'),(154,154,'byegorov49','IasRDxooh'),(155,155,'jmcnaught4a','nMiAAY19H1'),(156,156,'sbushell4b','ZuXLlBBL'),(157,157,'scattonnet4c','BCQfiJ'),(158,158,'rhuman4d','2KrxDnc'),(159,159,'myude4e','1VnUv19fbR0'),(160,160,'vpeters4f','qXqtur7l6zo'),(161,161,'mburnyeat4g','z3CgFWRh'),(162,162,'jperell4h','1YbJNmD32'),(163,163,'ecasetta4i','I6Bzkt'),(164,164,'apozzo4j','p1WpdvJfXmdy'),(165,165,'tblock4k','gC9e5N'),(166,166,'cpache4l','Tk3OiuYnDX87'),(167,167,'sweild4m','SBAKILu'),(168,168,'ebushell4n','h006Qz1fkM'),(169,169,'twippermann4o','AYiH92wxt02'),(170,170,'komoylan4p','hLztpf'),(171,171,'rmakinson4q','JUQzvVKT'),(172,172,'asirette4r','l4p4flC'),(173,173,'afarryan4s','bomF2aJhb'),(174,174,'gpedler4t','aO2D3Jc'),(175,175,'fsheaber4u','OQbjd7m'),(176,176,'irubinchik4v','IoFVU0ac'),(177,177,'jstreeten4w','Po7Gic9sL'),(178,178,'lcrosi4x','WRgnuyew'),(179,179,'gmobius4y','F9YJgEEjnfUf'),(180,180,'lshevels4z','LQRLeYnTLbfc'),(181,181,'amacgeffen50','DfYnSqMd1I'),(182,182,'phartigan51','fEpWNvKSBx'),(183,183,'asommerfeld52','Cfz7JyW2'),(184,184,'dservant53','gRb5dbMJP1I'),(185,185,'usandercroft54','uy0PDQEo0X'),(186,186,'bbleazard55','NMBzlNzHx7v'),(187,187,'sbeardow56','SXIywTw7CN4c'),(188,188,'aghirigori57','FLpqzSpFujl'),(189,189,'agornar58','pamOy6aSeo'),(190,190,'thaywood59','cGCh35h'),(191,191,'afranchioni5a','Ye8Hagvx'),(192,192,'aslatcher5b','2BEn01'),(193,193,'lgiacometti5c','Xlb9FW'),(194,194,'lmoro5d','JRGlkoh9mv'),(195,195,'blorrie5e','RnEckc'),(196,196,'sfaireclough5f','XHJyd4vLUq'),(197,197,'jpietersen5g','tBQFoJliCJ9J'),(198,198,'aantrobus5h','mhFCdgI'),(199,199,'aradoux5i','cqhlH1'),(200,200,'khorlick5j','7RTtMcxC'),(201,201,'whaton5k','2Pf9LLeMjHnf'),(202,202,'emaddison5l','oiIOyO3YmKO'),(203,203,'mbakesef5m','N1czpWh6'),(204,204,'adambrosi5n','TdcjKXOiYBMM'),(205,205,'cpeekevout5o','U8sPGdVZ'),(206,206,'adudson5p','cHS7GAL9Zz'),(207,207,'lbambery5q','mwVTqQvIBuO6'),(208,208,'scamplen5r','G6cXtCHO'),(209,209,'bkauble5s','4Hm5qN5HVMl'),(210,210,'rspieght5t','XhrnvFD4Wb'),(211,211,'mdaen5u','dPgqCObF'),(212,212,'starpey5v','zCJNsqpH'),(213,213,'mrackam5w','kbOoqF'),(214,214,'msumbler5x','zkRxrfWI'),(215,215,'ntrippack5y','obCCBGTNAQa'),(216,216,'vruckert5z','nAFbLM'),(217,217,'ldugald60','B3mc3qu'),(218,218,'dhaugg61','nGNuIxb79zP'),(219,219,'mpretsell62','2QhUWMWMH6c'),(220,220,'bliveing63','vbcVeZ'),(221,221,'espier64','e7qwtooFr'),(222,222,'hravens65','ZGMljmI1Ni5O'),(223,223,'dbeasant66','IhZ9u0YlGbRk'),(224,224,'vcranefield67','dkGgXFu66'),(225,225,'ameadowcroft68','jlW1Yb2AJD'),(226,226,'gonions69','XKTkfIx'),(227,227,'mcrinkley6a','p6YiYmtJV80'),(228,228,'lpendlington6b','4jAOkQF'),(229,229,'cmiltonwhite6c','XAodQk7pG5sj'),(230,230,'lclynter6d','gVqcjnP'),(231,231,'gneilan6e','kSmGpEIt0Av'),(232,232,'mroma6f','0GAo07gq'),(233,233,'ereidshaw6g','7HSJ161I0i'),(234,234,'sfaull6h','wreLH1'),(235,235,'etaft6i','0hHxdb'),(236,236,'jmackley6j','C9bTCprZKIDG'),(237,237,'lgonsalvo6k','Xou9VyYw8V'),(238,238,'xwilkennson6l','DgMLIrIzRrA'),(239,239,'jhingeley6m','1cvXz1kb3Z'),(240,240,'mpalatino6n','H0g65LnB'),(241,241,'ecastello6o','XJ4O5ZpY1JB'),(242,242,'vlower6p','LPafFPB2'),(243,243,'abelden6q','DmBE7t1g2K'),(244,244,'dbonhill6r','0CH6w38nwtd'),(245,245,'credmain6s','6anEgtViDkRx'),(246,246,'zblowick6t','c44eVZ9wf'),(247,247,'gcordell6u','ioJg6QL'),(248,248,'oyesichev6v','R8gLYtYy'),(249,249,'agooms6w','1iBx8gc'),(250,250,'lstackbridge6x','0mgruR'),(251,251,'sjenicke6y','HFYRLhxtVpI'),(252,252,'nliger6z','TGVocOa8gK'),(253,253,'jgheeorghie70','rFhHBlsPk0'),(254,254,'akinnier71','etmruOzT'),(255,255,'khoutbie72','r3biQibB930K'),(256,256,'livantsov73','tuawbvK'),(257,257,'smcmurty74','RTBIfv6rrp4'),(258,258,'gkopisch75','WPyAbgz2yV1'),(259,259,'mohollegan76','QD2TzJIk'),(260,260,'svondracek77','1VV4o1e4'),(261,261,'mcluff78','4N91LFnb'),(262,262,'cbuntine79','diAOTeJwGu'),(263,263,'eliff7a','cWwMlj'),(264,264,'jmclernon7b','5z3y3v'),(265,265,'ereisenberg7c','XuXGSNjav8o'),(266,266,'cbenger7d','n5fhV9'),(267,267,'ksyalvester7e','stys9v0qj6'),(268,268,'sskeel7f','m1qGvKWZRE'),(269,269,'nglazzard7g','mzeNxns7'),(270,270,'cromanelli7h','GS79KzYe'),(271,271,'ccarslake7i','G7AYHsMnqs'),(272,272,'srumney7j','E8ogeVNxiY'),(273,273,'adymidowicz666','qweQWE123'),(274,274,'oropert7l','CRGGt1uQWBR'),(275,275,'mraulin7m','IPZzQd'),(276,276,'ncozins7n','35GtFZ4W'),(277,277,'smeneghi7o','7p7Y1XWHsRJ'),(278,278,'rbayford7p','B3xR4VvNsrtF'),(279,279,'mmerwood7q','i7Ge5DTR'),(280,280,'ggemnett7r','i8h75cKN8i0'),(281,281,'gbortolussi7s','quKKg56p3'),(282,282,'rfelce7t','2uVz53'),(283,283,'sfeehily7u','iE0Y2eHY'),(284,284,'epahl7v','vPDbksQZ'),(285,285,'jburrells7w','yZbvlH'),(286,286,'clardeux7x','Z8FOaNfLqhom'),(287,287,'wwaterstone7y','OFM9vxcZZ'),(288,288,'aohern7z','MoYDphK'),(289,289,'pullock80','1h3MmOY1f'),(290,290,'dmclemon81','sMwSrDI'),(291,291,'gbakhrushin82','U5MgJPi'),(292,292,'rbaxstair83','w70eOQ7Mx1U4'),(293,293,'ltremoille84','JO0GvVv8KB'),(294,294,'jgomer85','cujgW8jeH8'),(295,295,'bbrigg86','OakIAT1k88'),(296,296,'jmolen87','ImUoIipAbji'),(297,297,'alathom88','mhhh1uz'),(298,298,'vmoynham89','HmOBze'),(299,299,'nemes8a','t2ZbwNKAEPDE'),(300,300,'hruscoe8b','pvLxWu'),(301,301,'kscotson8c','aWzU2eBP'),(302,302,'nparton8d','tgvqGyc'),(303,303,'bphilbrick8e','6G0zT7hdX'),(304,304,'tlerego8f','tzbOnfCdVPK'),(305,305,'egwyllt8g','VQ0hvU'),(306,306,'fmoroney8h','dJ4D5RKMN'),(307,307,'ddebruijn8i','woWplw0xsn'),(308,308,'fwolton8j','lPv7jdbhDTh'),(309,309,'pbenettelli8k','c6jKPKPNKVj'),(310,310,'vcatenot8l','BFVfWm3s'),(311,311,'dpauncefort8m','4YFOOPi'),(312,312,'bleisman8n','vpZpBQh'),(313,313,'rrosengart8o','VL8HyD2oFDfn'),(314,314,'aseppey8p','2QZQzdKEk'),(315,315,'msimioli8q','CpJ1fmpOCPnT'),(316,316,'gtimpany8r','JjUaLW'),(317,317,'acolliver8s','7ojrbXJDc'),(318,318,'ctrewartha8t','V3odt73dkHW'),(319,319,'acattonnet8u','zsTxZWcn'),(320,320,'dthrussell8v','GsKDXNKpsWG'),(321,321,'ggrowcock8w','ro9ja5p'),(322,322,'mgrinham8x','wewsNDYQ0m'),(323,323,'scrowth8y','04AZN7ViZ'),(324,324,'pmatuschek8z','bnEwe6ij794'),(325,325,'ccondon90','SVM89pNLfJ'),(326,326,'tbeastall91','UfbQNVVq'),(327,327,'cpichan92','39aCstO'),(328,328,'tsowden93','57hK1QqqzjLF'),(329,329,'gcrosgrove94','wqK5PTa6o'),(330,330,'dgoult95','slqtl3taX'),(331,331,'swingfield96','Q17iSk7c'),(332,332,'dbruff97','MwLKLMm'),(333,333,'rhallbird98','5AGK5Cc'),(334,334,'acapelow99','fYSnsGSk'),(335,335,'cyandle9a','a8WGQ85'),(336,336,'aracine9b','JmXxzGr'),(337,337,'qmeenehan9c','9camQ7VAVnWh'),(338,338,'adymidowicz286','1Qrtgrbrg'),(339,339,'vroose9e','kU7vSX9Mqh7F'),(340,340,'vbrougham9f','RMiKTQfG'),(341,341,'scoogan9g','17G0QtRTI0'),(342,342,'lwinfrey9h','TXDXEqeepL'),(343,343,'gscrivin9i','iIn9HZZN'),(344,344,'dpiff9j','hIL5Rm2ed'),(345,345,'glenney9k','LrWyMy'),(346,346,'ijimenez9l','txEE7U'),(347,347,'abalffye9m','Kr0BqSOe'),(348,348,'ntivers9n','J2tkOq5ob5'),(349,349,'kdalmeida9o','pLl0b52DAhrU'),(350,350,'dbroady9p','cBGcX8ms'),(351,351,'dstonall9q','1CpSWk'),(352,352,'hvayne9r','DV8rYOy8H'),(353,353,'nburdikin9s','INhwgzC'),(354,354,'gduckworth9t','UkBiKL9Gxfm'),(355,355,'cwharin9u','WEBjlyDBN'),(356,356,'kpawels9v','deYtB5d3CNI'),(357,357,'tbebbington9w','ePSK20Yr94w'),(358,358,'dviggars9x','lnKhzuiHvwp'),(359,359,'jickov9y','uCdEJTHhi'),(360,360,'gbeasley9z','mTw2Ak'),(361,361,'gtoulmina0','bxFp1BGlVGz'),(362,362,'rbrixeya1','urosusZA'),(363,363,'sdufoura2','l0filkw81rj'),(364,364,'crendlea3','LkxasEmdIO'),(365,365,'rruecastlea4','JJ2i1bOg'),(366,366,'tananda5','PDt0Tw9sGaQm'),(367,367,'jmardalla6','pweYqGzwR7P'),(368,368,'tbleackleya7','sCjLXMWHnh'),(369,369,'bschuriga8','VZC1eEq972Ag'),(370,370,'bmaplea9','M7DIhtWJxK'),(371,371,'tmacnamaraaa','7iG91BSFcC'),(372,372,'apreonab','y6M3BsiR7S'),(373,373,'bburkhillac','dqKcAk'),(374,374,'egoodbannead','heS0nbNqBZ8A'),(375,375,'sissacoffae','Op2zhxb'),(376,376,'fdobbingsaf','CtxwUUl1v'),(377,377,'serdelyag','vubeQiu'),(378,378,'ehurdedgeah','7hGYvoO'),(379,379,'cwernherai','i8Z1pv68'),(380,380,'cdaniellsaj','TTDOM3'),(381,381,'wsleafordak','cYEQD9YA42e'),(382,382,'ocodringtonal','dtRBxz0JD'),(383,383,'rjaquestam','ugy8tSRF'),(384,384,'cerangyan','8umhoNbx'),(385,385,'mshyresao','6gJAgg55'),(386,386,'bgiacomiap','NlXpC8vODZNI'),(387,387,'spiggotaq','0jUvtoH5Uiof'),(388,388,'cnealeyar','CfmRuk0'),(389,389,'cmarkhamas','iPOfEg'),(390,390,'plabeuilat','TiiSDoq1XF'),(391,391,'dgentschau','PVZh5Y7II'),(392,392,'kfattoriniav','k8yW8SQ'),(393,393,'fministeraw','p6PcKaqtjkBV'),(394,394,'psearjeantax','YtBAdyBDHm'),(395,395,'slovellay','uRc2zwnY7ReQ'),(396,396,'vtotheaz','2Y6Sgaw8bx'),(397,397,'sdanielczykb0','4m1PJqD6PO'),(398,398,'agaynorb1','gkx6BLPbXoU'),(399,399,'tbradwellb2','Lh9FJJgpdH'),(400,400,'adymidowicz657','1Qjbmghjmng'),(401,9,'hswalteridge8','6kzYjZP'),(413,4,'test','testpass');
/*!40000 ALTER TABLE `user_inform` ENABLE KEYS */;
UNLOCK TABLES;
/*!40103 SET TIME_ZONE=@OLD_TIME_ZONE */;

/*!40101 SET SQL_MODE=@OLD_SQL_MODE */;
/*!40014 SET FOREIGN_KEY_CHECKS=@OLD_FOREIGN_KEY_CHECKS */;
/*!40014 SET UNIQUE_CHECKS=@OLD_UNIQUE_CHECKS */;
/*!40101 SET CHARACTER_SET_CLIENT=@OLD_CHARACTER_SET_CLIENT */;
/*!40101 SET CHARACTER_SET_RESULTS=@OLD_CHARACTER_SET_RESULTS */;
/*!40101 SET COLLATION_CONNECTION=@OLD_COLLATION_CONNECTION */;
/*!40111 SET SQL_NOTES=@OLD_SQL_NOTES */;

-- Dump completed on 2020-03-12 17:15:56
